Date,AFG,ALB,ARG,ARM,ASM,AUS,AUT,AZE,BDI,BEL,BGD,BGR,BIH,BOL,BRA,BRB,BTN,CAN,CHL,CHN,COD,COL,COM,CRI,CUB,CYP,DEU,DMA,DOM,DZA,ECU,EGY,ESP,ETH,FJI,FRA,GBR,GEO,GHA,GIN,GLP,GRC,GTM,GUM,HND,HRV,HTI,HUN,IDN,IND,IRN,IRQ,ISL,ISR,ITA,JAM,JOR,JPN,KAZ,KEN,KGZ,KOR,LAO,LBN,LBY,LCA,LKA,MAR,MDV,MEX,MKD,MMR,MNG,MOZ,MTQ,MWI,MYS,NIC,NLD,NPL,NZL,OWID_GFR,OWID_SRM,OWID_USS,OWID_WRL,OWID_YAR,OWID_YGS,PAK,PAN,PER,PHL,PNG,POL,PRI,PRT,ROU,RUS,RWA,SDN,SLB,SLV,SOM,SRB,SVN,SYC,SYR,THA,TJK,TKM,TLS,TON,TTO,TUN,TUR,TWN,TZA,UGA,USA,UZB,VEN,VUT,WLF,WSM,YEM,ZAF
1900,,,,,,,,,,,,,,,,,,,,,,,,,,,,,,,,,,,,,,,,,,,,,,,,,,,,,,,,,,,,,,,,,,,,,,,,,,,,,,,,,,,,,140.0,,,,,,,,,,,,,,,,,,,,,,,,,,,,,140.0,,,,,,,,,,,
1901,,,,,,,,,,,,,,,,,,,,,,,,,,,,,,,,,,,,,,,,,,,,,,,,,,,,,,,,,,18.0,,,,,,,,,,,,,,,,,,,,,,,,,,,18.0,,,,,,,,,,,,,,,,,,,,,,,,,,,,,,,,,,,,,,,,
1902,,,,,,,,,,,,,,,,,,,,2500.0,,,,,,,,,,,,,,,,,,,,,,,2000.0,,,,,,,,,,,,,,,,,,,,,,,,,,,,,,,,,,,,,,,,,4648.0,9148.0,,,,,,,,,,,,,,,,,,,,,,,,,,,,,,,,,,,,,,,,
1903,,,,,,,,,,,,,,,,,,,,,,,,,,,,,,,,,,,,,,,,,,,,,,,,,,,350.0,,,20.0,,,,,,,,,,,,,,,,,,,,,,,,,,,,,,,6630.0,,,,,,,,,,,,,,,,,,,,,,,,,,,,,6260.0,,,,,,,,,,,
1904,,,,,,,,,,,,,,,,,,,,,,,,,,,,,,,,,,,,,,,,,,4.0,,,,,,,,,,,,,,,,,,,,,,,,,,,,,,,,,,,,,,,,,,,152.0,,,,,,,,,,,,,,,,,,,,,,,,,,,,,,148.0,,,,,,,,,,
1905,,120.0,,,,,,,,,,,,,,,,,,0.0,,,,,,,,,,,,,,,,,,,,,,,,,,,,,,20000.0,,,,,557.0,,,11.0,,,,,,,,,,,,,,,,,,,,,,,,,,,20688.0,,,,,,,,,,,,,,,,,,,,,,,,,,,,,,,,,,,,,,,,
1906,,,,,,,,,,,,,,,,,,,20000.0,280.0,,400.0,,,,,,,,,,,,,,,,,,,,,,,,,,,,,,,,,,,,,,,,,,,,,,,,,,,,,,,,,,,,,,,22653.0,,,,,,,,,,,,,,,,,,,,,,,,,,,,,,1273.0,,,700.0,,,,,,,
1907,,,,,,,,,,,,,,,,,,,,12000.0,,,,,,,,,,,,,,,,,,,,,,,,,,,,,,,,,,,,1200.0,,41.0,,,,,,,,,,,,,,,,,,,,,,,,,,,13241.0,,,,,,,,,,,,,,,,,,,,,,,,,,,,,,,,,,,,,,,,
1908,,,,,,,,,,,,,,,,,,,,,,,,,,,,,,,,,,,,,,,,,,,,,,,,,,,,,,,75000.0,,,,,,,,,,,,,,,,,,,,,,,,,,,,,,75000.0,,,,,,,,,,,0.0,,,,,,,,,,,,,,,,,,,,,,,,,,,,,
1909,,,,,,,,,,,,,,,,,,,,21.0,,,,,,,,,,,,,,,,46.0,,,,,,,,,,,,,,,5000.0,,,,,,,41.0,,,,,,,,,,100.0,,,,,,,,,,,,,,,,,5478.0,,,231.0,,,,,,,30.0,,,,,,,,,,,,,,,,,,,,9.0,,,,,,,,,,
1910,,,,,,,,,,,,,,,,,,,,,,,,2450.0,,,,,,12.0,,,,,,,,,,,,,,,,,,,,,,,,,,,,,,,,,,,,,,,,,,,,,,,,,,,,,,,2522.0,,,,,,,,,,,,,,,,,,,,,,,,,,,,,,60.0,,,,,,,,,,
1911,,,,,,,,,,,,,,,,,,,,,,,,,,,,,,,,,,,,,,,,,,,,,,,,,,,700.0,,,,,,,12.0,450.0,,,,,,,,,,,45.0,,,,,,,,,,,,,,90.0,1297.0,,,,,,,,,,,,,,,,,,,,,,,,,,,,,,,,,,,,,,,,
1912,,,,,,,,,,,,,,,,,,,,,,,,,,,,,,,,,,,,,,,,,,,,,,,,,,,,,,,,,,,,,,,,,,,,,,,,,,,,,,,,,,,,,923.0,,,,,,,,,,,,,,,,,,,,,,,,,,,,,923.0,,,,,,,,,,,
1913,,,,,,,,,,,,,,,,,,,,942.0,,,,,,,,,,,,,,,,,,,,,,,,,,,,,138.0,,,,,,,,,,,,,,,,,,,,,,,,,,,,,,,,,,,,1230.0,,,,,150.0,,,,,,0.0,,,,,,,,,,,,,,,,,,,,,,,,,,,,,
1914,,,,,,,,,,,,,,,,,,,,,,,,,,,,,,,,,,,,,,,,,,14.0,,,,,,,20.0,,,,,,120.0,,,94.0,,,,,,,,,,,,,,,,,,,,,,,,,,,4282.0,,,,,34.0,,,,,,,,,,,,,,,,,,,,,,,,4000.0,,,,,,,,,,,
1915,,,,,,,,,,,,,,,,,,,,170.0,,,,,,,,,,,,,,,,,,,,,,,,,,,,,,,,,,,29980.0,,,,,,,,,,,,,,,,,,,,,,,,,,,,,,30156.0,,,,,,,,,,,,,,,,,,,,,,,,,,,,,,,,,6.0,,,,,,,
1916,,,,,,,,,,,,,,,,,,,,,,,,,,,,,,,,,,,,,,,,,,,,,,,,,,,,,,,,,,,,,,,,,,,,,,,,,,,,,,,,,,,,,181.0,,,,,,,,,,,,,,,,,,,,,,,,,,,,,,181.0,,,,,,,,,,
1917,,,,,,,,,,,,,,,,,,,,1800.0,,,,,,,,,,,,,,,,,,,,,,,2650.0,,,,,,15000.0,,,,,,,,,,,,,,,,,,,,,,,,,,,,,,,,,,,,19504.0,,,,,,,,,,,,,,,,,,,,,,,,,,,,,,54.0,,,,,,,,,,
1918,,,,,,,,,,,,,,,,,,,,10000.0,,,,,,,,,,,,,,,,,,,,,,,,,,,,,,,,,,,,,,,,,,,,,,,,,,,,,,,,,,,,,,,,,10216.0,,,,,,100.0,,,116.0,,,,,,,,,,,,,,,,,,,,,,,,,,,,,,,
1920,,200.0,400.0,,,,,,,,,,,,,,,,,180000.0,,,,,,,,,,,,,,,,,,,,,,,,,,,,,,,,,,,1400.0,,,,,,,,,,,,,,,648.0,,,,,,,,,,,,,,,182648.0,,,,,,,,,,,,,,,,,,,,,,,,,,,,,,,,,,,,,,,,
1922,,,,,,,,,,,,,,,,,,,1000.0,,,,,,,,,,,,,,,,,,,,,,,,,,,,,,,,,,,,,,,27.0,,,,,,,,,,,,,,,,,,,,,,,,,,,1032.0,,,,,,,,,,,,,,,,,,,,,,,,,,,,,,5.0,,,,,,,,,,
1923,,,,,,,,,,,,,,,,,,,,5000.0,,300.0,,,,,,,,,,,,,,,,,,,,,,,,,,,,,2647.0,,,,,,,143000.0,,,,,,,,,,,,,,,,,,,,,,,,,,,150947.0,,,,,,,,,,,,,,,,,,,,,,,,,,,,,,,,,,,,,,,,
1924,,,,,,,,,,,,,,,,,,,,100.0,,,,,,,,,,,40.0,,,,,,,,,,,,,,,,,,787.0,,,,,,,,,,,,,,,,,,,,,,,,,,,,,,,,,,,,1037.0,,,,,,,,,,,,,,,,,,,,,,,,,,,,,110.0,,,,,,,,,,,
1925,,,,,,,,,,,,,,,,,,,,5012.0,,,,,,,,,,,,,,,,,,,,,,,,,,,,,,,500.0,,,,,,,395.0,,,,,,,,,,,,,,,,,,,,,,,,,,,6140.0,,,,,,17.0,,,,,,,,,,,,,,,,,,,,,,,203.0,,,,13.0,,,,,,,
1926,,,,,,,,,,,,,,,,,,,,,,,,,,,,,,,,12.0,,,,,,,,,,,,,,,,,,,,,,,,,,,,,,,,,,,,,,,,,,,,,,,,,,,,,12.0,,,,,,,,,,,,,,,,,,,,,,,,,,,,,,,,,,,,,,,,
1927,,,,,,,,,,,,,,,,,,,,40912.0,,,,,,,,,,,,,,,,,,,,,,,,,,,,,50.0,,,,,,,,268.0,3022.0,,,,,,,,,,,,,,,,,,,,,,,,,,,44252.0,,,,,,,,,,,,,,,,,,,,,,,,,,,,,,,,,,,,,,,,
1928,,,,,,,,,,,,107.0,,,,,,27.0,220.0,,,,,,,,,,,,,,,,,,,,,,,103.0,,,,,,,128.0,,,,,,,,,,,,,,,,,,,,,,,,,,,,,,,,,,,,635.0,,,,,,,,,,,0.0,,,,,,,,,,,,,,,,,,50.0,,,,,,,,,,,
1929,,,,,,,,,,,,,,,,,,,,,,,,,,,,,,,,,,,,,,,,,,,,,,,,,,,3253.0,,,,,,,,,,,,,,,,,,,,,,,,,,,,,,17.0,,,,3270.0,,,,,,,,,,,,,,,,,,,,,,,,,,,,,,,,,,,,,,,,
1930,,60.0,,,,,,,,,,,,,,,,,,242.0,,,,,,,,,,,,,,,,,,,,,,,,,,,,,,,1360.0,,,,1901.0,,,259.0,,,,,,,,,,,,,,586.0,,,,,,1000.0,,,,,,151.0,5563.0,,,,,,,,,,,,,,,,,,,,,,,,,,,,,,4.0,,,,,,,,,,
1931,,90.0,,2890.0,,,,,,,,,,,,,,,,10000.0,,,,,,,,,,,,,,,,,,,,,,,,,,,,,,,,,,,,,,,,,,,,,,,,,,,,,,,,,,1000.0,,,256.0,,,,14286.0,,,,,,,,,,,,,,,50.0,,,,,,,,,,,,,,,,,,,,,,,,,
1932,,,,,,,,,,,,,,,,,,,,,,,,,,,,,,,,,,,,,,,,,,151.0,,,,,,,6.0,,1070.0,,,,,,,,,,,,,,,,,,,400.0,,,,,,,,,,,,,,,1627.0,,,,,,,,,,,,,,,,,,,,,,,,,,,,,,,,,,,,,,,,
1933,,,,,,,,,,,,,,,,,,,,10200.0,,,,,,,,,,,,,,,,,,,,,,,,,,,,,,,,,,,10.0,,,3000.0,,,,,,,,,,,,,,,,,,,,,,,,,,,13326.0,,,,,,,,,,,,,,,,,,,,,,,,,,,,,,,,,116.0,,,,,,,
1934,,,,,,,,,,,,,,,,,,,,,,,,,,,,,,,,,,,,,,,,,,,,,,,,,,,,,,,,,,,,,,,,,,,,,,,,,,,,,,,,,,,,,120.0,,,,,,,,,,,0.0,,,,,,,,,,,,,,,,,,120.0,,,,,,,,,,,
1935,,,,,,,,,,,,,,,,,,,,100.0,,,,,,,,,,,,,,,,,,,,,,,,,,,,,,,750.0,,,,,,,,,,,,,,,,,,,,,,,,,,,,,,,,,,67412.0,,,60000.0,,,,,,,,,,,,,,,,,,,,,,,,,,540.0,6022.0,,,,,,,,,,
1936,,,,,,,,,,,,,,,,,,,,145.0,,18.0,,,,,,,,,,,,,,,,,,,,,,,,,,,26.0,,12.0,,,,,,,,,,,,,,,,,,,,,,,,,,,,,,,,,,611.0,,,,,,,,,,,,,,,,400.0,,,,,,,,,,,,,,10.0,,,,,,,,,,
1937,,,,,,,,,,,,,,,,,,,,390.0,,,,,,,,,,,,,,,,,,,,,,,,,,,,,,,,,,,,,,,,,,,,,,,,,,34.0,,,,,,,,,,,,,,,425.0,,,,,,1.0,,,,,,,,,,,,,,,,,,,,,,,,,,,,,,,,,,
1938,,,,,,,,,,,,,,,,,,,,,,,,,,,,,,,,,,,,,,,,,,,,,,,,,0.0,,,,,,,,,,,,,,,,,,,,,,,,,,,,,,,,,,,,149.0,,,,,,,,,,,,,,,,,,,,,,,,,,,,,149.0,,,,,,,,,,,
1939,,,,,,,,,,,,,,,,,,,30000.0,,,,,,,,,,,,,,,,,,,,22.0,,,,,,,,,,,,,,,,,,,27.0,,,,,,,,,,,,,,,,,,,,,,,,,,,63121.0,,,,,37.0,,,,,,,,,,,,,,,,,,,,,,,,33035.0,,,,,,,,,,,
1940,,,,,,,,,,,,,,,,,,,,181.0,,,,,,,,,,,,,,,,,,,,,,,,,,,,,,,,,,,,,,,,,,,,,,,,,,,,,,,,,,,,,,,,,1402.0,,,,,179.0,,,,,,980.0,,,,,,,,,,,,,,,,,,53.0,,,,9.0,,,,,,,
1941,,,,,,,,,,,,,,,,,,,,147.0,,,,,,,,,,,,,,,,,,,,,,,,,,,,,,,730.0,,,,,,,,,,,,,,,,,,,,,15.0,,,,,,,,,,,,,2856.0,1200.0,,,,,,,,,,,,,,,,,,,,,,,,,,,,445.0,319.0,,,,,,,,,,
1942,,43.0,,,,,,,,,,,,,,,,,,120.0,,,,,,,,,,,200.0,,,,,,,,,,,,,,,,,,,,,,,,,,,,,,,,,,,,,,,,,,,,,,,,,,,,,,3426.0,,,,,30.0,,,,,,,,,,,,,,,,,,,,,,,,3033.0,,,,,,,,,,,
1943,,,,,,,,,,,,,,,,,,,12.0,,,,,,,,,,,,,,,,,,,,,,,,,,,,,,213.0,,,,,,,,,1400.0,,,,,,,,,,,,,,,,,,,,,,,,,,,6984.0,,19.0,,,200.0,,,,,,,,,,,,,,,,,,,,,,,,5140.0,,,,,,,,,,,
1944,,,10000.0,,,,,,,,,,,,,,,,,,,,,,,,,,,,,,,,,,,,,,,,,,,,,,,,20.0,,,,,,,1223.0,,,,,,,,,,,,,,,,,,,,,,,,,,,15250.0,,,,,,,,,,,,,,,,,,,,,,,,,,,,,4007.0,,,,,,,,,,,
1945,,,,,,,,,,,,,,,,,,,,17.0,,,,,,,,,,,,,,,,,,,,,,,,,,,,,,,20.0,,,,,,,2306.0,,,,,,,,,,,,,,,,,,,,,,,,,,,6943.0,,,4000.0,,,,,,,,0.0,,,,,,,,,,,,,,,,,,600.0,,,,,,,,,,,
1946,,,,,,,,,,,,,,,,,,,2.0,,,,,,,,,,73.0,276.0,,,,,,,,,,,,,,,,,,,,,,,,,,,,2000.0,,,,,,,,,,,,,,,,,,,,,,,,,,400.0,5226.0,,,,,1400.0,,,,,,,,,,,,,,,,,,,,,,,,852.0,58.0,,,165.0,,,,,,,
1947,,,,,,,,,,,,,,,,,,,,,,,,,,,,,,,,,,,,,,,,,,3.0,,,,,,,,,400.0,,,,,,,,,,,,,,,,,,,,,,,,,,,,,,,,,,636.0,,,,,233.0,,,,,,,,,,,,,,,,,,,,,,,,,,,,,,,,,,,
1948,,,,,,,,,,,,,,,,,,,,910.0,,,,,,,,,,,,,,,,,,,,,,2.0,,,,,,,,,200.0,,,,,,,5131.0,,,,,,,,,,,,,,,,,,,,,,,,,,110000.0,116315.0,,,,,,72.0,,,,,,,,,,,,,,,,,,,,,,,,,,,,,,,,,,
1949,,,,,,,,,,,,,,,,,,,41.0,21.0,,,,,,,,,,,6000.0,,,,,,,,,,,,,,,,,,,,,,,,,,,,,,,,,,,,,,,,,,,,,,,,,,,,,3500.0,9890.0,,,,,,,,,,,,,,,,,,,,,,,,,,,,,320.0,,,,8.0,,,,,,,
1950,,,,,,,,,,,,,,,,,,,,,,211.0,,,,,,,,,,,,,,,,,,,,,,,,,,,16.0,1500.0,20.0,,,,,,,,,,,,,,,,,,,,,,,,,,,,,,,,,,1950.0,,,,,83.0,,,,,,,,,,,,,,,,,,,,,,,,20.0,,,,,,100.0,,,,,
1951,,,,,,,,,,,,,,,,,,,,0.0,,,,,,,,,,,,,,,,,,,,,,,,,,,,,,,,,,,,,,,,,,,,,,,,,,,,,,,,,,500.0,,,,,,,4739.0,,,,,,,3000.0,,,,,,,,,1100.0,,,,,,,,,,,,,54.0,85.0,,,,,,,,,,
1952,,,,,,,,,,,,,,,,,,,,54.0,,,,29.0,,,,,,,,,,,,,,,,,,,,,,,6.0,,,,,,,,,,,33.0,,,,,,,,,,,,,,,,,,,,,,,,,,0.0,353.0,,,,,,,,,,,,,,,,,,,,,,,,,,,,,217.0,,,,14.0,,,,,,,
1953,,,,,,,,,,,,,,,,,,,15.0,,,,,,,40.0,,,,,,,,,,,,,,,,476.0,,,,,,,,,981.0,,,,,,,,,,,,,,,,,,,,,,,,,,,,,,,,,,2758.0,,,,,9.0,,,,,,,,,,,,,,,,,,,,,,,,1237.0,,,,,,,,,,,
1954,2000.0,,,,,,,,,,,,,,,,,,,,,,,,,,,,,1250.0,,,,,,,,,,,,56.0,,,,,,,,,,,,,,,,,,,,,,,,,,,,,,,,,,,,,,,,,,,3319.0,,,,,,13.0,,,,,,,,,,,,,,,,,,,,,,,,,,,,,,,,,,
1955,,,,,,,,,,,,,,,,,,,,39.0,,,,10.0,,,,,,,,20.0,,,,,,,,,,8.0,,,,,,,,,,,,,,,,,,,,,,,,,,,,,,,,,,,,,,,,,,,489.0,,,12.0,,,400.0,,,,,,,,,,,,,,,,,,,,,,,,,,,,,,,,,,
1956,100.0,,,,,,,,,,,,,,,,,,,,,,,,,,,,,,,,11.0,,,,,,,,,53.0,,,,,,,,113.0,350.0,,,,,,,,,,,,,136.0,,,,,,,,,,,,,,,,,,,,,763.0,,,,,,,,,,,,,,,,,,,,,,,,,,,,,,,,,,,,,,,,
1957,,,,,,,,,,,,,,,,,,,,,,,,,,,,,,,,,,,,,,,,,,,,,,,,,,,5544.0,,,,,,,,,,,,,,,,,,,160.0,,,1200.0,,,,,,,,,,,,6970.0,,,,,,,,,,,,,,,,,,,,,,,,,,,,13.0,53.0,,,,,,,,,,,
1958,,,,,,,,,,,,,,,,,,,0.0,,,111.0,,,,,,,,,,,,,,,,,,,,,,,,,,,8.0,,191.0,,,,,,,,,,,,,,,,,,,,,,,,,,,,,,,,,,338.0,,,,,28.0,,,,,,,,,,,,,,,,,,,,,,,,,,,,,,,,,,,
1959,,,,,,,,,,,,,,,,,,,,,,,,,,,,,,,,,,,,,,,,,,,,,,,,,,,,,,,,,,,,,,,,,,,,,,25.0,,,,,,,,,,,,,,,69.0,,,,,,,,,,,,,,,,,,,,,,,,,,,,,,16.0,,,28.0,,,,,,,
1960,,,,,,,,,,,,,,,,,,,6000.0,,,,,,,,,,,57.0,,,,,,,,,,,,,,,,,,,,,480.0,,,,,,,138.0,,,,,,,,,,13100.0,,,,,,,,,,,,,,,,,19931.0,,,,,63.0,32.0,,,,,,,,,,,,,,,,,,,,,,,,,,,61.0,,,,,,,
1961,,,,,,,,,,,,,,,,,,,,,,,,,,,,,,,,,,30.0,,,,,,,,,,,,,,,,,60.0,,,,,,,10.0,,,,,,,,,,,,,,,,,,,,,,,,,,,100.0,,,,,,,,,,,,,,,,,,,,,,,,,,,,,,,,,,,,,,,,
1962,,15.0,,,,,,,,,,,,,,,,,,,,47.0,,,,,,,,,,,,,,,,,,,,,,,,,,,,,12000.0,,,,16.0,,,,,,,,,,,,,,,,,,,,,,,,,,,,,,12078.0,,,,,,,,,,,,,,,,,,,,,,,,,,,,,,,,,,,,,,,,
1963,,,,,,,,,,,,,,,,,,,,,,,,,,,,,,,,,,,,,,,,,,,,,,,,,,,,,,,,,,,,,,,,,300.0,,,,,,,,,,,,,,,,,,,,1385.0,,1070.0,,,,,,,,,,,,,,,,,,,,,,,,,,,,15.0,,,,,,,,,,
1964,,,,,,,,,,,,,,,,,,,,,,,,,,,,,,,,,,,,,,,,,,,,,,,,,,,,,,,,,,25.0,,,,,,,,,,,,45.0,,,,,,,,,,,,,,,335.0,,,,,,,,,,0.0,,,,,,,,,,,,,,,,,,,23.0,107.0,4.0,,131.0,,,,,,,
1965,,,,,,,,,,,,,,,,,,,400.0,,,,,,,,,,,2.0,,,,,,,,,,,,70.0,,,,,,,71.0,,20.0,,,,,,,,,,,,,,,,,,,,,,,,,,,,,,,,,,695.0,,,,,,,,,,,,,,,,125.0,,,,,,,,,,,,,,,,,7.0,,,,,,,
1966,,,,,,,,,,,,,,,,,,,4.0,,24.0,,,,,,,,,,,,,,,,,,,,,2.0,,,,,,,,15.0,,,,,,,,,,,,,,,,,,,,,,,,,,,,,,80.0,,,,10.0,2789.0,,,,,120.0,,,,,,,,,,,,,,,,,,,,,,,,2430.0,,,104.0,,,,,,,,
1967,,11.0,,,,,,,,,,,,,,,,,,0.0,,81.0,,,,,,,,10.0,,,,,,1.0,,,,,,9.0,,,,,,,139.0,177.0,,,,,,,,,,,,,,,,,,,,,,,,,,,,,,,,,,,955.0,,7.0,,,,,,,,,,,,,,,,,,,,,,,,,,,280.0,,,,,,240.0,,,,,
1968,,,,,,0.0,,,,,,,,,,,,,,,,,,,,,,,,,,,,,,,,,,,,19.0,,,,,,,200.0,,10738.0,,,,224.0,,,47.0,,,,,,,,,,,,33.0,,,,,,,,0.0,,,3.0,,,,11571.0,,1.0,,,11.0,271.0,,,,,,,,,,,,,,,,,,,,,,,24.0,,,,,,,,,,,
1969,,,,,,,,,,,,,,,,,,,,3000.0,,,,,,,,,,,,2.0,,24.0,,,,,,,,,,,,,,,64.0,,50.0,,,,,,,,,,,,,,,,,11.0,,,,,,,,,,,,,,,,,3380.0,,15.0,,,150.0,,,,,2.0,,,,,,,,,,,,,,,,,,,53.0,,,,,,,,,,,9.0
1970,,,,,,,,,,,,,,,,,,,,10000.0,,0.0,,,,,,,,,29.0,,,,,,,,,,,,,,,,,,,26.0,176.0,,,,,,,,,,,,,,,,,,,,,,,,,,,,,,,,,,78181.0,,,,,66835.0,14.0,15.0,,,,,,,,,,,,,,,,,,,,,,1086.0,,,,,,,,,,,
1971,,,,,,,,,,,,,,,,,,,85.0,,,,,,,,,,,,,,,,,,,,,,,,,,,,,,1.0,,,,,,22.0,,,,,,,,,,,,,,,,,,,,,,,,,,,,,,1108.0,,,,,,,,,,,,,,,,,,,,,,,,,,,,,935.0,,,,65.0,,,,,,,
1972,11.0,,,,,,,,,,,,,,,,,,,,,,,,,,,,,,,,,,,,,,,,,,,,,,,,,,5057.0,,,,3.0,,,,,,,,,,,,,,,,,,,,,,,10000.0,,,,,,,15183.0,,,100.0,,12.0,,,,,,,,,,,,,,,,,,,,,,,,,,,,,,,,,,,
1973,,,,,,,,,,,,,,,,,,,,0.0,,,,21.0,,,,,,,,,,,,,,,,,,,,,,,,,,,,,,,,,,0.0,,,,,,,,,,,,556.0,,,,,,,,,,,,,,,591.0,,,,,,14.0,,,,,,,,,,,,,,,,,,,,,,,,,,,0.0,,,,,,,
1974,,,,,,,,,,,,,,,,,,,,20000.0,,11.0,,,,,,,,,,,,,,,,,,,,,,,,,,,,,,,,,,,,30.0,,,,,,,,,,,,,,,,,,,,,,,,,,,24829.0,,,4700.0,,88.0,,,,,,,,,,,,,,,,,,,,,,,,,,,,,,,,,,,
1975,,,,,,,,,,,,,,,,,,,,2000.0,,,,,,,,,,,,,,,,,,,,,,,,,,,,,,47.0,,,,,,,,,,,,,,,,,,,,,,,,,,,,,,,,,,,4632.0,,,,,,,,,,,,,,,200.0,,,,,,,,,,,,,,2385.0,,,,0.0,,,,,,,
1976,50.0,,,,,,,,,,,,,,,,,,,242000.0,,,,,1.0,,,,,,20.0,,,,,,,,,,,,23000.0,,,,,,1126.0,,16.0,,1.0,,945.0,,,,,,,,,,,,,,,,,,,,,,,,,,0.0,,,0.0,277005.0,,,,,,6000.0,,,,,,,,,,,,,,,,,,,,,,,3846.0,,,,,,,,,,,
1977,,,70.0,,,,,,,,,20.0,,,,,,,,,,,,,,,,,,,,,,,,,,,,,,,,,,,,,187.0,,1114.0,,,,,,,,,,,,,,,,,,,,,,,,,,,,,,,,,,3098.0,,,,,,1.0,,,,,1641.0,,,,34.0,,,,,,,,,,,1.0,,,30.0,,,,,,,,,,,
1978,,,,,,,,,,,,,,,,,,,,,,,,,,,,,,,,,,,,,,,,,,50.0,,,,,,,,,25045.0,,,,5.0,,,53.0,,,,,,,,,,,,9.0,,,,,,,,,,,,0.0,,,25162.0,,,,,,,,,,,,,,,,,,,,,,,,,,,,,0.0,,,,,,,,,,,
1979,,35.0,,,,,,,,,,,,,,,,,,42.0,,639.0,,,,,,,,,,,,,,11.0,,,,,,,0.0,,,,,,638.0,,565.0,,,,5.0,,,,,,,,,,,,,,,5.0,,,,,,,,,,,,,,,2074.0,,121.0,,,13.0,,,,,,,,,,,,,,,,,,,,,,,,0.0,,,,,,,,,,,
1980,,,,,,,,,,,,,,,,,,,,,,,,,,,,,,2633.0,8.0,,,,,,,,,,,1.0,,,,,,,0.0,13.0,50.0,,,,4689.0,,,2.0,,,,,,,,,,,,67.0,,,,,,,,,,100.0,,,,,7639.0,,0.0,,,7.0,,,,,69.0,,,,,,,,,,,,,,,,,,,,,,,,,0.0,,,,,
1981,,,,,,,,,,,,,,,,,,,,150.0,,10.0,,,,,,,,,,,,,,,,,,,,24.0,,,,,,,306.0,,3200.0,,,,12.0,,,,,,,,,,,,,,,3.0,,,,,,,,,,,,,,,3979.0,,0.0,256.0,,18.0,,,,,,,,,,,,,,,,,,,,,,,,,,,,,,,,,,,
1982,500.0,1.0,,,,,,,,,,,,,,,,,,10.0,,,,,,,,,,,,,,,,,,,,,,,,,0.0,,,,13.0,,,,,,0.0,,,110.0,,,,,,,,,,,,19.0,,,,,,,,,,,,,,,2183.0,1507.0,,,,3.0,,,0.0,,,,,,,,20.0,,,,,,,,,,,,,,,,,,,,,,,,
1983,12.0,,,,,,,,,2.0,,,,,,,,,4.0,34.0,,250.0,,12.0,,,,,,,,,,,,,,,,443.0,,0.0,,,,,,,2.0,,33.0,,,,0.0,,,103.0,,,,,,,,,,,,,,,,,,,,,,,,,,0.0,2294.0,,12.0,,,10.0,19.0,10.0,,,,,,,,,,,,,,,,,,,,,,1346.0,,,,2.0,,,,,,,
1984,1.0,,,,,,,,,,,,,,,,,,,,,,,,,,,,,,,,,,,,,,,,,,,,,,,,2.0,20.0,,,,,7.0,,,20.0,,,,,,,,,,,,,,,,,,,,,,,,,,0.0,60.0,,,4.0,,,,,,,,,,,,,,,,,,,,,,,,,,6.0,,,,,,,,,,,
1985,,,6.0,,,,,,,,,,,,,,,,180.0,89.0,,,,,,,,,,30.0,,,,,,,,,,,,,0.0,,,,,,10.0,,1.0,,,,,,,,,,,,,,,,,,,9500.0,,,,,,,,,,,,,,29.0,9852.0,,0.0,5.0,,0.0,2.0,0.0,,,,,,,,,,,,,,,,,,,,,,0.0,,,,,,,,,,,
1986,,,,,,,,,,,,3.0,,,1.0,,,,,0.0,,,,,,,,,,,,,,,,,,,,,,20.0,0.0,,,,,,,6.0,1.0,,,,,,,,,,,,,,,,,,,,,,,,,,,,,,,,,3.0,1181.0,,,0.0,,16.0,,0.0,,,,,,,,,1100.0,,,,,,,,,,,,,15.0,13.0,,,0.0,,3.0,,,,,
1987,,,,,,,,,,,,,,,,,,,5.0,0.0,,,,,,,,,,1.0,5002.0,,,,,,,,,,,,,,,,,,127.0,,2.0,,,,,,,2.0,,,,,,,,,,,,2.0,,,,,,,,,,,1.0,,,,5151.0,,,,,,,1.0,,,,,,,,,,,,,,,,,,,,,,,,,,8.0,,,,,,,
1988,,0.0,,,,,,,,,2.0,,,,,,,,,939.0,,,,,,,,,,0.0,,,,,,,,,,,,0.0,5.0,,,,,,,382.0,1.0,,,,,,,,,,,,,,,,,,,,,,,,,,,,,709.0,,,,25000.0,27039.0,,,,,,,,,,,,,,,1.0,,,,,,,,,,,,,,,,,0.0,,,,,,,,
1989,,,,,,12.0,,,,,1.0,,,,,,,,,42.0,,,,,,,,,,22.0,,,,,,,,,,,,,,,,,,,120.0,,100.0,,,,,,,,,,,,,,,,,,,3.0,,,,,,9.0,,,,,,,,274.0,650.0,,,,,,,,,,,,,,,,,,,,,,,,,,,,,,,,,67.0,,0.0,,,,,
1990,,,,,,,,,,,,1.0,,,,,,,,127.0,,,,1.0,,,,,,,4.0,,,,0.0,,0.0,,,,,1.0,,,,,,,6.0,,40021.0,,,,21.0,,,,,0.0,,,,,,,,,,,,,,,,,,0.0,,,,,,5.0,42845.0,,,22.0,,200.0,2417.0,0.0,,,,9.0,,,0.0,,,,,,,,,,,,,,,,,,0.0,0.0,,,0.0,,,,10.0
1991,154.0,,,,,,,,,,,,,,,,,,,1.0,,2.0,,47.0,,,,,,,,,,,,,,8.0,,,,,14.0,,,,,,28.0,1500.0,0.0,20.0,,,,,,,,,,,,,,,,,,,,0.0,,,,,,,,,,,,274.0,2454.0,,,300.0,30.0,64.0,,,,,,0.0,,,,,,,,,,,,,,,,,,,,,,2.0,,,,,,10.0,
1992,14.0,,,,,,,,,0.0,,,,,,,,,,0.0,9.0,11.0,,,0.0,,1.0,,,0.0,,552.0,,,,,,1.0,,,,,,,,,,,2500.0,,5.0,,,,,,,0.0,,,58.0,,,,,,,,,,,,,,,,,179.0,0.0,,,,,,4033.0,,,40.0,,,,,,,,,,,,,,,,,,,,,,,,,,653.0,,,,1.0,9.0,,,,,,
1993,,,,,,,,,,,,,,,,,,,,0.0,,2.0,,3.0,,,,,,,,,,,,,,,,,,1.0,,0.0,,,,,,9748.0,24.0,,,,,,,241.0,,,,,,,,,,,,0.0,,,,,,,,,,0.0,,,,,10088.0,,,,,6.0,,53.0,,,,,,,3.0,,,,,,,,,,,,,,,,,,,2.0,,,,5.0,,,
1994,160.0,,,,,0.0,,,,,,,,5.0,,,,,,1.0,,271.0,,,,,,,,171.0,,,,,,,,,,,,,,,,,,,454.0,,14.0,,,,,,,7.0,,,,,,,,,,,,,,,,,,,,,,,,,,,1242.0,,,,,,81.0,,,,,,11.0,,,,,,,,,,,,,,,,,,,,7.0,60.0,,,0.0,,,,
1995,,,,,,,,,,,,,,,,,,,3.0,71.0,,55.0,,,,2.0,,,,,3.0,10.0,,,,,,,,,,52.0,,,,,,,99.0,,,,,,,,,5297.0,,,,,,,,,,,,64.0,,0.0,,,,,,,,,,,,,7739.0,,,,,,0.0,,,,,,1989.0,,,,,,,,,,0.0,,,,,,,94.0,,,,,,,,,,,
1996,0.0,,,,,,,,,,,,,,,,,,,353.0,,,,,,,,,,,27.0,,,,,,,,,,,0.0,,,,0.0,,,175.0,,,,,,,,,,,,,,,,,,,,,,,,,,,,,,,,,,,,576.0,,,,,21.0,,,,,,,,,,,,,,,,,,,,,,,,0.0,,,,,,,,,,,
1997,5.0,,,0.0,,,,,,,23.0,,,,,,,,8.0,32.0,,,,,,,,,,,,,,,,,,,,,,,,,,,,,20.0,43.0,2768.0,,,,14.0,,,,,,0.0,,,,,,,,,1.0,,,,,,,,,,,,,,,3059.0,,,50.0,,,,,,,,,,,,,,,,,,,,,,,,0.0,,,,,,,,80.0,0.0,,,,15.0
1998,7023.0,0.0,,,,,0.0,1.0,,,,,,95.0,,,,,,55.0,,,,,,,,,,,3.0,,,,,,,,,,,,,,,,,,34.0,,22.0,,,,0.0,,,,,,,,,,,,,,,,,,,,,,,0.0,,,,,,,9573.0,,,1.0,,,,2182.0,,,10.0,,,,,,,,,0.0,,,,,,,,,,147.0,,,,,,,,,,,
1999,70.0,,,,,,,1.0,,,6.0,,,,,,,,,0.0,,1186.0,,,,,,,,22.0,,,0.0,,,,,,,,,143.0,2.0,,,,,,5.0,100.0,21.0,,,,,,,,,,,,,,,,,,,46.0,,,,,,,,,,,,,,,21869.0,,,,,1.0,6.0,,,,,,1.0,,,,,,,,,,,,,,,,,17982.0,2265.0,,,,,,12.0,,,,
2000,,,,,,,,31.0,,,0.0,,,,,,,,,9.0,,2.0,,,,,,,,,,,,,,,,,,,,0.0,,,,,,,149.0,,1.0,,0.0,,,,,1.0,,,,,,,,,,,,0.0,,,,,,,,7.0,,,,,,,217.0,,,,,,,2.0,,,,,0.0,,,,,,,,,,,0.0,11.0,,,,,3.0,,1.0,,0.0,,,,,,,
2001,4.0,,,,,,,,,,,,,,,,,,,8.0,,,,,,,,,,,,,,,,,,,,,,0.0,6.0,,,,,,0.0,20005.0,0.0,,,,,,,2.0,,,,,,,,,,,,,,,,,,,,,,,,,,,21348.0,,,12.0,,151.0,,0.0,,,,,,,,,1159.0,,,,,,,,,,,,,0.0,,0.0,,1.0,,,,,,,
2002,1200.0,,0.0,,,,,,,,,,,,,,,,,2.0,,,,,,,,,,,,0.0,,,,,,6.0,,,,0.0,,,,,,,11.0,2.0,230.0,,,,32.0,,,,,,,,,,,,,,,,,,,,,,,,,,,,1.0,,1639.0,,,39.0,,,15.0,5.0,,,,,,45.0,,,,,,,,,,3.0,,,,,,42.0,4.0,2.0,,,,,0.0,,,,
2003,1.0,,,,,,,,,,2.0,,,,,,,,,317.0,,,,2.0,,,,,3.0,2275.0,,,,,,,,,,,,0.0,,,,,,,1.0,,26797.0,,,,0.0,,,2.0,3.0,,,,,,,,,,,29.0,,,,,,,,,,,,,,,29617.0,,,,2.0,,,,,,,,3.0,,,,,,,,,,,,,,,,,178.0,,,,2.0,,,,,,,
2004,2.0,,,,,,,,3.0,,2.0,,,,,,,,,4.0,,1.0,,8.0,,,0.0,0.0,,0.0,,,,,,,,,,,1.0,,,,,,,,165816.0,16389.0,35.0,,,,,,,40.0,,1.0,,,,,,,35399.0,628.0,102.0,,,71.0,,,,,80.0,,,,,,,,227290.0,,,24.0,,,,,,,,,0.0,,,,,298.0,,1.0,3.0,,8345.0,0.0,,,,,,27.0,,10.0,,,,,,,,,
2005,6.0,,,,,,,,,,,,,,,,,,11.0,16.0,6.0,,,,,,,,,,,,,,,,,,,,,,,,,,,,916.0,1309.0,625.0,,,,,,,1.0,,,,,,,,,,,,,,,,,,,,,,,,,,,76241.0,,,73338.0,,5.0,,1.0,,,,,,,,,1.0,,,,,,,,,,,,,2.0,,2.0,,,,,,,,,2.0
2006,1.0,,,,,,,,,,,0.0,,,,,,,,23.0,,,,,,,,,,4.0,,,,,,,,,,,,,,,,,,,6592.0,,63.0,,,,,,,,,,0.0,,,,,,,,,,,,,4.0,,,,,,,,,,,6692.0,,,,,,,,,,,,0.0,,,,0.0,,,,,,,3.0,,,,,,,2.0,,,0.0,,,,,,,
2007,,,,,,,,,,,,,,,1.0,0.0,,,12.0,3.0,,0.0,,,,,,,,,,,,,,,0.0,,,,,,,,0.0,,,,95.0,,,,,,,,,10.0,,,,,,,,0.0,,,,,,,,,1.0,,,,,,,,,,780.0,,,,,593.0,,,,,,,2.0,,,52.0,,,,,,,,11.0,,,,,,,,,,,,,,,,,
2008,,,,,,,,,,,,,,,,,,,,87564.0,11.0,11.0,,,,,,,,,,,,,,,,,,,,2.0,,,,,,,11.0,,6.0,,,,,,,24.0,,,74.0,,,,,,,,,,,,,,,,,,,,,,,,87918.0,,,166.0,,,,,,,,,13.0,36.0,,,,,,,,,,,,,,,,,,,,0.0,,,,,,,
2009,22.0,0.0,,,34.0,,,,,,,,,,,,11.0,,,1.0,,,,31.0,,,,,,,,,,,,,,0.0,,,,,,,7.0,,,,1330.0,,0.0,,,,295.0,,,1.0,,,,,,,,,,,,,,,,,,4.0,,,,,,,,,1893.0,,,,,,0.0,,,,,,,,,,,,,,,,,,,,9.0,,,,,,,,,,,,148.0,,
2010,11.0,,,,,,,,,,,,,,,,,,562.0,2977.0,,,,,,,,,,,,,,,,,,,,,,,,,,,222570.0,,547.0,,11.0,,,,,,,,,,,,,,,,,,,2.0,,,,,,,,,,,0.0,,,,226733.0,,,,,,,,,,,,,,,0.0,,,2.0,,,,,0.0,,,,,,51.0,0.0,,,0.0,,,,,,,
2011,,,,,,,,,,,,,,,,,1.0,,,32.0,,,,,,,,,,,,,10.0,,,,,,,,,,3.0,,,,,,11.0,112.0,,,,,,,,19848.0,,,0.0,,,,,,,,,2.0,,74.0,,,,,,,,7.0,182.0,,,,20946.0,,,2.0,,1.0,0.0,,,,,,,,,,,,,,,,1.0,0.0,,,,,,647.0,,,,,13.0,,,,,,
2012,73.0,,,,,,,0.0,,,,0.0,,,,,,,1.0,86.0,,,,2.0,,,,,,,,,,,,,,,,,,,44.0,,,,,,13.0,,312.0,,,,24.0,,,,,,,,,,,,,,,2.0,,38.0,,,,,,,,,,,,,711.0,,,,,0.0,114.0,,,,,,,,,,,,,,,,,2.0,,,,,,,,,,,,,,,,,
2013,18.0,,,,,,,,,,,,,,,,,,,296.0,,0.0,,,,,,,,,,,,,,,,,,,,,1.0,,,,,0.0,50.0,3.0,45.0,,,,,,,0.0,,,,,,,,,,,,,,,,,,,,,,,0.0,,,,1120.0,,,462.0,,0.0,230.0,,,,,,,,,10.0,,,,,,,,,,,,,,,5.0,,,,,,,,,,
2014,,,,,,,,,,,,,,,,,,,6.0,738.0,,,0.0,,,,,,,6.0,3.0,,,,,,,,,,,3.0,1.0,,,,,,,,1.0,,,,,,,0.0,,,,,,,,,,,,3.0,,,,,,,,2.0,,,,,,,774.0,,,,,8.0,,,,,,,,,,,,,,,,,1.0,,,,,,,0.0,,,,1.0,,,,,,,1.0
2015,115.0,,,,,,,,,,4.0,,,,,,,,19.0,33.0,3.0,0.0,,,,,,,,,,,,,,,,,,,,,,,,,,,0.0,98.0,,,,,,,,,,,0.0,,,,,,,,,,,,,,,,24.0,,,8969.0,,,,,9550.0,,,283.0,,,,,,,,,,,,,,,,,,,,2.0,,0.0,,,,,,,,,,,,,,,
2016,,,,,,,,,,,5.0,,,,,,,,,3.0,,,,,,,,,,,673.0,,,,,,,,,,,,,,,,,,104.0,8.0,,,,,297.0,,,58.0,,,,0.0,,,,,,,,,0.0,4.0,,,,,,,,,2.0,,,,1311.0,,,6.0,,5.0,8.0,,,,,,,,,0.0,,,,,,,,0.0,,,,,,,117.0,17.0,4.0,0.0,,,,,,,
2017,,,,,,,,,,,,,,,,,,,,37.0,,,,,,,,,,,,,,,,,,,,,,3.0,0.0,,,,,,4.0,,449.0,10.0,,,31.0,,,,,,0.0,0.0,,,,,,,,467.0,,,,,,,,,,,,,,,1012.0,,,,,,11.0,,,,,,,,,,,,,,,,,,,,,,,0.0,,,,,,,,,,,
2018,,,,,,,,,,,,,,,,,,,,0.0,,,,,,,,,,,,,,,,,,,,,,,,,,,17.0,,4729.0,,2.0,,,,,,,46.0,,,,,,,,,,,,0.0,,,,,,,,,,,,,,,5061.0,,,,,2.0,,181.0,,,,,,,,,0.0,,,,,,,,,,,,,,84.0,,,,,,,,,,
2019,,51.0,,,,,,,,,,,,,,,,,2.0,16.0,,,,,,,,,,,0.0,,,,,0.0,,,,,,,,,,,,,54.0,,7.0,,,,,,,0.0,,,,,,,,,,,,,,,,,,,,,,,,,,,261.0,,,39.0,,2.0,88.0,0.0,,,,,,,,,1.0,,,,,,,,,,,,,1.0,,,,0.0,,,,,,,
2020,,,,,,,,,,,,,,,,,,,,4.0,,,,,,,,,,0.0,,,,,,,,,,,,2.0,,,,9.0,,,0.0,,0.0,,,,,,,,,,,,,,,,,,,10.0,,,,,,,,,,,,,,,196.0,,,,,,1.0,,,4.0,,,,,,,,,,,,,,,,,,,,166.0,,,,,,,,,,,
2021,,,0.0,,,,,,,,,,,,,,0.0,,,9.0,,,,,,,,,,,0.0,,,,,,,,,,,1.0,,,,,2575.0,,122.0,2.0,3.0,,,,,,,1.0,,,,,0.0,,,,,,,3.0,,,,,,,,,,,,,,,2742.0,,,21.0,,0.0,,,,,,,,,,,,,,,,,,5.0,,,,,,,,,,,,,,,,,
2022,1064.0,,,,,,,,,,,,1.0,,,,,,,122.0,,,,,,,,,,,1.0,,,,,,,,,,,,3.0,,,,2.0,,349.0,,5.0,,,,,,,3.0,,,,,,,,,,,,5.0,,,,,,,,,,6.0,,,,,1626.0,,,43.0,,0.0,10.0,7.0,,,,,,,,,,,,,,,,,,,,,,2.0,1.0,,,2.0,,,,,,,
2023,2451.0,,,,,,,,,,,,,,,,,,,151.0,,,,,,,,,,,14.0,,,,,0.0,,,,,,,,,,,,,6.0,,3.0,,0.0,,,,,1.0,,,,,,,,,,2946.0,,,,,,,,,,,,155.0,,,,,62451.0,,,11.0,,1.0,14.0,8.0,,,,,,,,,,,,,,5900.0,,0.0,,,,,,50790.0,,,,,,,,,,,
2024,,,,,,,,,,,,,,,,,,,,6.0,,,,,,,,,,,,,,,,,,,,,,,,,,,,,0.0,,,,,,,,,241.0,0.0,,,,,,,,,,,,,,,,,,,,,,,,,,313.0,,,,,,,5.0,,,,,,,,,,,,,,,,,,,,,,,61.0,,,,,,,,,,
