Date,AFG,AGO,AIA,ALB,ARG,ARM,ATG,AUS,AZE,BDI,BEL,BEN,BFA,BGD,BGR,BIH,BOL,BRA,BRB,BWA,CAF,CAN,CHL,CHN,CIV,CMR,COD,COG,COL,COM,CPV,CRI,CUB,CYP,DJI,DNK,DOM,DZA,ECU,ERI,ESP,ETH,FJI,FRA,FSM,GBR,GEO,GHA,GIN,GMB,GNB,GRC,GRD,GTM,GUY,HKG,HND,HRV,HTI,HUN,IDN,IND,IRN,IRQ,ISR,ITA,JAM,JOR,JPN,KAZ,KEN,KGZ,KHM,KIR,KOR,LAO,LBR,LCA,LKA,LSO,LTU,MAR,MDA,MDG,MEX,MHL,MKD,MLI,MNG,MOZ,MRT,MUS,MWI,MYS,NAM,NER,NGA,NIC,NPL,NZL,OWID_USS,OWID_WRL,OWID_YAR,OWID_YGS,OWID_YPR,PAK,PAN,PER,PHL,PLW,PNG,POL,PRI,PRK,PRT,PRY,ROU,RUS,RWA,SDN,SEN,SLB,SLV,SOM,SSD,STP,SWZ,SYR,TCD,TGO,THA,TJK,TLS,TON,TTO,TUN,TUV,TZA,UGA,UKR,URY,USA,UZB,VCT,VEN,VNM,WSM,ZAF,ZMB,ZWE
1900,,,,,,,,,,,,,,,,,,,,,,,,,,,,,,,11000.0,,,,,,,,,,,,,,,,,,,,,,,,,,,,,,,1250000.0,,,,,,,,,,,,,,,,,,,,,,,,,,,,,,,,,,,,,,,,1261000.0,,,,,,,,,,,,,,,,,,,,,,,,,,,,,,,,,,,,,,,,,,,,,,,,
1903,,,,,,,,,,,,,,,,,,,,,,,,,,,,,,,,,,,,,,,,,,,,,,,,,,,,,,,,,,,,,,,,,,,,,,,,,,,,,,,,,,,,,,,,,,,,,,,,0.0,,,,,,0.0,,,,,,,,,,,,,,,,,,,,,,,,,,,,,,,,,,,,,,,,,,,,,,,,
1906,,,,,,,,,,,,,,,,,,,,,,,,,,,,,,,,,,,,,,,,,,,,,,,,,,,,,,,,,,,,,,,,,,,,,,,,,,,,,,,,,,,,,,,,,,,,,,,,0.0,,,,,,0.0,,,,,,,,,,,,,,,,,,,,,,,,,,,,,,,,,,,,,,,,,,,,,,,,
1907,,,,,,,,,,,,,,,,,,,,,,,,,,,,,,,,,,,,,,,,,,,,,,,,,,,,,,,,,,,,,,,,,,,,,,,,,,,,,,,,,,,,,,,,,,,,,,,,0.0,,,,,,0.0,,,,,,,,,,,,,,,,,,,,,,,,,,,,,,,,,,,,,,,,,,,,,,,,
1910,,,,,,,,,,,,,0.0,,,,,,,,,,,,,,,,,,0.0,,,,,,,,,,,,,,,,,,,0.0,0.0,,,,,,,,,,,,,,,,,,,,,,,,,,,,,,,,,,,,,0.0,,,0.0,,,,,16990.0,,,,,,16990.0,,,,,,,,,,,,,,,,,,,0.0,,,,,,,,0.0,,,,,,,,,,,,,,,,,,,,,
1911,,,,,,,,,,,,,0.0,,,,,,,,,,,,,,,,,,0.0,,,,,,,,,,,,,,,,,,,0.0,0.0,,,,,,,,,,,,,,,,,,,,,,,,,,,,,,,,,,,,,0.0,,,0.0,,,,,16990.0,,,,,,16990.0,,,,,,,,,,,,,,,,,,,0.0,,,,,,,,0.0,,,,,,,,,,,,,,,,,,,,,
1912,,,,,,,,,,,,,0.0,,,,,,,,,,,,,,,,,,0.0,,,,,,,,,,,,,,,,,,,0.0,0.0,,,,,,,,,,,,,,,,,,,,,,,,,,,,,,,,,,,,,0.0,,,0.0,,,,,16990.0,,,,,,16990.0,,,,,,,,,,,,,,,,,,,0.0,,,,,,,,0.0,,,,,,,,,,,,,,,,,,,,,
1913,,,,,,,,,,,,,0.0,,,,,,,,,,,,,,,,,,0.0,,,,,,,,,,,,,,,,,,,0.0,0.0,,,,,,,,,,,,,,,,,,,,,,,,,,,,,,,,,,,,,0.0,,,0.0,,,,,16990.0,,,,,,16990.0,,,,,,,,,,,,,,,,,,,0.0,,,,,,,,0.0,,,,,,,,,,,,,,,,,,,,,
1914,,,,,,,,,,,,,0.0,,,,,,,,,,,,,,,,,,0.0,,,,,,,,,,,,,,,,,,,0.0,0.0,,,,,,,,,,,,,,,,,,,,,,,,,,,,,,,,,,,,,0.0,,,0.0,,,,,17040.0,,,,,,17040.0,,,,,,,,,,,,,,,,,,,0.0,,,,,,,,0.0,,,,,,,,,,,,,,,,,,,,,
1919,,,0.0,,,,,,,,,,,,,,,,,,,,,,,,,,,,,,,,,,,,,,,,,,,,,,,,,,,,,,,,,,,,,,,,,,,,,,,,,,,,,,,,,,,,,,,,,,,,,,,,,,,0.0,,,,,,,,,,,,,,,,,,,,,,,,,,,,,,,,,,,,,,,,,,,,,,,,
1920,,,0.0,,,,,,,,,,,,,,,,,,,,,500000.0,,,,,,,24000.0,,,,,,,,,,,,,,,,,,,,,,,,,,,,,,,,,,,,,,,,,,,,,,,,,,,,,,,,,,,,,,,,,,,,,,,524000.0,,,,,,,,,,,,,,,,,,,,,,,,,,,,,,,,,,,,,,,,,,,,,,,,
1921,,,0.0,,,,,,,,,,,,,,,,,,,,,,,,,,,,,,,,,,,,,,,,,,,,,,,,,,,,,,,,,,,,,,,,,,,,,,,,,,,,,,,,,,,,,,,,,,,,,,,,,,1200000.0,1200000.0,,,,,,,,,,,,,,,,,,,,,,,,,,,,,,,,,,,,,,,,,,,,,,,,
1922,,,0.0,,,,,,,,,,,,,,,,,,,,,,,,,,,,,,,,,,,,,,,,,,,,,,,,,,,,,,,,,,,,,,,,,,,,,,,,,,,,,,,,,,,,,,,,,,,,,,,,,,,0.0,,,,,,,,,,,,,,,,,,,,,,,,,,,,,,,,,,,,,,,,,,,,,,,,
1923,,,0.0,,,,,,,,,,,,,,,,,,,,,,,,,,,,,,,,,,,,,,,,,,,,,,,,,,,,,,,,,,,,,,,,,,,,,,,,,,,,,,,,,,,,,,,,,,,,,,,,,,,0.0,,,,,,,,,,,,,,,,,,,,,,,,,,,,,,,,,,,,,,,,,,,,,,,,
1928,,,,,,,,,,,,,,,,,,,,,,,,3000000.0,,,,,,,,,,,,,,,,,,,,,,,,,,,,,,,,,,,,,,,,,,,,,,,,,,,,,,,,,,,,,,,,,,,,,,,,,,,,,,3000000.0,,,,,,,,,,,,,,,,,,,,,,,,,,,,,,,,,,,,,,,,,,,,,,,,
1931,,,,,,,,,,,,,,,,,,,,,,0.0,,,,,,,,,,,,,,,,,,,,,,,,,,,,,,,,,,,,,,,,,,,,,,,,,,,,,,,,,,,,,,,,,,,,,,,,,,,,,,,,0.0,,,,,,,,,,,,,,,,,,,,,,,,,,,,,,,,,,,,,,,,,,,,,,,,
1932,,,,,,,,,,,,,,,,,,,,,,0.0,,,,,,,,,,,,,,,,,,,,,,,,,,,,,,,,,,,,,,,,,,,,,,,,,,,,,,,,,,,,,,,,,,,,,,,,,,,,,,,,0.0,,,,,,,,,,,,,,,,,,,,,,,,,,,,,,,,,,,,,,,,,,,,,,,,
1933,,,,,,,,,,,,,,,,,,,,,,0.0,,,,,,,,,,,,,,,,,,,,,,,,,,,,,,,,,,,,,,,,,,,,,,,,,,,,,,,,,,,,,,,,,,,,,,,,,,,,,,,,0.0,,,,,,,,,,,,,,,,,,,,,,,,,,,,,,,,,,,,,,,,0.0,,,,,,,,
1934,,,,,,,,,,,,,,,,,,,,,,0.0,,,,,,,,,,,,,,,,,,,,,,,,,,,,,,,,,,,,,,,,,,,,,,,,,,,,,,,,,,,,,,,,,,,,,,,,,,,,,,,,0.0,,,,,,,,,,,,,,,,,,,,,,,,,,,,,,,,,,,,,,,,0.0,,,,,,,,
1935,,,,,,,,,,,,,,,,,,,,,,0.0,,,,,,,,,,,,,,,,,,,,,,,,,,,,,,,,,,,,,,,,,,,,,,,,,,,,,,,,,,,,,,,,,,,,,,,,,,,,,,,,0.0,,,,,,,,,,,,,,,,,,,,,,,,,,,,,,,,,,,,,,,,0.0,,,,,,,,
1936,,,,,,,,,,,,,,,,,,,,,,0.0,,,,,,,,,,,,,,,,,,,,,,,,,,,,,,,,,,,,,,,,,,,,,,,,,,,,,,,,,,,,,,,,,,,,,,,,,,,,,,,,0.0,,,,,,,,,,,,,,,,,,,,,,,,,,,,,,,,,,,,,,,,0.0,,,,,,,,
1937,,,,,,,,,,,,,,,,,,,,,,0.0,,,,,,,,,,,,,,,,,,,,,,,,,,,,,,,,,,,,,,,,,,,,,,,,,,,,,,,,,,,,,,,,,,,,,,,,,,,,,,,,0.0,,,,,,,,,,,,,,,,,,,,,,,,,,,,,,,,,,,,,,,,0.0,,,,,,,,
1938,,,,,,,,,,,,,,,,,,,,,,0.0,,,,,,,,,,,,,,,,,,,,,,,,,,,,,,,,,,,,,,,,,,,,,,,,,,,,,,,,,,,,,,,,,,,,,,,,,,,,,,,,0.0,,,,,,,,,,,,,,,,,,,,,,,,,,,,,,,,,,,,,,,,,,,,,,,,
1939,,,,,,,,,,,,,,,,,,,,,,0.0,,,,,,,,,,,,,,,,,,,,,,,,,,,,,,,,,,,,,,,,,,,,,,,,,,,,,,,,,,,,,,,,,,,,,,,,,,,,,,,,0.0,,,,,,,,,,,,,,,,,,,,,,,,,,,,,,,,,,,,,,,,,,,,,,,,
1940,,,,,,,,,,,,,0.0,,,,,,,,,0.0,,,,,,,,,4006.0,,,,,,,,,,,,,,,,,,,0.0,0.0,,,,,,,,,,,,,,,,,,,,,,,,,,,,,,,,,,,,,0.0,,,0.0,,,,,0.0,,,,,,4006.0,,,,,,,,,,,,,,,,,,,0.0,,,,,,,,0.0,,,,,,,,,,,,,,,,,,,,,
1941,,,,,,,,,,,,,0.0,,,,,,,,,,,,,,,,,,3995.0,,,,,,,,,,,,,,,,,,,0.0,0.0,,,,,,,,,,,,,,,,,,,,,,,,,,,,,,,,,,,,,0.0,,,0.0,,,,,0.0,,,,,,3995.0,,,,,,,,,,,,,,,,,,,0.0,,,,,,,,0.0,,,,,,,,,,,,,,,,,,,,,
1942,,,,,,,,,,,,,0.0,,,,,,,,,,,,,,,,,,3995.0,,,,,,,,,,,,,,,,,,,0.0,0.0,,,,,,,,,,,1500000.0,,,,,,,,,,,,,,,,,,,,,,,,,,0.0,,,0.0,,,,,0.0,,,,,,1503995.0,,,,,,,,,,,,,,,,,,,0.0,,,,,,,,0.0,,,,,,,,,,,,,,,,,,,,,
1943,,,,,,,,,,,,,0.0,1900000.0,,,,,,,,,,,,,,,,,3995.0,,,,,,,,,,,,,,,,,,,0.0,0.0,,,,,,,,,,,,,,,,,,,,,,,,,,,,,,,,,,,,,0.0,,,0.0,,,,,0.0,,,,,,1903995.0,,,,,,,,,,,,,,,,,,,0.0,,,,,,,,0.0,,,,,,,,,,,,,,,,,,,,,
1944,,,,,,,,,,,,,0.0,,,,,,,,,,,,,,,,,,4009.0,,,,,,,,,,,,,,,,,,,0.0,0.0,,,,,,,,,,,,,,,,,,,,,,,,,,,,,,,,,,,,,0.0,,,0.0,,,,,0.0,,,,,,4009.0,,,,,,,,,,,,,,,,,,,0.0,,,,,,,,0.0,,,,,,,,,,,,,,,,,,,,,
1946,,,,,,,,,,,,,,,,,,,,,,,,,,,,,,,30000.0,,,,,,,,,,,,,,,,,,,,,,,,,,,,,,,,,,,,,,,,,,,,,,,,,,,,,,,,,,,,,,,,,,,,,,,30000.0,,,,,,,,,,,,,,,,,,,,,,,,,,,,,,,,,,,,,,,,,,,,,,,,
1947,,,,,,,,,,,,,,0.0,,,,,,,,,,,,,,,,,,,,,,,,,,,,,,,,,,,,,,,,,,,,,,,,,,,,,,,,,,,,,,,,,,,,,,,,,,,,,,,,,,,,,,,,0.0,,,,,,,,,,,,,,,,,,,,,,,,,,,,,,,,,,,,,,,,,,,,,,,,
1960,,,,,,,,,,,,,,,,,,,,,,,,,,,,,,,,,,,,,,,,,,,,,,,,,,,,,,,,0.0,,,,,,,,,,,,,,,,,,,,,,,,,,,,,,,,,,,,,,,,,,,,,,0.0,,,,,,,,,,,,,,,,,,,,,,,,,,,,,,,,,,,,,,,,,,,,,,,,
1961,,,,,,,,,,,,,,,,,,,,,,0.0,,,,,,,,,,,,,,,,,,,,,,,,,,,,,,,,,,,,,,,,,,,,,,,,,,,,,,,,,,,,,,,,,,,,,,,,,,,,,,,,0.0,,,,,,,,,,,,,,,,,,,,,,,,,,,,,,,,,,,,,,,,,,,,,,,,
1963,,,,,,,,,,,,,,,,,,,,,,,,,,,,,,,,,,,,,,,,,,,,,,,,,,,,,,,,,,,,,,,,,,,,,,,,,,,,,,,,,,,,,,,,,,,,,,,,,,,,,,0.0,,,,,,,,,,,,,,0.0,,,,,,,,,,,,,,,,,,,,,,,,,,,,,,,,,,
1964,,,,,,,,,,,,,,,,,,,,,,,,,,,,,,,,,,,,,,,0.0,,,,,,,,,,,,,,,,,,,,,,,0.0,0.0,,,,,,,,,,,,,,,,,,,,,,,,,,,,,,,,,,,,0.0,,,50.0,,,,,,,,,,,,,,0.0,,,,,,,,50.0,,,,,,,,,,,,,,,,,,,,,,,,0.0,,
1965,,,,,,,,,,,,,,,,,,,,0.0,,,,0.0,,,,,,,,,,,,,,,,,,2000.0,,,,,,,,,,,,,,,0.0,,,,,500000.0,,,,,,,,,0.0,,,,,,,,,,,,,,,,,,,,0.0,,,,,,,,,,,502000.0,,,,,,,,,,,,,,,,,,,,,,,,,,,,,,,,,,,,,,,,,,,,,,,,
1966,,,,,,,,,,,,,0.0,,,,,,,,,,,,,,,,,,,,,,,,,,,,,,,,,,,,,,,,,,,0.0,,,,,8000.0,500000.0,,,,,,,,,,,,,,,,,,,,0.0,,,,,,0.0,,,,,,,,0.0,,,,,,508000.0,,,,,,0.0,,,,,,,,,,,,,0.0,,,,,,,,0.0,,,,,,,,,,,,,,,,,,,,,
1967,,,,,,,,199.0,,,,,,,,,,,,,,,,,,,,,,,,,,,,,,,,,,,,,,,,,,,,,,,,,,,,,,500000.0,,,,,,,,,,,,,0.0,,,,,,,,,,,,,,,,,,,,,0.0,,,0.0,,,500199.0,,,,,,,,,,,,,,,,,,,0.0,,,,,,,,,,,,,,,,,0.0,0.0,,,,,,,,,,,
1968,,,,,,,,199.0,,,,,,,,,,,,0.0,,,0.0,,,,,,,,,,,,,,0.0,,,,,,,,,,,,,0.0,,,,,,,,,0.0,,,,,,,,0.0,,,,,,,,0.0,,,,,0.0,,,,,,,,,,,,,,,,,,,,,,199.0,,,,,,,,,,,,,,,,,,,,,,,,,,,,,,,,,,,,,,,,,,,,,,,,
1969,0.0,,,,,,,202.0,,,,,0.0,,,,,,,,,,0.0,,,,,,,,,,,,,,,,,,,0.0,,,,,,,,,,,,,,,,,,,,,,0.0,,,,,,,,,,,,,,,,,,,,,,,,,,,0.0,,,,,,,,,,,202.0,0.0,,,,,0.0,,,,,,,,,,,,,0.0,,,0.0,,,,,0.0,,,,,,,,,,,,,,,,,,,,,
1970,,,,,,,,,,,,,0.0,,,,,0.0,,0.0,,,0.0,,,,,,,,,,,,,,,,,,,,,,,,,,,,,,,,,,,,,,,,,0.0,,,,,,,,,,,,,,,,,,,,,,,,,,,0.0,,,,,,,,,,,0.0,0.0,,,,,,,,,,,,,,,,,,0.0,,,,,,,,0.0,,,,,,,,,,,,,,,,,,,,,
1971,0.0,,,,,,,,,,,,0.0,,,,,,,,,,0.0,,,0.0,,,,,,,,,,,,,,,,,,,,,,0.0,,0.0,,,,,,,,,,,,,,0.0,,,,,,,0.0,,,,,,,,,,,0.0,,,,,,,,,0.0,,,,,,,,,,,0.0,0.0,,,,,,,,,,,,,,,,,,0.0,,,,,,,,0.0,0.0,,,,,,,,,,,,,,,,,,,,
1972,0.0,,,,,,,,,,,0.0,0.0,,,,,,,,,,0.0,,,,,,,,0.0,,,,,,,,,,,,,,,,,,,0.0,0.0,,,,,,0.0,,,,0.0,0.0,,,,,,,,,,,,,,,,,,,,,,,,,,,,,0.0,,,,,,,,0.0,,,0.0,,,,,,,,,,,,,,,,,,,0.0,,,,,,,,0.0,,,,,,,,,,,,,,,,,,,,,
1973,0.0,,,,,,,,,,,0.0,0.0,,,,,,,,,,,,,,,,,,0.0,0.0,,,,,,,,,,1669.0,,,,,,,,0.0,0.0,,,,,,0.0,,,,0.0,0.0,,,,,,,,,,,,,,,,,,,,,,,,,,,,,0.0,,,,,,,,0.0,,,1669.0,,,,,,,,,,,,,,,,,,,0.0,,,,,,,,0.0,,,,,,,,,,,,,,,,,,,,,
1974,,,,,,,,0.0,,,,0.0,0.0,0.0,,,,,,,,,,,,,,,,,0.0,,,,,,,,,,,19655.0,,,,,,,,0.0,0.0,,,,,,,,0.0,,,,,,,,,,,,,,,,,,,,,,,,,,,,,,,,0.0,,,,,,,,,,,20427.0,,,,,,,,,,,,,,,,,,,0.0,,,772.0,,,,,0.0,,,,,,,,,,,,,,,,,,,,,
1975,,,,,,,,0.0,,,,0.0,0.0,,,,,,,,,,,,,,,,,,0.0,,,,,,,,,,,19655.0,,,,,,,,0.0,0.0,,,,,,,,,,,,,,,,,,,,,,,,,,,,,,,,,,,,,,,,0.0,,,,,,,,,,,28756.0,,,0.0,,,,,,,,,,,,,,,,0.0,,,9101.0,,,,,0.0,,,,,,,,,,,,,,,,,,,,,
1976,,,,,,,,0.0,,,0.0,,,,,,,,,,,,,,,,,,,,,,,,,,,,,,,19655.0,,,,,,,,,,,,,,0.0,,,,,,,,,,,,,,,,,,,,,,,,,,,,,,,,,,,0.0,,,,,,,,,,,28782.0,,,,,,,,,,,,,,,,,0.0,,,,,9127.0,,,,,0.0,,,,,,,,,,,,,,,,,,,,,
1977,,,,,,,,,,,,,0.0,,,,0.0,0.0,,,,0.0,,,,,,,,,,,,,,,,,,,,19655.0,,,,,,0.0,,0.0,,,,,,0.0,,,0.0,,,,,,,,,,0.0,,,,,,,0.0,,,0.0,,,,,,,,,,,,0.0,,,,,,,,,,,19655.0,0.0,,0.0,,,,,,,,,,,,,,0.0,,0.0,,,,,,,,0.0,,,,,,,0.0,,0.0,,,,,,,,,,,,
1978,,,,,,,,0.0,,,,,0.0,,,,,0.0,,,,0.0,,0.0,,,0.0,,,,,,,,,,,,,,,19711.0,,,,,,,,0.0,,,,,,,,,,,63.0,,,,,,,,,,,,,,,,,,,,,,,,0.0,,,0.0,,,0.0,,,,,,,,,,,19774.0,,,,,,,0.0,,,,,,,,,,,,0.0,,,,,,,,0.0,,,,,,,,,,,,,,,,,,,,,
1979,,,,,,,,,,,,,,18.0,,,,0.0,,,,0.0,,0.0,,,0.0,,,,,,,,,,,,,,,,,,,,,,,,,,,,,0.0,,,,,,0.0,,,,,,,,,0.0,,,,,,,,0.0,,,,,,,,,,,0.0,0.0,,,,,,,,0.0,,,18.0,,,,,,,,,,,,,,,,,,,0.0,,,,,,,,,,,,,,,,,,0.0,,,,,,,,,,,
1980,,,,,,,,,,,,,0.0,,,,,,,,,0.0,,0.0,,,,,,,,,,,0.0,,,,,,0.0,,,,,,,,,0.0,,,,,,,,,0.0,,,,,,,,,,,,0.0,,,,,,,,0.0,,,,,,,,,0.0,,0.0,0.0,,,,,0.0,,,0.0,,,0.0,,,,,,,0.0,,0.0,,,,,,,,,0.0,0.0,,,0.0,,,,,,,,,,,,,,,0.0,,,,,,,,,0.0,,
1981,,0.0,,,,,,0.0,,,,,0.0,,,,,,,,,,,0.0,,,,,,0.0,,,0.0,,,,,0.0,,,0.0,,,,,,,,0.0,0.0,,,,,,0.0,,,0.0,,,,,,,,0.0,,,,,,,,,,,,0.0,,,,,0.0,,,,0.0,,19989.0,0.0,,,,,0.0,,,,,,20109.0,,,,,,,,,0.0,,,,,,,,,,,,,,,,,,120.0,,,,,,,,,,,,,,,,,,,,,
1982,,,,,,,,0.0,,,,,0.0,,,,,,,0.0,,,,0.0,,,,,,,0.0,,0.0,,,,,0.0,,,0.0,,,0.0,,,,,0.0,0.0,0.0,,,,,,,,0.0,,280.0,0.0,,,,,0.0,,,,,,,,,,,,0.0,,,,,,,,,0.0,,19989.0,0.0,,,,0.0,0.0,,,,,,20988.0,,,,,,,,,,,,,,,,,,,0.0,,0.0,,,,,,719.0,,,,,,,,,,,,,,,,,,,0.0,0.0,0.0
1983,,,,,,,0.0,,,,,0.0,0.0,0.0,0.0,,0.0,20.0,,0.0,0.0,,,0.0,0.0,,,0.0,,,0.0,,0.0,,0.0,,,0.0,,,0.0,120294.0,0.0,,,,,0.0,0.0,0.0,0.0,,,,,0.0,,,0.0,,,0.0,,,,,0.0,,,,,,,,,,0.0,,0.0,0.0,,0.0,,,,,,0.0,,19989.0,0.0,,,,0.0,0.0,0.0,,,,,182525.0,,,,,0.0,0.0,0.0,,,,,,0.0,0.0,0.0,,,41003.0,0.0,,,0.0,,0.0,500.0,,719.0,0.0,,,,,,,,,,,,,,,,,,0.0,0.0,0.0
1984,,,,,,,,,,,,0.0,0.0,,,,,,,0.0,0.0,0.0,,,,,0.0,,,,0.0,,,,0.0,,,,,,,179706.0,,,,,,0.0,,0.0,0.0,,,,,,,,,,230.0,,,,,,,,,,0.0,,,,,,,,,0.0,,0.0,,,,,,0.0,,19989.0,0.0,,,,0.0,0.0,0.0,,,,,255067.0,,,,,,,,,,,,,,,,,0.0,54423.0,0.0,,,,,0.0,0.0,,719.0,,,,,,,,,0.0,,,,,,,,,,,,0.0
1985,,0.0,,,,,,,,,,0.0,0.0,,,,,0.0,,0.0,,0.0,,0.0,,,,,,,0.0,,,,,,,,,,,,,,,,,0.0,,0.0,0.0,,,,,,,,,,,,,,,,,,,,,,,,,,,,,,,,,,,,,0.0,,20044.0,0.0,,,,,0.0,0.0,,,,,75341.0,,,,,,,,,,,,,,,,,,54574.0,0.0,,,,,0.0,,,723.0,,,,,,,,,,,,,,,,,,,,,
1986,,,,,,,,,,,,,,,,,,,,0.0,,,,0.0,,,,,,,,,0.0,,,,,,,,,,,,,,,,,,,,,,,,,,,0.0,84.0,,,,,,,,,,,,,,,,,,,,,,,,,,,,,,,,,,,,,,,,,84.0,,,,,,,,,,,,,,,,,,,,,,,,,,,,,,,,,,,,,,,,,,,,,,0.0,,
1987,,,,,,,,,,,,,,,,,,0.0,,0.0,,,,,,,,,,,,,,,,,,,,,,367.0,,,,,,,,,,,,0.0,,,,,,,0.0,300.0,,,,,,,,,,,0.0,,,0.0,,,0.0,,,,,,,,,,,50.0,,,0.0,,,,,,,,,1317.0,,,,,,,0.0,,,,,,,,,,,0.0,,,,600.0,,,,,,,,,,,,,,,0.0,,,,,,,0.0,,,,
1988,,,,,,,,,,,,,0.0,,,,0.0,0.0,,,,0.0,,1400.0,,,,,,,,,,,0.0,,,,,,,,,,,,,,,,,,,0.0,0.0,,,,,,,,,,,,,,,,,,,,,0.0,,,0.0,,,,,31.0,0.0,,,,,,,,0.0,,,0.0,,,,,,1431.0,,,,,,,,,,,,,,,,,,,,,,0.0,,,,,,,,,,,,0.0,,0.0,0.0,,,0.0,,,,,,0.0,,
1989,,0.0,,0.0,,,,,,,,,,0.0,,,,,,,,,,,,,,,,,,,,,,,,,,,,0.0,,0.0,,,,,,,,,,,,,,,,,,,,,,,,,,,,,,,,,,,0.0,,,,,42.0,,,,,,,,,,,,,,,,,,279.0,,,,,,,,,,,,,,,,,237.0,,,,,,,,,,,0.0,,,,,,,,,,,,,,,,,,,,
1990,,0.0,,0.0,,,,,,,,,0.0,,,,0.0,,,,,,,,,0.0,,,,,,,,,,,,,,,0.0,0.0,,,,,,,,,,0.0,,,,,,,,,,,,,,,,,,,,,,,,,,,,,,,,42.0,,,,,,,,,0.0,,,0.0,,,,,,42.0,,0.0,,,,0.0,0.0,,,,,,,,,,,0.0,,,,,,,0.0,,,,,,,,,,,,,,,,,,,,,,,
1991,,0.0,,0.0,,,,0.0,,,,,,,,,,,,,,,0.0,2000.0,,0.0,,,,,,,,0.0,,,,,,,0.0,0.0,,0.0,,,,,,,,,,,,,,,,,,,,,,,,,,,0.0,,,,,0.0,,,,,,,,42.0,,,,0.0,,0.0,,,,,0.0,0.0,,,,,,2042.0,,,,,,,0.0,,,,,,,,,,,0.0,,,,,,,0.0,,,,0.0,,,,,,,0.0,,,,0.0,,,,,,0.0,0.0,0.0
1992,,0.0,,,,,,0.0,,,,,,,,,,,,0.0,,,,0.0,,,,,,,0.0,,,,,0.0,,,,,0.0,0.0,,,,,,,,,,,,,,,,,0.0,0.0,,,,,,,,,,,0.0,,,,,0.0,,,,0.0,0.0,,,43.0,,,,,,0.0,,,0.0,,0.0,,,,,,,43.0,,,,,,0.0,0.0,,,,,,,,,,,0.0,,,,,,,0.0,,,,,,,,,,,0.0,,,,,,,,,,0.0,0.0,0.0
1993,,,,,,,,0.0,,,,,,,,,,,,,,,,0.0,,,,,,,,,0.0,,,,,,,0.0,0.0,0.0,,,,,,,,,,,,,,,,,0.0,,,0.0,,,,,,,,,,,,,,0.0,,,,0.0,,,,,,,0.0,,,,0.0,,0.0,,,,,,,,,0.0,,,,,,,,,,,,,,,,0.0,,,,,,,,,0.0,,0.0,,0.0,,,,,,,,,,,,,,,,,,,0.0
1994,,,,,,,,0.0,,,,,,,,,0.0,0.0,,,,,,0.0,,,,,,,,0.0,,,,,,,,,0.0,0.0,,,,,,,,,,,,0.0,,,0.0,,,,,,,,,,,,,,0.0,,0.0,,,,,,,0.0,,,,,,,,,,,,,0.0,,,,,0.0,,0.0,,0.0,,,,,,,,,,,0.0,,,,,,,,,,0.0,,,,0.0,,,,,,,,,,,,,,,,,,,,,,,0.0
1995,,,,,,,,0.0,,,,,0.0,,,,,,,,,,,0.0,,,,,,,,,,,,,,,,,0.0,,,,,,,,,,,,,,,,,,,,,,,,,,,,,,0.0,,0.0,,,,,,,,,,,,0.0,,,,,,,,0.0,,0.0,,,,,,,0.0,,,,,,,,,,,,,,,,,,,,,,,,,0.0,,,,,,,,,,,,,,,,,,,,,0.0,0.0,0.0
1996,,,,,,,,,,,,,0.0,,,,,,,,,,,,,,,,,,,,,,0.0,,,,,,,,,,,,,,,,,,,,,,,,,,,0.0,,,,,,,,,,,0.0,,,,,,,,,,,,0.0,,,,,,,,,,0.0,,,,,,,0.0,,,,,,,,,,,,,,,,,0.0,0.0,,,,,,,,,,,,,,,,,,0.0,,,,,,,,,,,,
1997,,0.0,,,,,,,,,,,,,,,,,,,,,,0.0,,,,,,,,,,,,,,,0.0,,,0.0,,0.0,,,,,,,,,,,0.0,,0.0,,,,672.0,,,,,0.0,,,,,0.0,,,,,,,,,,,,,,,,,,,,0.0,,,,,0.0,,0.0,,,,687.0,,,,,,,,,15.0,,,,0.0,,,,0.0,,,0.0,,,,,,,0.0,,,,,,,,,0.0,,,,,,,,0.0,,,,
1998,,0.0,,,,,,,,,,,0.0,,,,,0.0,,,,,,,,,,,0.0,,0.0,0.0,0.0,,,,,,,,,0.0,0.0,,0.0,,,,12.0,,,,,,0.0,,0.0,,,,,,,0.0,,,,,,,0.0,,,,,,,,,,,,,,,,,,,0.0,0.0,,,0.0,0.0,0.0,,,,,,65.0,,,,,,,8.0,,45.0,,,,,,,0.0,,,,0.0,0.0,,,,,,,,,,,,,,,0.0,0.0,,,,,,,0.0,,,,0.0
1999,,,,,,,,,,0.0,,,,,,,,0.0,,,,,,0.0,,,,,,,,,,,,,,,,0.0,0.0,0.0,,,,,,,,,,,,,,,,,,,,,0.0,0.0,0.0,,,0.0,,,2.0,,,0.0,,0.0,,,,,,0.0,,,0.0,,,,,0.0,,0.0,,,0.0,,,,,,,27.0,,,,5.0,,,,,,,,,,1.0,,,0.0,,,,,,,,,0.0,,,0.0,,,,,,,0.0,19.0,,0.0,0.0,,,,0.0,,,,
2000,9.0,,,,,0.0,,,0.0,2.0,,,,,0.0,0.0,0.0,,,,,,,0.0,,,,,,,,,0.0,0.0,,,,,,0.0,,0.0,,,,,0.0,,,,,,,,,,0.0,,,,,8.0,0.0,0.0,,,0.0,0.0,,,27.0,,,,,,,,,,,0.0,2.0,0.0,0.0,,,,0.0,,,,,,,,,0.0,,,,142.0,,,,34.0,,,,,,,,,,3.0,0.0,,0.0,0.0,,,,10.0,,,,0.0,,,,0.0,,,,,,0.0,47.0,,0.0,0.0,0.0,,,,,,,
2001,13.0,58.0,,,,,,,,4.0,,,0.0,,0.0,,,0.0,,,,,,0.0,,0.0,,,,,,,0.0,,0.0,,,,,0.0,,,,,,,0.0,,,,,,,41.0,,,0.0,,,,,12.0,0.0,0.0,,,,,,,27.0,,0.0,,0.0,,,,0.0,,,0.0,,,,,,0.0,0.0,0.0,0.0,,,,0.0,0.0,,0.0,,,,252.0,,,,34.0,,,,,,,,,,3.0,,,,0.0,,,0.0,11.0,,,0.0,,0.0,,,0.0,,,,,,,49.0,,,0.0,0.0,,,,,,,0.0
2002,15.0,,,,,,,0.0,,,,,,,,,,0.0,,,,,,0.0,,,,,,,0.0,,,,,,,,,0.0,,,,,,,,,,0.0,0.0,,,,,,0.0,,,,,0.0,,,,0.0,,,,,29.0,,0.0,,,,,,0.0,0.0,,,,0.0,0.0,,,,0.0,9.0,0.0,,500.0,,0.0,0.0,,,,,,671.0,,,,34.0,,0.0,0.0,,,,,,,5.0,,,,,0.0,,,,,,0.0,,,,0.0,,,,,,,,79.0,,,0.0,,,,0.0,,,,0.0
2003,,,,,0.0,,,,,0.0,,,,,,0.0,,,,,,,,0.0,,,,,,,,,,,,,,,,0.0,,0.0,,,,,,,,,,,,,,,0.0,0.0,0.0,0.0,0.0,,,,,,,,,,,,,,,,,,,0.0,,,,0.0,,,,,,9.0,0.0,,,,0.0,,,,,,,45.0,,,,36.0,,,,,,,,,,,,0.0,0.0,,,,,,,,0.0,,,,,,,,,,,0.0,,,,,,,,,,,,0.0
2004,,0.0,,,,,,,,0.0,,,,,,,0.0,0.0,,,,,,,,,,,,,,,0.0,,,,,,,,,0.0,,,,,,,,,,,,,,,0.0,,0.0,,,,,,,,,,,,80.0,,,,,,,,,,,,,0.0,,,,,,,,,,,,,,,,,,80.0,,,,,,0.0,,,,,,,0.0,,,,0.0,,,,,0.0,,,0.0,,,,,,,,,,,0.0,,,,,,,,,,0.0,,
2005,,0.0,,,,,,,,110.0,,,,,,,0.0,0.0,,,,,,0.0,,0.0,,,,,,,,,0.0,,,,,,,0.0,,,,,,,,,,,,,,,,,,,,,,,,,,,,,2.0,,0.0,,,,,,,,,,,0.0,,,,0.0,,0.0,,,0.0,,,0.0,,,,,,114.0,,,,,,,,,,,,,0.0,0.0,,,0.0,,,,,2.0,,,,,,,0.0,,,,,,,,0.0,,,,,,,0.0,,,0.0,
2006,0.0,,,,,,,0.0,,10.0,,,,,,,,,,,,,,134.0,,,,,,,,,,,0.0,,,,,,,0.0,,,,,,,,,0.0,,,,,,,,,,,,,,,,,,,,25.0,,,,,,,,,,0.0,,,0.0,,,,0.0,,0.0,,,0.0,,,0.0,,,0.0,,,169.0,,,,,,0.0,,,,,,,,,,,0.0,,,,,,,,,,,,,,,,,,,0.0,0.0,,,,,,,,,,,
2007,,,,,,,,,,,,,,,,,,0.0,,,,,,,,,,,,,,,,,0.0,,,,,,,,,,,,,,,,,,,,,,,,,,,,,,,,,,,,,,,,,,,,,0.0,,,0.0,,,,,,,0.0,,,0.0,,,,,,,,,0.0,,,,,,,0.0,,,,,,,,,,0.0,,,,,,,,0.0,,,,,,0.0,,,,,,,,,0.0,,,,,,,,0.0
2008,0.0,,,,,,,,,0.0,,,,,,,0.0,,,,,,,0.0,,,,,,,,,,,0.0,,,,,0.0,,0.0,,,,,,,,,,,,,,,,,,,,,,,,,,,,,1.0,,,,,,,,,0.0,,,,0.0,,,,,,0.0,,,,,,,,,,,,5.0,,,,,,,,,,,,,,4.0,,,,,,,,0.0,,,,0.0,,,0.0,0.0,,,,,,,0.0,,,0.0,,,,,,,,0.0
2009,,,,,0.0,,,,,0.0,,,,0.0,,,0.0,,,,,,,0.0,,,,,,,,,,,0.0,,,,0.0,,,0.0,,,,,,,,,,,,0.0,,,0.0,,,,,0.0,,,,,,,,,3.0,0.0,,,,,,,,,,,,0.0,,,,,,0.0,,,,,,0.0,,,0.0,,,3.0,,,,,,,,,,,,,,0.0,,,,,,,0.0,0.0,0.0,,,0.0,0.0,,,,,,,,,,0.0,,,0.0,,,0.0,,,,,0.0
2010,,,,,,,,,,0.0,,,,,,,0.0,0.0,0.0,,,,,0.0,,,,,,,,,,,0.0,,,,0.0,,,0.0,,,,,,,,,,,0.0,,0.0,,0.0,,,,,,,,,,,,,,,,,,,,,0.0,,,,,,0.0,,,,0.0,,0.0,0.0,,,,,0.0,,,,,,10000.0,,,,,,,,,,,,,,,,0.0,,,,,,10000.0,0.0,,,0.0,0.0,,0.0,,,,0.0,,,,,,,,,0.0,0.0,,,,,0.0
2011,0.0,,,,,,,,,0.0,,,0.0,,,,,,,,,,,0.0,,,,,,,,,,,0.0,,,,,,,0.0,,,,,,,,,,,,,,,0.0,,,,,,,,,,,,,,0.0,,,,,,,,,0.0,,,,0.0,0.0,,,0.0,,,0.0,,,,,0.0,,,,,,10000.0,,,,,,,,,,,,,,,,,,,0.0,,,10000.0,,,,,,,0.0,,,,,,0.0,0.0,0.0,,,0.0,,,,,,,,0.0
2012,,0.0,,,,,,,,,,,0.0,,,,,0.0,,,,,,,,0.0,,,,,,,,,,,,,,,,0.0,,,,,,,,0.0,,,,0.0,,,0.0,,,,,,,,,0.0,,,,,0.0,,,,,,,,0.0,0.0,,,0.0,,,,,0.0,,,0.0,,0.0,,,0.0,,,,,,0.0,,,,,,,,,,,,0.0,,0.0,,0.0,,0.0,0.0,,,0.0,,,,,0.0,,0.0,,,,,,,0.0,,0.0,,0.0,,,,,,,,0.0
2013,,0.0,,,,,,,,,,,,,,,0.0,0.0,,,,,,0.0,,,,,,,,,,,,,,,0.0,,,,,,,,,,,,,,,,,,,,,,,,,,,,,,,,,,,,,,,,,,,,,,,0.0,,,,,,,0.0,,0.0,,,,,0.0,,0.0,,,,,0.0,,,,,,,,,0.0,,,,,0.0,,,,,,,,0.0,,,,,,,,,,,,,,,,,,,,,0.0
2014,,,,,,,,,,,,,0.0,,,,0.0,0.0,,,,,,0.0,,,,,,,,,,,,,,,,,,,,,,,,,,,,,,0.0,,,0.0,,0.0,,,,,,,,0.0,,,,0.0,,,,,,,,0.0,,,,,0.0,,,,,,,,,,0.0,0.0,,,0.0,,,,0.0,,,,,,,,,,,,,,0.0,,,,,0.0,,,0.0,,,,,,,0.0,,,,,,,,,,,0.0,,,,,,,,0.0
2015,,,,,,,,,,,,,,,,,,0.0,,0.0,,,,0.0,,,,,0.0,,,0.0,0.0,,,,,,,,,0.0,0.0,,,,,,,0.0,,,,0.0,,,0.0,,0.0,,11.0,0.0,,,,,,,,,0.0,,,,,,,,,,,,,0.0,,0.0,,,,,,,0.0,,0.0,0.0,,0.0,,,,35.0,,,,,0.0,,0.0,0.0,24.0,,,0.0,,,,,,0.0,0.0,0.0,0.0,0.0,,,,,,,0.0,,,0.0,,,,,,,,0.0,,,,0.0,0.0,0.0,,0.0
2016,,,,,,,,,,,,,,,,,0.0,0.0,,,,,,0.0,,,,,0.0,,,,,,,,,,,,,0.0,,,0.0,,,,,,,,,0.0,,,,,0.0,,,0.0,,,,,,,,,0.0,,0.0,,,,,,0.0,0.0,,,,0.0,,0.0,,,,0.0,,,0.0,,0.0,0.0,,,,,,0.0,,,,,,,0.0,0.0,,,,,,0.0,,,,,,,0.0,0.0,0.0,,0.0,,,,0.0,,0.0,,,,,,,,,,,,,0.0,,0.0,,0.0
2017,,0.0,,,,,,,,,,,,,,,,,,,,,,0.0,,,,,,,0.0,,,,,,,,,,,0.0,,,,,,,,,,,,,,,,,0.0,,,,,,,0.0,,,,,0.0,,,,,,,,0.0,0.0,,,,0.0,,,,,,0.0,0.0,,0.0,,,0.0,,,,,,0.0,,,,,,,,,,,,0.0,,,,,,,,,,0.0,,,0.0,,0.0,,0.0,,,,,,,,,,,0.0,,,,0.0,,0.0,,0.0
2018,0.0,,,,0.0,,,0.0,,,,,,,,,,,,,,,,,,,,,,,,,,,,,,,,,,,,,,,,,,,,,,0.0,,,0.0,,,,,0.0,,,,,,,,,0.0,,,,,,,,,,0.0,,,0.0,,,,,,,0.0,,,,0.0,,,0.0,,,,0.0,,,,,0.0,,,,,0.0,,,,,,,,,0.0,,0.0,,,,,,,,,,,,,,,,,,0.0,0.0,,,,,,0.0,,0.0
2019,0.0,,,,2.0,,,,,,,,,,,,,,,0.0,,,,,,,,,,,,0.0,,,,,,,,,,,,,,,,,,,,,,0.0,,,0.0,,,,,0.0,,,,,,,,,0.0,,,,,0.0,,,0.0,0.0,,,,,,,,,,,0.0,,,,0.0,,,0.0,,,,79.0,,,,77.0,0.0,,0.0,,,,,0.0,,,,,,,0.0,,0.0,0.0,,,0.0,,,,0.0,,,,,,,,,,0.0,,,,,0.0,,0.0,0.0,0.0
2020,,0.0,,,2.0,,,,,,,,0.0,,,,,0.0,,,,,,,,,,,,,,,,,,,,,,,,,,,,,,,,,,,,,,,,,,,,,,,,,,,,,0.0,,,,,,,,0.0,0.0,,,,0.0,,,,0.0,,0.0,0.0,,,,0.0,0.0,,,,,,47.0,,,,,,,,,,,,,,,,,,,0.0,,,,,,,,,,0.0,,,,,,,,,,0.0,45.0,,,,0.0,,,0.0,0.0
2021,0.0,0.0,,,4.0,,,,,,,,,,,,,0.0,,,,,,0.0,,,,,,,,,,,,,,,,,,0.0,,,,,,,,,,,,,,,,,,,,,0.0,0.0,,,,,,0.0,0.0,,,,,,,,,0.0,,,,0.0,,,,,,0.0,0.0,,,,,,,,,,,4.0,,,,,,,,,,,,,,,,,,,0.0,,,0.0,0.0,,,0.0,,,,,,,,,0.0,0.0,,,0.0,0.0,,,,,,0.0,0.0,0.0
2022,0.0,0.0,,,,,,,,,,,0.0,,,,,0.0,,,0.0,,,0.0,,0.0,0.0,,,,0.0,,,,0.0,,,,,,,0.0,,0.0,,0.0,,,,,,,,,,,,,,,,,0.0,0.0,,0.0,,,,,0.0,,,,,,,,,0.0,,,,0.0,,0.0,,0.0,,0.0,0.0,,0.0,,,0.0,0.0,,,,,2601.0,,,,,,,,,,,,,0.0,,,,,0.0,,,,0.0,0.0,,,0.0,0.0,,,,,,,,,0.0,2465.0,,0.0,136.0,,,,,,,0.0,0.0
2023,0.0,,,,,,,,,,,,,,,,0.0,0.0,,,,,,0.0,,,,,,,,,,,,,,,,,0.0,0.0,,,0.0,,,,,,,,,,,,0.0,,,,0.0,,,0.0,,0.0,,,,,,,,,,,,,,,,,,0.0,,,,,,,,,,,,,,,,,,247.0,,,,,,,,,,,,,0.0,,,,,,,,,,,,,,,,,,,,,,,,,,0.0,247.0,,,,,,,,
2024,,,,,,,,,,,,,,,,,,,,,,,,,,,,,0.0,,,,,,,,,,,,0.0,,,,0.0,,,,,,,,,,,,,,,,,,,,,0.0,,,,,,,,,,,,,,,,,,0.0,,0.0,,,,,,,,,,,,,,,,0.0,,,,,,,,,,,,,,,,,,,,,,,,,,,,,,,,,,,,,,,,,,,,,,,0.0,
