Date,AFG,AGO,ALB,ARE,ARG,ARM,ATG,AUS,AUT,AZE,BDI,BEL,BEN,BFA,BGD,BGR,BHR,BHS,BIH,BLR,BLZ,BOL,BRA,BRB,BRN,BTN,BWA,CAF,CAN,CHE,CHL,CHN,CIV,CMR,COD,COG,COK,COL,COM,CPV,CRI,CUB,CYP,CZE,DEU,DJI,DMA,DNK,DOM,DZA,ECU,EGY,ERI,ESP,EST,ETH,FIN,FJI,FRA,FSM,GAB,GBR,GEO,GHA,GIN,GMB,GNB,GNQ,GRC,GRD,GTM,GUY,HND,HRV,HTI,HUN,IDN,IND,IRL,IRN,IRQ,ISL,ISR,ITA,JAM,JOR,JPN,KAZ,KEN,KGZ,KHM,KIR,KNA,KOR,KWT,LAO,LBN,LBR,LBY,LCA,LKA,LSO,LTU,LUX,LVA,MAR,MDA,MDG,MDV,MEX,MHL,MKD,MLI,MLT,MMR,MNE,MNG,MOZ,MRT,MUS,MWI,MYS,NAM,NER,NGA,NIC,NIU,NLD,NOR,NPL,NRU,NZL,OMN,OWID_WRL,PAK,PAN,PER,PHL,PLW,PNG,POL,PRK,PRT,PRY,QAT,ROU,RUS,RWA,SAU,SDN,SEN,SGP,SLB,SLE,SLV,SOM,SRB,SSD,STP,SUR,SVK,SVN,SWE,SWZ,SYC,SYR,TCD,TGO,THA,TJK,TKM,TLS,TON,TTO,TUN,TUR,TUV,TZA,UGA,UKR,URY,USA,UZB,VCT,VEN,VNM,VUT,WSM,YEM,ZAF,ZMB,ZWE
1990,970000.0,1020000.0,710000.0,11290000.0,28340000.0,2960000.0,120000.0,62030000.0,13630000.0,6200000.0,129999.99,20210000.0,170000.0,259999.98,1670000.0,6440000.0,990000.0,250000.0,2190000.0,11480000.0,110000.0,2260000.0,82180000.0,270000.0,550000.0,40000.0,650000.0,80000.0,124670000.0,14510000.0,9080000.0,94150000.0,1190000.0,1750000.0,570000.0,510000.0,30000.0,16350000.0,40000.0,129999.99,1590000.0,5070000.0,1170000.0,6950000.0,158600000.0,40000.0,40000.0,10190000.0,2310000.0,15810000.0,7830000.0,16150000.0,,63210000.0,2400000.0,930000.0,11720000.0,410000.0,113230000.0,,320000.0,114970000.0,3720000.0,1620000.0,270000.0,80000.0,60000.0,10000.0,15060000.0,40000.0,1710000.0,259999.98,1050000.0,3570000.0,430000.0,8400000.0,32200000.0,64379996.0,4890000.0,39150000.0,21770000.0,630000.0,8029999.5,96070000.0,1080000.0,2730000.0,211960000.0,14420000.0,2690000.0,6020000.0,,10000.0,30000.0,43740000.0,2840000.0,,1860000.0,110000.0,6190000.0,90000.0,2500000.0,250000.0,5510000.0,2630000.0,3060000.0,3890000.0,2420000.0,530000.0,120000.0,83490000.0,,770000.0,,450000.0,1340000.0,,1540000.0,610000.0,490000.0,440000.0,420000.0,14560000.0,,210000.0,11760000.0,740000.0,0.0,27050000.0,10030000.0,340000.0,30000.0,8660000.0,1680000.0,4617799700.0,13790000.0,1270000.0,7140000.0,13760000.0,,650000.0,20230000.0,5600000.0,9690000.0,1620000.0,1470000.0,11730000.0,298760000.0,350000.0,49400000.0,3960000.0,730000.0,4070000.2,100000.0,110000.0,1270000.0,310000.0,4470000.0,,30000.0,,4090000.2,2620000.0,19860000.0,450000.0,50000.0,7240000.0,259999.98,430000.0,28000000.0,730000.0,9820000.0,,60000.0,1350000.0,2490000.0,27850000.0,0.0,700000.0,600000.0,54860000.0,1520000.0,1426970000.0,7690000.0,50000.0,28550000.0,4170000.0,40000.0,50000.0,4010000.2,29550000.0,770000.0,2089999.9
1991,930000.0,1260000.0,540000.0,11620000.0,29970000.0,2900000.0,120000.0,60590000.0,15050000.0,4760000.0,160000.0,20390000.0,129999.99,270000.0,1850000.0,3480000.0,1010000.0,220000.0,1860000.0,12250000.0,150000.0,2370000.0,85970000.0,270000.0,600000.0,40000.0,710000.0,90000.0,120950000.0,14950000.0,9480000.0,100620000.0,1180000.0,1570000.0,480000.0,540000.0,30000.0,17090000.0,50000.0,100000.0,1650000.0,3720000.0,1160000.0,6170000.0,161480000.0,50000.0,40000.0,10750000.0,2280000.0,16880000.0,8010000.0,16900000.0,,65830000.0,2170000.0,930000.0,11400000.0,420000.0,116850000.0,,390000.0,114360000.0,2800000.0,1500000.0,290000.0,80000.0,60000.0,10000.0,15880000.0,40000.0,1790000.0,240000.0,1039999.94,2850000.0,400000.0,7350000.0,35850000.0,66930000.0,5070000.0,42320000.0,18350000.0,640000.0,8300000.0,97930000.0,1030000.0,2530000.0,222330000.0,18090000.0,2760000.0,4660000.0,,10000.0,30000.0,49040000.0,1900000.0,,2330000.0,80000.0,6230000.0,90000.0,2510000.0,250000.0,6080000.0,3150000.0,2790000.0,4330000.0,2270000.0,590000.0,129999.99,89390000.0,,770000.0,,510000.0,1260000.0,,990000.0,500000.0,510000.0,450000.0,450000.0,15670000.0,480000.0,200000.0,15340000.0,810000.0,0.0,27540000.0,10150000.0,400000.0,30000.0,8660000.0,1800000.0,4655590000.0,14300000.0,1330000.0,6380000.0,13010000.0,,650000.0,21090000.0,4280000.0,10350000.0,1530000.0,1490000.0,10280000.0,293100000.0,330000.0,51470000.0,3130000.0,750000.0,4930000.0,100000.0,120000.0,1380000.0,290000.0,3190000.0,,30000.0,,3390000.0,2480000.0,19560000.0,460000.0,50000.0,7600000.0,259999.98,320000.0,28750000.0,730000.0,8800000.0,,70000.0,1420000.0,2560000.0,26560000.0,0.0,650000.0,620000.0,66110000.0,1610000.0,1399670000.0,6940000.0,50000.0,30250000.0,3940000.0,40000.0,50000.0,5130000.0,29570000.0,970000.0,1590000.0
1992,740000.0,1190000.0,410000.0,11810000.0,32000000.0,1830000.0,120000.0,62080000.0,15080000.0,4000000.0,129999.99,21200000.0,120000.0,270000.0,2120000.0,3810000.0,1120000.0,170000.0,1060000.0,11320000.0,220000.0,2340000.0,86610000.0,270000.0,650000.0,50000.0,810000.0,90000.0,125210000.0,15290000.0,10290000.0,111100000.0,1140000.0,1570000.0,440000.0,470000.0,30000.0,18010000.0,50000.0,110000.0,2390000.0,2600000.0,1310000.0,7920000.0,164060000.0,50000.0,40000.0,10810000.0,2450000.0,16800000.0,8130000.0,17570000.0,110000.0,69380000.0,1130000.0,730000.0,11350000.0,450000.0,119360000.0,80000.0,370000.0,115830000.0,2330000.0,1790000.0,290000.0,80000.0,50000.0,10000.0,16280001.0,40000.0,1870000.0,230000.0,1160000.0,2690000.0,410000.0,7110000.0,37910000.0,68550000.0,5440000.0,44150000.0,23280000.0,630000.0,9070000.0,102960000.0,1070000.0,2670000.0,227020000.0,15830000.0,2560000.0,2710000.0,,10000.0,40000.0,54520000.0,4540000.0,,3230000.0,90000.0,6330000.0,110000.0,2800000.0,250000.0,4010000.2,3440000.0,2450000.0,4790000.0,2200000.0,600000.0,190000.0,89690000.0,30000.0,770000.0,,530000.0,1039999.94,,890000.0,690000.0,540000.0,500000.0,450000.0,16750000.0,519999.97,190000.0,18710000.0,920000.0,0.0,29020000.0,10400000.0,440000.0,30000.0,9040000.0,1950000.0,4761400000.0,16110001.0,1430000.0,6900000.0,15090000.0,100000.0,650000.0,21470000.0,3490000.0,11260000.0,1830000.0,1580000.0,10420000.0,280700000.0,340000.0,54530000.0,3120000.0,790000.0,4760000.0,110000.0,120000.0,1600000.0,270000.0,2260000.0,,30000.0,,3550000.0,2560000.0,20340000.0,440000.0,70000.0,7150000.0,280000.0,270000.0,30520000.0,370000.0,6880000.0,,50000.0,1360000.0,2640000.0,27110000.0,0.0,680000.0,620000.0,40940000.0,1730000.0,1430660100.0,5430000.0,50000.0,29780000.0,4420000.0,30000.0,60000.0,5410000.0,30060000.0,930000.0,2210000.0
1993,740000.0,1210000.0,510000.0,12600000.0,34280000.0,1190000.0,129999.99,63190000.0,15230000.0,3690000.0,140000.0,21730000.0,120000.0,280000.0,2180000.0,4310000.0,1160000.0,150000.0,850000.0,9460000.0,230000.0,2700000.0,90080000.0,270000.0,680000.0,50000.0,800000.0,100000.0,127180000.0,14270000.0,11410000.0,125700000.0,1100000.0,1690000.0,440000.0,470000.0,30000.0,18270000.0,50000.0,100000.0,2470000.0,1950000.0,1330000.0,7960000.0,168670000.0,50000.0,40000.0,10970000.0,2660000.0,16960000.0,8160000.0,18280000.0,210000.0,68390000.0,1270000.0,880000.0,11120000.0,430000.0,120480000.0,90000.0,390000.0,117000000.0,2000000.0,1800000.0,290000.0,80000.0,60000.0,20000.0,16490000.0,40000.0,2060000.0,230000.0,1320000.0,2830000.0,380000.0,7100000.0,40490000.0,68550000.0,5480000.0,49810000.0,24510000.0,630000.0,9540000.0,104850000.0,1160000.0,2750000.0,232120000.0,13190000.0,2380000.0,1580000.0,,20000.0,40000.0,61500000.0,4780000.0,,3770000.0,100000.0,7440000.0,120000.0,2990000.0,250000.0,3060000.0,3470000.0,2280000.0,5220000.0,1430000.0,620000.0,160000.0,91750000.0,30000.0,1450000.0,,590000.0,1590000.0,,990000.0,850000.0,550000.0,540000.0,460000.0,17430000.0,540000.0,210000.0,16070000.0,950000.0,0.0,29880000.0,11010000.0,480000.0,30000.0,9440000.0,2079999.9,4803180000.0,18420000.0,1540000.0,7050000.0,17110000.0,100000.0,700000.0,20890000.0,3130000.0,11820000.0,2280000.0,1670000.0,8350000.5,235620000.0,350000.0,57440000.0,2050000.0,760000.0,4720000.0,120000.0,110000.0,1750000.0,259999.98,2700000.0,,30000.0,,2940000.0,3090000.0,19440000.0,440000.0,60000.0,7500000.0,280000.0,170000.0,35910000.0,290000.0,7090000.0,,60000.0,1220000.0,2960000.0,32270000.0,0.0,710000.0,600000.0,35440000.0,1960000.0,1454190000.0,4770000.0,60000.0,31910000.0,6900000.0,30000.0,70000.0,4410000.0,30230000.0,660000.0,1970000.0
1994,730000.0,1540000.0,640000.0,12480000.0,33790000.0,160000.0,129999.99,64830000.0,15290000.0,3240000.0,140000.0,22310000.0,120000.0,270000.0,2230000.0,3940000.0,1180000.0,150000.0,970000.0,6730000.0,230000.0,2810000.0,94210000.0,280000.0,720000.0,50000.0,770000.0,100000.0,133420000.0,14620000.0,12330000.0,116350000.0,1090000.0,1760000.0,450000.0,290000.0,30000.0,17040000.0,50000.0,100000.0,2590000.0,1890000.0,1380000.0,8540000.0,166040000.0,50000.0,50000.0,11390000.0,3150000.0,15520000.0,8680000.0,20020000.0,290000.0,70710000.0,1560000.0,980000.0,11560000.0,420000.0,121380000.0,90000.0,310000.0,117380000.0,1470000.0,1880000.0,290000.0,80000.0,50000.0,20000.0,16590000.0,50000.0,2190000.0,410000.0,1540000.0,3020000.0,110000.0,6920000.0,45350000.0,70810000.0,5700000.0,56750000.0,24790000.0,660000.0,10260000.0,104610000.0,1170000.0,2750000.0,244240000.0,9050000.0,2320000.0,500000.0,,20000.0,40000.0,64570000.0,5040000.0,,3540000.0,100000.0,8840000.0,140000.0,3480000.0,259999.98,2400000.0,3520000.0,2110000.0,5640000.0,1310000.0,700000.0,150000.0,97420000.0,30000.0,930000.0,,590000.0,1830000.0,,670000.0,700000.0,580000.0,550000.0,470000.0,19250000.0,580000.0,210000.0,12900000.0,1010000.0,0.0,29310000.0,10840000.0,560000.0,30000.0,10100000.0,2110000.0,4899850000.0,19470000.0,1650000.0,8000000.0,18000000.0,100000.0,710000.0,21540000.0,2110000.0,12430000.0,2570000.0,1780000.0,8860000.0,207060000.0,370000.0,61240000.0,2980000.0,740000.0,5140000.0,140000.0,100000.0,1860000.0,240000.0,2620000.0,,30000.0,,3360000.0,3450000.0,20150000.0,450000.0,70000.0,7530000.0,290000.0,320000.0,39940000.0,200000.0,4250000.0,,70000.0,1280000.0,3100000.0,31340000.0,0.0,710000.0,550000.0,32250000.0,2200000.0,1506900000.0,4270000.0,70000.0,32400002.0,7610000.0,30000.0,70000.0,4450000.0,31330000.0,810000.0,1750000.0
1995,730000.0,1070000.0,630000.0,13110000.0,35210000.0,110000.0,140000.0,67540000.0,15510000.0,3340000.0,150000.0,22460000.0,120000.0,340000.0,2690000.0,4190000.0,1230000.0,180000.0,990000.0,6680000.0,240000.0,3130000.0,104190000.0,280000.0,780000.0,70000.0,890000.0,100000.0,137090000.0,14370000.0,13640000.0,127370000.0,1230000.0,1710000.0,450000.0,420000.0,30000.0,20330000.0,50000.0,110000.0,2590000.0,1970000.0,1470000.0,7250000.0,167930000.0,60000.0,50000.0,11600000.0,3510000.0,15110000.0,8270000.5,21230000.0,330000.0,71960000.0,1540000.0,1090000.0,11360000.0,430000.0,122320000.0,110000.0,340000.0,116330000.0,1030000.0,2050000.0,300000.0,80000.0,50000.0,20000.0,16709999.0,50000.0,2730000.0,430000.0,1550000.0,3210000.0,500000.0,7120000.0,49260000.0,78290000.0,5850000.0,55710000.0,24730000.0,610000.0,11270000.0,106890000.0,1400000.0,3000000.0,252450000.0,9160000.0,2560000.0,1120000.0,1160000.0,20000.0,40000.0,72470000.0,5340000.0,,4179999.8,100000.0,9510000.0,140000.0,3700000.0,259999.98,2940000.0,3350000.0,2010000.0,5990000.0,1300000.0,670000.0,190000.0,89390000.0,30000.0,880000.0,,690000.0,2720000.0,,830000.0,730000.0,630000.0,540000.0,470000.0,20480000.0,630000.0,180000.0,14940000.0,1110000.0,0.0,29570000.0,11520000.0,620000.0,30000.0,10780000.0,2190000.0,5034310000.0,20240000.0,1730000.0,8700000.0,21270000.0,100000.0,710000.0,22320000.0,2530000.0,12920000.0,2930000.0,1970000.0,8170000.0,190940000.0,360000.0,54130000.0,2790000.0,790000.0,5650000.0,140000.0,100000.0,2120000.0,220000.0,2730000.0,,30000.0,,3790000.0,3840000.0,20340000.0,450000.0,60000.0,7510000.0,300000.0,390000.0,47580000.0,180000.0,3990000.0,,70000.0,1340000.0,3200000.0,35200000.0,0.0,900000.0,720000.0,33320000.0,2180000.0,1537760000.0,6860000.0,80000.0,33490002.0,7270000.0,30000.0,80000.0,3960000.0,35170000.0,810000.0,2170000.0
1996,700000.0,990000.0,620000.0,13270000.0,41000000.0,60000.0,150000.0,70020000.0,17130000.0,2710000.0,160000.0,22900000.0,500000.0,350000.0,2960000.0,4139999.8,1260000.0,170000.0,1030000.0,7250000.0,190000.0,3240000.0,113670000.0,250000.0,840000.0,80000.0,900000.0,100000.0,140440000.0,14390000.0,14840000.0,169850000.0,1250000.0,1730000.0,450000.0,320000.0,40000.0,20860000.0,50000.0,110000.0,2610000.0,2200000.0,1520000.0,10080000.0,169050000.0,50000.0,40000.0,11720000.0,3890000.0,14960000.0,10070000.0,22480000.0,380000.0,76900000.0,1630000.0,1210000.0,11090000.0,430000.0,122120000.0,120000.0,350000.0,120850000.0,2520000.0,2230000.0,320000.0,80000.0,40000.0,40000.0,17190000.0,70000.0,2720000.0,480000.0,1500000.0,3600000.0,560000.0,7110000.0,54600000.0,83800000.0,6800000.0,59930000.0,24160000.0,680000.0,11890000.0,108660000.0,1610000.0,3060000.0,258269980.0,8210000.0,2690000.0,1180000.0,1160000.0,20000.0,40000.0,76370000.0,5450000.0,,4330000.0,110000.0,10520000.0,160000.0,5070000.0,259999.98,3240000.0,3440000.0,1930000.0,6400000.0,1390000.0,700000.0,210000.0,91710000.0,40000.0,1670000.0,,540000.0,2920000.0,,870000.0,810000.0,740000.0,540000.0,470000.0,23390000.0,1050000.0,190000.0,17150000.0,1170000.0,0.0,30820000.0,12050000.0,640000.0,30000.0,10910000.0,2270000.0,5240380000.0,22790000.0,1820000.0,9090000.0,24100000.0,100000.0,740000.0,25280000.0,2040000.0,13690000.0,2960000.0,2100000.0,11480000.0,181470000.0,350000.0,56870000.0,2650000.0,850000.0,5110000.0,150000.0,90000.0,2100000.0,210000.0,4590000.0,,30000.0,,3520000.0,4360000.0,20090000.0,300000.0,60000.0,8810000.0,310000.0,660000.0,51990000.0,140000.0,4490000.0,,50000.0,1390000.0,3320000.0,36990000.0,0.0,1200000.0,740000.0,30150000.0,2320000.0,1577189900.0,9370000.0,80000.0,34830000.0,8000000.0,40000.0,80000.0,3760000.0,34320000.0,630000.0,2130000.0
1997,670000.0,1050000.0,490000.0,13200000.0,40970000.0,60000.0,160000.0,71390000.0,16200001.0,3220000.0,160000.0,23240000.0,680000.0,350000.0,3340000.0,4280000.0,1320000.0,180000.0,1060000.0,7610000.0,259999.98,3070000.0,120610000.0,300000.0,870000.0,80000.0,970000.0,100000.0,144850000.0,14850000.0,15730000.0,146130000.0,1380000.0,1820000.0,450000.0,250000.0,40000.0,21870000.0,50000.0,110000.0,2670000.0,2760000.0,1580000.0,10390000.0,169800000.0,60000.0,50000.0,11900000.0,4460000.0,15010000.0,10670000.0,24070000.0,360000.0,76850000.0,1720000.0,1280000.0,11700000.0,430000.0,124640000.0,120000.0,380000.0,121950000.0,1890000.0,2330000.0,350000.0,90000.0,60000.0,90000.0,17780000.0,80000.0,2880000.0,519999.97,1650000.0,3800000.0,580000.0,7530000.0,60650000.0,85800000.0,7160000.0,61270000.0,23760000.0,590000.0,12660000.0,110250000.0,1700000.0,3210000.0,260470000.0,7040000.0,2670000.0,1260000.0,1200000.0,20000.0,40000.0,78070000.0,5700000.0,,4170000.0,110000.0,10100000.0,150000.0,4670000.0,259999.98,3630000.0,3650000.0,1970000.0,6830000.0,1370000.0,730000.0,250000.0,95710000.0,40000.0,1480000.0,,750000.0,2400000.0,,810000.0,830000.0,790000.0,530000.0,470000.0,26930000.0,1080000.0,190000.0,21900000.0,1240000.0,0.0,30820000.0,12240000.0,740000.0,30000.0,11130000.0,2420000.0,5316630000.0,23350000.0,1940000.0,9400000.0,24750000.0,110000.0,730000.0,26740000.0,1130000.0,14250000.0,3320000.0,2350000.0,11680000.0,166570000.0,360000.0,57720000.0,3130000.0,920000.0,5060000.0,150000.0,100000.0,2130000.0,200000.0,6320000.0,,30000.0,,4110000.2,4560000.0,20330000.0,410000.0,80000.0,9000000.0,330000.0,430000.0,51790000.0,140000.0,2690000.0,,70000.0,1500000.0,3510000.0,34350000.0,0.0,1180000.0,770000.0,35900000.0,2520000.0,1602130000.0,9490000.0,80000.0,32450000.0,8750000.0,40000.0,80000.0,3780000.0,35230000.0,730000.0,2140000.0
1998,670000.0,830000.0,740000.0,13190000.0,43590000.0,70000.0,160000.0,71390000.0,18300000.0,3000000.0,160000.0,23970000.0,750000.0,410000.0,3420000.0,5420000.0,1390000.0,180000.0,1400000.0,8040000.0,259999.98,3170000.0,126900000.0,340000.0,820000.0,90000.0,1039999.94,120000.0,147470000.0,14990000.0,16559999.0,140290000.0,1210000.0,1880000.0,450000.0,320000.0,40000.0,21410000.0,60000.0,120000.0,2960000.0,2490000.0,1660000.0,10670000.0,172810000.0,100000.0,50000.0,11930000.0,4880000.0,15460000.0,9980000.0,26720000.0,230000.0,84240000.0,1780000.0,1410000.0,11860000.0,420000.0,129119990.0,120000.0,410000.0,121190000.0,1250000.0,2780000.0,400000.0,90000.0,60000.0,80000.0,19420000.0,80000.0,3430000.0,510000.0,1830000.0,3940000.0,640000.0,8400000.0,59200000.0,88780000.0,8450000.0,63730000.0,24220000.0,610000.0,11790000.0,113420000.0,1840000.0,3250000.0,259660000.0,7930000.0,2730000.0,1220000.0,1400000.0,20000.0,50000.0,65170000.0,5840000.0,,4460000.0,120000.0,9950000.0,170000.0,4880000.0,270000.0,3820000.0,3820000.0,1940000.0,7270000.0,1080000.0,830000.0,220000.0,98310000.0,40000.0,1010000.0,,650000.0,2950000.0,,790000.0,840000.0,890000.0,530000.0,430000.0,25150000.0,1120000.0,230000.0,18040000.0,1340000.0,0.0,31540000.0,12680000.0,770000.0,30000.0,11310000.0,2490000.0,5440819700.0,24560000.0,2160000.0,9350000.0,25460000.0,110000.0,750000.0,28190000.0,2120000.0,15520000.0,3480000.0,2470000.0,11050000.0,196400000.0,350000.0,57910000.0,2980000.0,1020000.0,5080000.0,150000.0,100000.0,2290000.0,180000.0,4900000.0,,30000.0,,4170000.0,3790000.0,20630000.0,430000.0,90000.0,9300000.0,340000.0,480000.0,44850000.0,120000.0,3260000.0,,60000.0,1550000.0,3610000.0,31720000.0,0.0,1390000.0,880000.0,33580000.0,2690000.0,1640360000.0,12940000.0,110000.0,33230000.0,9200000.0,40000.0,90000.0,4080000.0,34890000.0,700000.0,2120000.0
1999,490000.0,1160000.0,1410000.0,13570000.0,40970000.0,70000.0,170000.0,72770000.0,17820000.0,1570000.0,170000.0,24190000.0,850000.0,490000.0,3120000.0,5650000.0,1440000.0,180000.0,1340000.0,7090000.0,240000.0,3180000.0,124250000.0,350000.0,810000.0,100000.0,1130000.0,129999.99,151160000.0,14970000.0,16740000.0,157360000.0,1420000.0,1640000.0,440000.0,310000.0,40000.0,19080000.0,60000.0,150000.0,3070000.0,2350000.0,1700000.0,11760000.0,177660000.0,110000.0,60000.0,11960000.0,5200000.0,16469999.0,9050000.0,28390000.0,210000.0,88510000.0,1650000.0,1450000.0,12170000.0,420000.0,129520010.0,120000.0,390000.0,124730000.0,1130000.0,3090000.0,440000.0,90000.0,80000.0,120000.0,19600000.0,80000.0,3600000.0,580000.0,2120000.0,4230000.0,660000.0,8930000.0,58780000.0,93310000.0,9330000.0,71210000.0,24220000.0,620000.0,12540000.0,116260000.0,1930000.0,3320000.0,262000000.0,5820000.0,2690000.0,1130000.0,1360000.0,10000.0,50000.0,71800000.0,6010000.0,,4250000.0,120000.0,10950000.0,160000.0,5400000.0,270000.0,3410000.0,4250000.0,1910000.0,7760000.0,720000.0,910000.0,310000.0,101070000.0,40000.0,1080000.0,,600000.0,3000000.0,,820000.0,850000.0,1030000.0,710000.0,410000.0,30410000.0,1150000.0,220000.0,19660000.0,1410000.0,0.0,32090000.0,12890000.0,780000.0,20000.0,11590000.0,2540000.0,5602370000.0,25890000.0,2310000.0,9870000.0,25160000.0,110000.0,710000.0,30670000.0,890000.0,16250000.0,3480000.0,2290000.0,9310000.0,198050000.0,370000.0,58130000.0,2430000.0,1100000.0,5140000.0,150000.0,90000.0,2610000.0,160000.0,2590000.0,,30000.0,,4240000.0,3590000.0,21070000.0,490000.0,110000.0,8010000.0,350000.0,580000.0,46330000.0,60000.0,4150000.0,,70000.0,1570000.0,3840000.0,33300000.0,0.0,1160000.0,890000.0,28100000.0,2780000.0,1686180100.0,13490000.0,100000.0,32890000.0,9830000.0,40000.0,90000.0,4510000.0,35360000.0,670000.0,3130000.0
2000,510000.0,1070000.0,1470000.0,14850000.0,39840000.0,570000.0,170000.0,75010000.0,18560000.0,2360000.0,190000.0,24480000.0,920000.0,519999.97,3050000.0,5430000.0,1530000.0,180000.0,2089999.9,6450000.0,270000.0,2640000.0,125480000.0,370000.0,810000.0,110000.0,1220000.0,129999.99,149970000.0,16549999.0,16990000.0,248480000.0,1290000.0,1860000.0,790000.0,430000.0,40000.0,18560000.0,70000.0,150000.0,2970000.0,2170000.0,1740000.0,11870000.0,173470000.0,70000.0,80000.0,11930000.0,5330000.0,16850000.0,7990000.0,29250000.0,200000.0,90470000.0,1650000.0,1590000.0,11750000.0,460000.0,132479990.0,110000.0,320000.0,122950000.0,950000.0,2880000.0,470000.0,90000.0,20000.0,180000.0,19070000.0,80000.0,3860000.0,550000.0,2110000.0,4320000.0,710000.0,8870000.0,62690000.0,95090000.0,10390000.0,76490000.0,26370000.0,630000.0,13370000.0,116360000.0,1930000.0,3590000.0,261540020.0,9380000.0,2710000.0,850000.0,1320000.0,20000.0,50000.0,77780000.0,6020000.0,770000.0,4000000.0,120000.0,11130000.0,150000.0,5160000.0,270000.0,3040000.0,4850000.0,2120000.0,8170000.0,710000.0,910000.0,280000.0,105610000.0,40000.0,980000.0,760000.0,460000.0,3510000.0,,970000.0,850000.0,1050000.0,750000.0,390000.0,32210000.0,1130000.0,350000.0,21830000.0,1450000.0,0.0,32099998.0,12060000.0,830000.0,20000.0,12090000.0,2620000.0,5780140000.0,25600000.0,2330000.0,9710000.0,25240000.0,110000.0,830000.0,26970000.0,1710000.0,17610000.0,2800000.0,2420000.0,9450000.0,189170000.0,300000.0,60940000.0,2640000.0,1170000.0,5220000.0,150000.0,110000.0,2530000.0,140000.0,2330000.0,,30000.0,290000.0,4060000.0,3530000.0,21210000.0,510000.0,70000.0,8460000.0,129999.99,430000.0,45270000.0,40000.0,6500000.0,,60000.0,1640000.0,4030000.2,34740000.0,0.0,1460000.0,900000.0,26920000.0,2520000.0,1717850000.0,13490000.0,90000.0,33940000.0,10570000.0,40000.0,90000.0,4400000.0,35180000.0,730000.0,1920000.0
2001,510000.0,1200000.0,1550000.0,16280001.0,36630000.0,570000.0,180000.0,74420000.0,20050000.0,2600000.0,150000.0,25300000.0,990000.0,540000.0,3820000.0,5600000.0,1590000.0,180000.0,2130000.0,6120000.0,250000.0,2650000.0,128039990.0,370000.0,840000.0,120000.0,1310000.0,129999.99,147790000.0,16240000.0,16070000.0,254250000.0,1260000.0,1860000.0,650000.0,550000.0,30000.0,19460000.0,70000.0,180000.0,3170000.0,2210000.0,1800000.0,12750000.0,169540000.0,70000.0,90000.0,12030000.0,5340000.0,17040000.0,8480000.0,28160000.0,250000.0,94650000.0,1970000.0,1990000.0,11890000.0,560000.0,134220000.0,100000.0,360000.0,121900000.0,1150000.0,2880000.0,500000.0,110000.0,20000.0,210000.0,19770000.0,80000.0,4520000.0,570000.0,2250000.0,4380000.0,780000.0,9340000.0,66750000.0,94920000.0,10880000.0,80310000.0,28830000.0,640000.0,13280000.0,118490000.0,1880000.0,3710000.0,263620000.0,8200000.0,2670000.0,890000.0,1510000.0,20000.0,50000.0,81000000.0,6130000.0,870000.0,3740000.0,190000.0,11490000.0,170000.0,5220000.0,270000.0,3320000.0,5100000.0,2510000.0,8580000.0,710000.0,870000.0,310000.0,107880000.0,40000.0,940000.0,900000.0,430000.0,2820000.0,,930000.0,840000.0,1170000.0,750000.0,400000.0,34960000.0,1370000.0,360000.0,26580000.0,1470000.0,0.0,32369998.0,12260000.0,750000.0,20000.0,12150000.0,2880000.0,5809300000.0,25530000.0,2230000.0,9050000.0,25170000.0,110000.0,890000.0,26800000.0,1570000.0,17850000.0,2990000.0,2620000.0,11550000.0,195640000.0,310000.0,62720000.0,3420000.0,1170000.0,5320000.0,160000.0,120000.0,2540000.0,140000.0,3700000.0,,20000.0,300000.0,5350000.0,3690000.0,21140000.0,440000.0,90000.0,8040000.0,150000.0,290000.0,46410000.0,90000.0,6620000.0,,60000.0,1640000.0,4130000.0,33310002.0,0.0,1750000.0,920000.0,28470000.0,2410000.0,1720040100.0,13890000.0,110000.0,36200000.0,11290000.0,40000.0,90000.0,4840000.0,36010000.0,770000.0,1800000.0
2002,510000.0,1480000.0,1770000.0,18770000.0,33840000.0,540000.0,180000.0,76130000.0,21940000.0,2930000.0,170000.0,25240000.0,1180000.0,550000.0,3880000.0,5830000.0,1780000.0,180000.0,2040000.0,6610000.0,230000.0,2720000.0,130009990.0,370000.0,880000.0,140000.0,1250000.0,129999.99,159650000.0,16270000.0,16580000.0,276440000.0,1410000.0,2069999.9,690000.0,430000.0,20000.0,17260000.0,70000.0,180000.0,3510000.0,2060000.0,1780000.0,13290000.0,167120000.0,60000.0,60000.0,12180000.0,5730000.0,19360000.0,8820000.0,29020000.0,270000.0,96430000.0,2069999.9,2079999.9,12070000.0,440000.0,134140000.0,80000.0,390000.0,123170000.0,1210000.0,3340000.0,540000.0,120000.0,30000.0,290000.0,20030000.0,90000.0,4920000.0,550000.0,2260000.0,4680000.0,820000.0,9950000.0,67990000.0,97740000.0,11080000.0,86570000.0,27770000.0,640000.0,13820000.0,120750000.0,2069999.9,3770000.0,259120000.0,9130000.0,2790000.0,780000.0,1320000.0,20000.0,60000.0,86380000.0,6510000.0,890000.0,3750000.0,230000.0,11710000.0,160000.0,5320000.0,280000.0,3440000.0,5310000.0,2590000.0,8990000.0,960000.0,600000.0,400000.0,109780000.0,40000.0,990000.0,890000.0,290000.0,3470000.0,,1039999.94,910000.0,1350000.0,780000.0,420000.0,35800000.0,1210000.0,360000.0,27530000.0,1530000.0,0.0,33130002.0,12260000.0,790000.0,20000.0,12630000.0,2810000.0,5961330000.0,25870000.0,2360000.0,8920000.0,26100000.0,110000.0,940000.0,25880000.0,1570000.0,18490000.0,3170000.0,2900000.0,11790000.0,198610000.0,370000.0,66410004.0,3910000.0,1280000.0,5290000.0,170000.0,150000.0,2470000.0,140000.0,4490000.0,,30000.0,430000.0,6150000.0,3800000.0,21350000.0,450000.0,90000.0,8720000.0,180000.0,480000.0,49080000.0,120000.0,7560000.0,110000.0,70000.0,1690000.0,4240000.0,35080000.0,10000.0,2200000.0,930000.0,29700000.0,2180000.0,1741640100.0,13400000.0,120000.0,38470000.0,13840000.0,40000.0,100000.0,4250000.0,36790000.0,810000.0,1660000.0
2003,720000.0,2750000.0,1920000.0,20860000.0,34560000.0,590000.0,190000.0,76410000.0,23520000.0,3150000.0,129999.99,25880000.0,1370000.0,580000.0,3960000.0,6420000.0,1940000.0,190000.0,2060000.0,6820000.0,240000.0,2920000.0,127510000.0,380000.0,920000.0,160000.0,1340000.0,120000.0,162280000.0,16389999.0,16330000.0,313140000.0,1039999.94,2100000.0,820000.0,600000.0,30000.0,17730000.0,90000.0,190000.0,3590000.0,1890000.0,1890000.0,15120000.0,164040000.0,60000.0,70000.0,12660000.0,5260000.0,21760000.0,9150000.0,30640000.0,270000.0,101410000.0,2000000.0,2170000.0,12270000.0,470000.0,132820010.0,90000.0,350000.0,124570000.0,1240000.0,3100000.0,570000.0,120000.0,70000.0,340000.0,20980000.0,90000.0,4910000.0,540000.0,2300000.0,5080000.0,790000.0,10400000.0,69270000.0,99530000.0,11280000.0,91430000.0,21570000.0,640000.0,14290000.0,121810000.0,2069999.9,3830000.0,256840000.0,8650000.0,2500000.0,940000.0,1350000.0,30000.0,60000.0,88300000.0,7080000.0,930000.0,4000000.0,259999.98,11890000.0,170000.0,5660000.0,280000.0,3490000.0,5860000.0,2740000.0,9370000.0,1130000.0,840000.0,300000.0,116380000.0,40000.0,990000.0,1000000.0,370000.0,3880000.0,,1000000.0,1130000.0,1450000.0,810000.0,470000.0,38120000.0,1260000.0,390000.0,29080000.0,1520000.0,0.0,33660000.0,12640000.0,780000.0,10000.0,13160000.0,3040000.0,6086480000.0,27130000.0,2480000.0,9370000.0,25500000.0,110000.0,1020000.0,28300000.0,1530000.0,19440000.0,3370000.0,3360000.0,12420000.0,207550000.0,310000.0,68680000.0,3780000.0,1410000.0,5310000.0,180000.0,200000.0,2680000.0,140000.0,4920000.0,,30000.0,460000.0,5630000.0,3860000.0,21640000.0,470000.0,80000.0,7860000.0,190000.0,700000.0,52260000.0,100000.0,8189999.5,100000.0,80000.0,1680000.0,4380000.0,35130000.0,0.0,2310000.0,960000.0,29170000.0,2089999.9,1766750000.0,12170000.0,129999.99,34370000.0,15650000.0,40000.0,100000.0,5030000.0,38980000.0,860000.0,1390000.0
2004,600000.0,3450000.0,2310000.0,21070000.0,37170000.0,610000.0,200000.0,79180000.0,23850000.0,3790000.0,120000.0,26970000.0,1400000.0,580000.0,4580000.0,6950000.0,2120000.0,180000.0,2390000.0,6980000.0,240000.0,3230000.0,136450000.0,390000.0,970000.0,170000.0,1460000.0,120000.0,159700000.0,16490000.0,16920000.0,371140000.0,1140000.0,2170000.0,890000.0,710000.0,30000.0,20240000.0,100000.0,200000.0,3850000.0,1970000.0,1990000.0,15850000.0,163990000.0,60000.0,60000.0,12950000.0,5440000.0,22030000.0,9470000.0,31340000.0,259999.98,105760000.0,2040000.0,2340000.0,12600000.0,510000.0,133060000.0,70000.0,370000.0,125980000.0,1200000.0,3590000.0,610000.0,120000.0,80000.0,350000.0,21390000.0,90000.0,4770000.0,560000.0,2330000.0,5220000.0,770000.0,10880000.0,70830000.0,108050000.0,11990000.0,96960000.0,24140000.0,670000.0,14160000.0,124040000.0,2120000.0,4400000.0,256790020.0,9230000.0,2760000.0,1180000.0,1370000.0,30000.0,60000.0,88910000.0,7540000.0,960000.0,4010000.2,310000.0,12380000.0,190000.0,5840000.0,280000.0,3830000.0,6830000.0,2870000.0,9830000.0,1260000.0,890000.0,400000.0,122760000.0,40000.0,1010000.0,900000.0,450000.0,4320000.0,,1160000.0,1140000.0,1570000.0,830000.0,470000.0,40960000.0,1330000.0,400000.0,29690000.0,1460000.0,0.0,34190000.0,13010000.0,840000.0,10000.0,13460000.0,3210000.0,6368700400.0,29260000.0,2550000.0,10610000.0,26390000.0,110000.0,1150000.0,32090000.0,1550000.0,19900000.0,3370000.0,3760000.0,12890000.0,222180000.0,300000.0,72170000.0,4170000.0,1520000.0,5410000.0,190000.0,210000.0,2840000.0,140000.0,6280000.0,,30000.0,470000.0,5930000.0,4040000.0,22040000.0,470000.0,160000.0,10340000.0,200000.0,640000.0,56130000.0,129999.99,8270000.5,120000.0,70000.0,2050000.0,4420000.0,35740000.0,10000.0,2400000.0,990000.0,31170000.0,2210000.0,1788670100.0,12170000.0,140000.0,34840000.0,19160000.0,30000.0,100000.0,5220000.0,41260000.0,920000.0,1210000.0
2005,1130000.0,2480000.0,2380000.0,22750000.0,37710000.0,670000.0,210000.0,79330000.0,24550000.0,4210000.0,140000.0,26190000.0,1540000.0,650000.0,5100000.0,7760000.0,2480000.0,200000.0,2300000.0,7770000.0,250000.0,3450000.0,137190000.0,410000.0,950000.0,170000.0,1500000.0,110000.0,163460000.0,16570000.0,18560000.0,397309980.0,1230000.0,2110000.0,1110000.0,720000.0,40000.0,19850000.0,90000.0,230000.0,3770000.0,1910000.0,2030000.0,17150000.0,155630000.0,70000.0,60000.0,13170000.0,5760000.0,24160000.0,9910000.0,30790000.0,180000.0,109540000.0,2150000.0,2120000.0,12630000.0,480000.0,130800000.0,50000.0,370000.0,127200000.0,1510000.0,3550000.0,640000.0,120000.0,80000.0,390000.0,21780000.0,90000.0,5140000.0,540000.0,2130000.0,5430000.0,780000.0,11790000.0,69840000.0,115400000.0,12670000.0,104930000.0,26050000.0,670000.0,13470000.0,122960000.0,2210000.0,4850000.0,254020000.0,9550000.0,2890000.0,1090000.0,1500000.0,30000.0,50000.0,86020000.0,8160000.0,1000000.0,4040000.0,340000.0,12860000.0,170000.0,6320000.0,320000.0,4060000.0,7210000.0,3000000.0,10240000.0,1190000.0,850000.0,370000.0,130229990.0,40000.0,1020000.0,1000000.0,500000.0,4750000.0,470000.0,1030000.0,1039999.94,1580000.0,860000.0,450000.0,40700000.0,1560000.0,400000.0,28710000.0,1450000.0,0.0,34420000.0,13070000.0,840000.0,10000.0,13530000.0,3670000.0,6509820000.0,27200000.0,2890000.0,10080000.0,25110000.0,120000.0,1160000.0,34510000.0,1300000.0,19070000.0,3060000.0,4730000.0,12070000.0,220890000.0,330000.0,75750000.0,4950000.0,1460000.0,5590000.0,190000.0,250000.0,3060000.0,140000.0,6560000.0,,30000.0,500000.0,6510000.0,4310000.0,20990000.0,500000.0,100000.0,13630000.0,210000.0,610000.0,56160000.0,120000.0,8770000.0,120000.0,80000.0,2150000.0,4590000.0,36940000.0,10000.0,2760000.0,1020000.0,30590000.0,2270000.0,1807720000.0,12210000.0,129999.99,41550000.0,19360000.0,30000.0,110000.0,5570000.0,43200000.0,990000.0,1320000.0
2006,1430000.0,3290000.0,1920000.0,23920000.0,40550000.0,670000.0,220000.0,81250000.0,23400000.0,4840000.0,160000.0,26600000.0,1960000.0,770000.0,5310000.0,8189999.5,2590000.0,220000.0,2880000.0,9130000.0,259999.98,3990000.0,140260000.0,410000.0,1030000.0,170000.0,1580000.0,120000.0,162350000.0,16700001.0,18290000.0,434810000.0,1280000.0,1870000.0,1200000.0,880000.0,40000.0,20810000.0,110000.0,270000.0,3980000.0,1830000.0,2010000.0,17450000.0,153480000.0,70000.0,60000.0,13470000.0,5860000.0,25630000.0,10200000.0,33460000.0,160000.0,113150000.0,2300000.0,2260000.0,12810000.0,530000.0,131119990.0,60000.0,370000.0,128850010.0,1570000.0,3590000.0,670000.0,120000.0,90000.0,430000.0,22290000.0,100000.0,5320000.0,500000.0,1990000.0,5780000.0,780000.0,12600000.0,66290000.0,120650000.0,13880000.0,111140000.0,25870000.0,900000.0,13770000.0,124260000.0,2150000.0,4770000.0,250130000.0,10530000.0,3240000.0,1160000.0,1610000.0,30000.0,60000.0,85910000.0,9260000.0,1070000.0,3890000.0,370000.0,12960000.0,180000.0,5990000.0,310000.0,4330000.0,6900000.0,3320000.0,10540000.0,1200000.0,820000.0,450000.0,137410000.0,50000.0,1020000.0,1200000.0,519999.97,3990000.0,460000.0,1280000.0,1130000.0,1560000.0,870000.0,460000.0,39000000.0,1380000.0,420000.0,24230000.0,1490000.0,0.0,35310000.0,13680000.0,880000.0,10000.0,13680000.0,4090000.2,6661310000.0,27590000.0,3030000.0,10830000.0,23580000.0,129999.99,1130000.0,38260000.0,1000000.0,19020000.0,3360000.0,5650000.0,12520000.0,229170000.0,320000.0,81860000.0,5960000.0,1550000.0,5810000.0,200000.0,320000.0,2940000.0,140000.0,7090000.0,,40000.0,530000.0,6110000.0,4550000.0,21110000.0,500000.0,80000.0,14470000.0,270000.0,580000.0,52660000.0,160000.0,8720000.0,120000.0,90000.0,2630000.0,4560000.0,41650000.0,10000.0,2860000.0,1130000.0,30230000.0,2500000.0,1806020000.0,12930000.0,140000.0,43800000.0,19340000.0,30000.0,100000.0,5170000.0,44350000.0,1020000.0,1280000.0
2007,1600000.0,3900000.0,2100000.0,24590000.0,43880000.0,1060000.0,200000.0,83580000.0,23590000.0,3780000.0,160000.0,27430000.0,2430000.0,900000.0,5420000.0,7930000.0,2820000.0,220000.0,3050000.0,9290000.0,290000.0,4510000.0,145970000.0,410000.0,1130000.0,190000.0,1720000.0,120000.0,167690000.0,17040000.0,19810000.0,468580000.0,1290000.0,2130000.0,1330000.0,960000.0,40000.0,21770000.0,50000.0,270000.0,4270000.0,1850000.0,2150000.0,18410000.0,148380000.0,80000.0,70000.0,14020000.0,5950000.0,27600000.0,10000000.0,37030000.0,140000.0,116120000.0,2410000.0,2450000.0,13150000.0,540000.0,130289990.0,80000.0,430000.0,129550000.0,2069999.9,3780000.0,700000.0,160000.0,90000.0,460000.0,22880000.0,100000.0,5630000.0,550000.0,3160000.0,6210000.0,950000.0,12970000.0,67810000.0,142980000.0,14210000.0,110550000.0,25700000.0,970000.0,14500000.0,124730000.0,2069999.9,5090000.0,242910000.0,12100000.0,3270000.0,1750000.0,2000000.0,30000.0,60000.0,88580000.0,9570000.0,1170000.0,3060000.0,330000.0,11790000.0,190000.0,6570000.0,320000.0,5030000.0,6620000.0,3750000.0,11190000.0,1310000.0,870000.0,490000.0,145170000.0,70000.0,1170000.0,1120000.0,540000.0,4490000.0,610000.0,1540000.0,1400000.0,1960000.0,830000.0,510000.0,41530000.0,1390000.0,490000.0,21160000.0,1550000.0,0.0,34590000.0,14270000.0,910000.0,10000.0,13810000.0,6170000.0,6869600000.0,33200000.0,2830000.0,11280000.0,23710000.0,129999.99,1000000.0,42330000.0,1190000.0,19180000.0,3210000.0,6550000.0,13280000.0,230710000.0,290000.0,91260000.0,6500000.0,2030000.0,6010000.0,210000.0,290000.0,3150000.0,150000.0,5540000.0,,40000.0,540000.0,6690000.0,5150000.0,21260000.0,519999.97,110000.0,15480000.0,259999.98,640000.0,55630000.0,259999.98,9580000.0,110000.0,80000.0,2780000.0,4810000.0,47450000.0,10000.0,2840000.0,1190000.0,39950000.0,2680000.0,1806370000.0,13080000.0,150000.0,47440000.0,22640000.0,40000.0,110000.0,4720000.0,48750000.0,900000.0,1230000.0
2008,2680000.0,5200000.0,2290000.0,26160000.0,45850000.0,1260000.0,200000.0,85300000.0,22550000.0,4770000.0,170000.0,27500000.0,2450000.0,1020000.0,6070000.0,8310000.5,3090000.0,230000.0,3380000.0,10550000.0,310000.0,5090000.0,151340000.0,460000.0,1130000.0,200000.0,1980000.0,100000.0,167680000.0,17450000.0,20580000.0,507070000.0,1560000.0,2180000.0,1520000.0,1180000.0,40000.0,22090000.0,60000.0,230000.0,4380000.0,1820000.0,2190000.0,18260000.0,148890000.0,80000.0,60000.0,13870000.0,5440000.0,29190000.0,9960000.0,39050000.0,120000.0,109920000.0,2320000.0,2540000.0,12530000.0,380000.0,124320000.0,60000.0,430000.0,122740000.0,1740000.0,4090000.2,720000.0,160000.0,80000.0,470000.0,22200000.0,100000.0,5150000.0,550000.0,3040000.0,6150000.0,920000.0,12890000.0,72070000.0,163210000.0,13390000.0,115230000.0,24600000.0,910000.0,15980000.0,117930000.0,2040000.0,4630000.0,233810000.0,13780000.0,3360000.0,1960000.0,2069999.9,30000.0,60000.0,84130000.0,10540000.0,1350000.0,4440000.0,270000.0,13460000.0,190000.0,6020000.0,350000.0,5010000.0,6720000.0,3550000.0,12260000.0,1590000.0,890000.0,480000.0,151180000.0,70000.0,1200000.0,1150000.0,580000.0,2100000.0,610000.0,1620000.0,1370000.0,1690000.0,840000.0,650000.0,43620000.0,1520000.0,500000.0,25370000.0,1520000.0,0.0,34950000.0,13930000.0,1340000.0,10000.0,13890000.0,7320000.0,6873750000.0,32169998.0,3140000.0,13790000.0,22720000.0,129999.99,1060000.0,44280000.0,1220000.0,19240000.0,3800000.0,8410000.0,14860000.0,245300000.0,290000.0,98530000.0,7760000.0,2190000.0,6120000.0,210000.0,259999.98,2950000.0,160000.0,6930000.0,,40000.0,570000.0,7330000.0,6060000.0,20810000.0,490000.0,129999.99,15690000.0,320000.0,870000.0,51980000.0,250000.0,9540000.0,110000.0,80000.0,3000000.0,4650000.0,44670000.0,0.0,3090000.0,1380000.0,39920000.0,2730000.0,1708270100.0,12950000.0,140000.0,49510000.0,24100000.0,40000.0,100000.0,5040000.0,47050000.0,980000.0,1030000.0
2009,4370000.0,5760000.0,2310000.0,28790000.0,42020000.0,1140000.0,200000.0,84940000.0,21720000.0,4250000.0,190000.0,26690000.0,2810000.0,960000.0,6390000.0,7980000.0,3040000.0,450000.0,3490000.0,9650000.0,350000.0,5540000.0,148720000.0,440000.0,1120000.0,220000.0,1780000.0,100000.0,163760000.0,17240000.0,20710000.0,517070000.0,1550000.0,2510000.0,1520000.0,1280000.0,40000.0,20400000.0,80000.0,250000.0,4440000.0,1410000.0,2190000.0,17630000.0,147060000.0,60000.0,80000.0,13140000.0,5640000.0,30520000.0,10480000.0,41780000.0,120000.0,101320000.0,2130000.0,2650000.0,11960000.0,300000.0,122930000.0,100000.0,410000.0,118320000.0,2170000.0,4970000.0,770000.0,220000.0,100000.0,490000.0,24800000.0,100000.0,5860000.0,590000.0,2970000.0,6110000.0,940000.0,12810000.0,81680000.0,178710000.0,12140000.0,125210000.0,25270000.0,890000.0,15700000.0,111840000.0,2000000.0,5150000.0,227640000.0,12440000.0,4170000.0,2270000.0,2690000.0,30000.0,60000.0,84990000.0,11730000.0,1510000.0,5110000.0,290000.0,15610000.0,190000.0,5500000.0,390000.0,4139999.8,6190000.0,3110000.0,12970000.0,1510000.0,850000.0,510000.0,147700000.0,70000.0,1290000.0,1400000.0,519999.97,2190000.0,630000.0,1480000.0,1540000.0,2180000.0,870000.0,680000.0,42750000.0,1690000.0,650000.0,23740000.0,1490000.0,0.0,33439998.0,13630000.0,1750000.0,10000.0,13620000.0,7440000.0,6733930000.0,32689998.0,3420000.0,15070000.0,23590000.0,129999.99,1080000.0,44690000.0,1320000.0,18960000.0,3960000.0,8460000.0,14890000.0,228320000.0,300000.0,101550000.0,7870000.0,1950000.0,6700000.0,220000.0,290000.0,3060000.0,160000.0,6520000.0,,40000.0,580000.0,6320000.0,5080000.0,20290000.0,560000.0,110000.0,13130000.0,420000.0,1930000.0,54910000.0,240000.0,7220000.0,120000.0,90000.0,3050000.0,5720000.0,44260000.0,10000.0,3020000.0,1520000.0,33419998.0,2940000.0,1622550000.0,12140000.0,190000.0,50260000.0,28930000.0,80000.0,110000.0,8149999.5,45070000.0,1150000.0,1110000.0
2010,5540000.0,5680000.0,2240000.0,30060000.0,44200000.0,1260000.0,200000.0,87630000.0,22530000.0,4950000.0,230000.0,25870000.0,3170000.0,1200000.0,7390000.0,7760000.0,3120000.0,550000.0,3400000.0,10240000.0,330000.0,6070000.0,167990000.0,440000.0,1180000.0,280000.0,1890000.0,120000.0,169430000.0,17180000.0,21440000.0,568780000.0,1480000.0,2680000.0,1650000.0,1480000.0,50000.0,20630000.0,90000.0,259999.98,4560000.0,1250000.0,2240000.0,16600000.0,148120000.0,90000.0,50000.0,12990000.0,5740000.0,31710000.0,12660000.0,44840000.0,140000.0,98450000.0,2240000.0,2710000.0,12470000.0,470000.0,123270000.0,50000.0,640000.0,116850000.0,2260000.0,5060000.0,940000.0,70000.0,100000.0,510000.0,21990000.0,100000.0,5780000.0,610000.0,2970000.0,5870000.0,1080000.0,11650000.0,89110000.0,192920000.0,11340000.0,116750000.0,28020000.0,850000.0,16450001.0,109190000.0,1860000.0,5220000.0,228650000.0,13150000.0,4950000.0,1980000.0,2950000.0,20000.0,70000.0,86560000.0,12180000.0,1520000.0,5050000.0,430000.0,18250000.0,210000.0,6920000.0,400000.0,4280000.0,6550000.0,3180000.0,13650000.0,1740000.0,890000.0,590000.0,150580000.0,80000.0,1350000.0,1550000.0,560000.0,2300000.0,690000.0,1450000.0,1700000.0,2160000.0,920000.0,610000.0,44100000.0,1770000.0,800000.0,29730000.0,1550000.0,0.0,34050000.0,15010000.0,1940000.0,10000.0,13610000.0,8250000.0,7021060000.0,33360000.0,3560000.0,16880000.0,23750000.0,129999.99,1130000.0,47120000.0,1320000.0,18530000.0,4450000.0,8870000.0,13830000.0,244130000.0,300000.0,105400000.0,8920000.0,2060000.0,6790000.0,230000.0,350000.0,3010000.0,140000.0,6580000.0,,50000.0,670000.0,7150000.0,5210000.0,20670000.0,590000.0,100000.0,12960000.0,830000.0,1600000.0,55660000.0,270000.0,8260000.0,120000.0,70000.0,3200000.0,6860000.0,43390000.0,0.0,3540000.0,1280000.0,33910000.0,3100000.0,1679770000.0,12920000.0,140000.0,48590000.0,31070000.0,80000.0,110000.0,7150000.0,46500000.0,1230000.0,1320000.0
2011,6710000.0,6280000.0,2360000.0,30080000.0,45670000.0,1290000.0,190000.0,89770000.0,21720000.0,5800000.0,290000.0,25470000.0,3280000.0,1270000.0,8620000.0,7940000.0,2940000.0,500000.0,3410000.0,10870000.0,460000.0,6730000.0,185150000.0,460000.0,1280000.0,350000.0,1980000.0,129999.99,169060000.0,16980000.0,21860000.0,621890000.0,1580000.0,2830000.0,2130000.0,1650000.0,50000.0,25020000.0,80000.0,290000.0,4680000.0,1220000.0,2170000.0,16469999.0,149940000.0,70000.0,50000.0,12640000.0,6050000.0,34220000.0,13700000.0,46770000.0,240000.0,91990000.0,2240000.0,2860000.0,12290000.0,460000.0,127900000.0,70000.0,730000.0,115400000.0,2310000.0,5640000.0,1000000.0,70000.0,100000.0,530000.0,19640000.0,100000.0,5660000.0,650000.0,3050000.0,5760000.0,1100000.0,10830000.0,108500000.0,209290000.0,10760000.0,116940000.0,29860000.0,820000.0,15670000.0,109150000.0,1840000.0,5330000.0,223030000.0,13470000.0,4610000.0,2770000.0,3120000.0,20000.0,70000.0,85080000.0,12500000.0,1510000.0,5060000.0,500000.0,13620000.0,210000.0,7380000.0,410000.0,4250000.0,6950000.0,2820000.0,14440000.0,1860000.0,1000000.0,610000.0,151660000.0,90000.0,1420000.0,1870000.0,550000.0,2360000.0,650000.0,1720000.0,2060000.0,2120000.0,930000.0,630000.0,44630000.0,1790000.0,770000.0,31730000.0,1610000.0,0.0,34150000.0,14980000.0,1960000.0,10000.0,13640000.0,9560000.0,7134360000.0,34950000.0,3670000.0,17700000.0,23530000.0,140000.0,1170000.0,47720000.0,1330000.0,17200000.0,4670000.0,9850000.0,14050000.0,249690000.0,380000.0,116540000.0,8910000.0,2200000.0,7250000.0,250000.0,410000.0,3110000.0,140000.0,5940000.0,,40000.0,570000.0,7120000.0,5570000.0,20370000.0,519999.97,90000.0,12920000.0,730000.0,1480000.0,58490000.0,290000.0,9970000.0,129999.99,70000.0,3190000.0,6400000.0,44000000.0,10000.0,4430000.0,1640000.0,33670000.0,3220000.0,1633590000.0,12500000.0,140000.0,50840000.0,30510000.0,90000.0,110000.0,6660000.0,48780000.0,1340000.0,2250000.0
2012,5850000.0,6740000.0,2260000.0,30760000.0,44820000.0,1300000.0,200000.0,90430000.0,21660000.0,6400000.0,300000.0,24710000.0,3420000.0,1600000.0,8700000.0,8210000.0,3160000.0,480000.0,3190000.0,11670000.0,340000.0,7320000.0,202540000.0,440000.0,1340000.0,400000.0,2060000.0,140000.0,169380000.0,17130000.0,22430000.0,686130000.0,2360000.0,3010000.0,2110000.0,1600000.0,60000.0,26380000.0,80000.0,270000.0,4790000.0,1060000.0,2000000.0,16139999.0,148510000.0,50000.0,50000.0,11590000.0,6560000.0,38640000.0,14180000.0,50900000.0,210000.0,82650000.0,2280000.0,3250000.0,11990000.0,460000.0,126770000.0,80000.0,750000.0,114910000.0,2450000.0,6730000.0,1060000.0,70000.0,100000.0,550000.0,16420000.0,100000.0,5690000.0,660000.0,3170000.0,5550000.0,960000.0,10510000.0,129619990.0,221520000.0,10550000.0,123770000.0,33099998.0,800000.0,17150000.0,102510000.0,1510000.0,6870000.0,220700000.0,14400000.0,4900000.0,3940000.0,3290000.0,20000.0,70000.0,87520000.0,12850000.0,1690000.0,8120000.0,540000.0,16880000.0,210000.0,7980000.0,440000.0,4280000.0,6630000.0,2730000.0,14650000.0,1630000.0,1020000.0,730000.0,152510000.0,90000.0,1360000.0,1910000.0,540000.0,3030000.0,610000.0,1970000.0,2380000.0,2430000.0,950000.0,660000.0,44400000.0,1760000.0,1039999.94,35160000.0,1700000.0,0.0,32680000.0,15110000.0,1670000.0,10000.0,13540000.0,10840000.0,7191590000.0,35750000.0,3710000.0,18010000.0,24490000.0,150000.0,1360000.0,45870000.0,1320000.0,15830000.0,4420000.0,9300000.0,15320000.0,237320000.0,410000.0,126810000.0,8640000.0,2100000.0,7010000.0,250000.0,410000.0,2740000.0,129999.99,5230000.0,950000.0,40000.0,690000.0,6470000.0,5580000.0,19350000.0,519999.97,90000.0,10570000.0,970000.0,1260000.0,60460000.0,880000.0,10390000.0,190000.0,70000.0,3110000.0,6360000.0,51060000.0,0.0,5770000.0,2040000.0,31250000.0,3260000.0,1597530000.0,10200000.0,140000.0,54200000.0,30060000.0,80000.0,110000.0,5480000.0,48840000.0,1610000.0,2550000.0
2013,4330000.0,7700000.0,2470000.0,34670000.0,47740000.0,1280000.0,200000.0,91830000.0,23120000.0,7290000.0,320000.0,24220000.0,3840000.0,1740000.0,8260000.0,7270000.0,3280000.0,560000.0,2820000.0,12180000.0,370000.0,8120000.0,209780000.0,420000.0,1330000.0,410000.0,2150000.0,90000.0,173130000.0,17080000.0,24490000.0,741090050.0,2560000.0,3200000.0,2470000.0,1910000.0,60000.0,24870000.0,120000.0,250000.0,4870000.0,1240000.0,1800000.0,16000000.0,152370000.0,110000.0,50000.0,11380000.0,5790000.0,40280000.0,15120000.0,51400000.0,190000.0,81650000.0,2230000.0,3800000.0,11830000.0,570000.0,125810000.0,80000.0,850000.0,114170000.0,3070000.0,7120000.0,1070000.0,70000.0,110000.0,580000.0,16309999.0,90000.0,5970000.0,630000.0,3160000.0,5630000.0,900000.0,9790000.0,136120000.0,226260000.0,10710000.0,128240010.0,31630000.0,820000.0,15890000.0,100720000.0,1610000.0,7110000.0,218030000.0,13610000.0,5820000.0,3940000.0,3380000.0,30000.0,70000.0,90800000.0,13150000.0,1920000.0,6720000.0,540000.0,17690000.0,210000.0,7720000.0,420000.0,4280000.0,6480000.0,2760000.0,15210000.0,1720000.0,1070000.0,690000.0,150640000.0,80000.0,1540000.0,1400000.0,540000.0,3510000.0,500000.0,1920000.0,2580000.0,2320000.0,970000.0,700000.0,58170000.0,1830000.0,1110000.0,44850000.0,1710000.0,0.0,31130000.0,14980000.0,1880000.0,10000.0,13690000.0,11950000.0,7376710000.0,36590000.0,3700000.0,19560000.0,25560000.0,150000.0,1440000.0,43180000.0,1440000.0,15600000.0,4740000.0,10190000.0,14920000.0,238700000.0,490000.0,128899990.0,9040000.0,2330000.0,6510000.0,270000.0,550000.0,2780000.0,129999.99,5770000.0,940000.0,40000.0,620000.0,6480000.0,5290000.0,18850000.0,670000.0,90000.0,6510000.0,990000.0,740000.0,59840000.0,900000.0,11120000.0,180000.0,70000.0,2980000.0,6060000.0,57200000.0,0.0,6350000.0,2190000.0,31330000.0,3430000.0,1646939900.0,9240000.0,120000.0,53370000.0,29300000.0,80000.0,110000.0,8300000.0,53650000.0,1660000.0,2840000.0
2014,3530000.0,7940000.0,2480000.0,35580000.0,44060000.0,1710000.0,210000.0,92030000.0,22660000.0,7550000.0,310000.0,24450000.0,4070000.2,1810000.0,8920000.0,8130000.0,3370000.0,590000.0,2980000.0,11590000.0,400000.0,8810000.0,214780000.0,410000.0,1350000.0,390000.0,2230000.0,110000.0,171600000.0,16920000.0,23570000.0,770349950.0,2700000.0,3410000.0,2880000.0,2020000.0,60000.0,25870000.0,100000.0,240000.0,4970000.0,1400000.0,1750000.0,16510000.0,154570000.0,120000.0,60000.0,11470000.0,5050000.0,43520000.0,16260000.0,53600000.0,190000.0,82090000.0,2230000.0,4240000.0,10710000.0,630000.0,125900000.0,80000.0,830000.0,115640000.0,3440000.0,7170000.0,1190000.0,80000.0,110000.0,590000.0,16350000.0,90000.0,6390000.0,690000.0,3290000.0,5580000.0,1170000.0,10930000.0,136590000.0,235750000.0,11130000.0,141150000.0,25060000.0,820000.0,16030001.0,105390000.0,1690000.0,7050000.0,211970000.0,14410000.0,6480000.0,3150000.0,3700000.0,30000.0,70000.0,92380000.0,13620000.0,2230000.0,7120000.0,370000.0,19560000.0,210000.0,8029999.5,430000.0,4760000.0,6190000.0,2880000.0,15410000.0,1790000.0,1140000.0,770000.0,151240000.0,90000.0,1620000.0,1070000.0,550000.0,3960000.0,490000.0,1990000.0,3020000.0,2500000.0,1000000.0,560000.0,65160004.0,1900000.0,1170000.0,49180000.0,1880000.0,0.0,28420000.0,15280000.0,2130000.0,10000.0,13820000.0,12540000.0,7499220000.0,39060000.0,3950000.0,19340000.0,26650000.0,150000.0,1580000.0,43790000.0,1340000.0,15690000.0,4980000.0,12270000.0,15280000.0,241390000.0,530000.0,136720000.0,9430000.0,2450000.0,6730000.0,220000.0,610000.0,2800000.0,129999.99,6020000.0,950000.0,50000.0,670000.0,6060000.0,5300000.0,18360000.0,670000.0,110000.0,6040000.0,1020000.0,390000.0,58100000.0,1540000.0,12150000.0,240000.0,70000.0,3350000.0,6330000.0,60930000.0,0.0,5790000.0,2440000.0,26910000.0,3420000.0,1639850000.0,8630000.0,150000.0,52890000.0,29960000.0,120000.0,110000.0,8380000.0,51210000.0,1880000.0,2550000.0
2015,4300000.0,7980000.0,2450000.0,30880000.0,46280000.0,1660000.0,210000.0,91920000.0,23170000.0,6800000.0,330000.0,26090000.0,4580000.0,1840000.0,9360000.0,8930000.0,3520000.0,650000.0,3110000.0,10380000.0,530000.0,9170000.0,200790000.0,410000.0,1360000.0,410000.0,2310000.0,160000.0,171090000.0,16200001.0,25230000.0,828460000.0,3170000.0,3170000.0,2770000.0,1700000.0,60000.0,27990000.0,110000.0,230000.0,5310000.0,1520000.0,1820000.0,17320000.0,157590000.0,110000.0,60000.0,12000000.0,6130000.0,46090000.0,16930000.0,54980000.0,190000.0,85140000.0,2300000.0,4710000.0,10700000.0,620000.0,127210000.0,80000.0,810000.0,118820000.0,3780000.0,7780000.0,1360000.0,80000.0,110000.0,610000.0,16680000.0,90000.0,7300000.0,680000.0,3890000.0,5890000.0,1400000.0,11930000.0,132030000.0,257750000.0,11280000.0,139100000.0,24010000.0,850000.0,16930000.0,103010000.0,1650000.0,7830000.0,211340000.0,15260000.0,7990000.0,2670000.0,4070000.2,20000.0,70000.0,98370000.0,14050000.0,2350000.0,8350000.5,340000.0,15140000.0,210000.0,9230000.0,470000.0,5050000.0,5750000.0,3060000.0,16379999.0,1950000.0,1180000.0,710000.0,150510000.0,90000.0,1800000.0,1190000.0,590000.0,4330000.0,560000.0,2010000.0,3140000.0,2730000.0,1030000.0,640000.0,61210000.0,2050000.0,1210000.0,44720000.0,2130000.0,0.0,28890000.0,15240000.0,1810000.0,10000.0,14400000.0,13210000.0,7731710000.0,44070000.0,4350000.0,21150000.0,30820000.0,140000.0,1700000.0,46650000.0,1410000.0,15770000.0,5470000.0,12790000.0,15400000.0,240610000.0,620000.0,146940000.0,9950000.0,2720000.0,7220000.0,190000.0,680000.0,3300000.0,129999.99,5870000.0,1020000.0,50000.0,680000.0,5970000.0,5280000.0,18410000.0,570000.0,110000.0,5710000.0,990000.0,710000.0,61630000.0,1330000.0,11320000.0,230000.0,70000.0,3370000.0,6730000.0,72510000.0,0.0,6530000.0,2740000.0,23060000.0,3450000.0,1700050000.0,8130000.0,120000.0,46220000.0,33180000.0,100000.0,129999.99,3130000.0,53550000.0,2100000.0,2340000.0
2016,3310000.0,7910000.0,2300000.0,34630000.0,45250000.0,1580000.0,220000.0,93280000.0,23990000.0,6410000.0,370000.0,25790000.0,5800000.0,2150000.0,9930000.0,9040000.0,3600000.0,660000.0,3620000.0,10800000.0,500000.0,9660000.0,199050000.0,420000.0,1340000.0,430000.0,2260000.0,190000.0,170190000.0,16040001.0,26380000.0,845360000.0,3840000.0,3260000.0,2210000.0,1450000.0,60000.0,29220000.0,129999.99,240000.0,5750000.0,1510000.0,1930000.0,18000000.0,161020000.0,140000.0,60000.0,12160000.0,6630000.0,44880000.0,17100000.0,57400000.0,200000.0,88340000.0,2350000.0,5730000.0,11910000.0,620000.0,127720000.0,80000.0,830000.0,121630000.0,4290000.0,7190000.0,1420000.0,80000.0,110000.0,630000.0,17160000.0,100000.0,7940000.0,760000.0,4020000.0,6100000.0,1420000.0,11960000.0,128100010.0,269390000.0,11940000.0,130240010.0,24520000.0,930000.0,17490000.0,101710000.0,1800000.0,8300000.0,208910000.0,15770000.0,8780000.0,3270000.0,4510000.0,20000.0,80000.0,101180000.0,14500000.0,2990000.0,8860000.0,310000.0,18270000.0,210000.0,11290000.0,500000.0,5440000.0,5580000.0,3080000.0,17040000.0,2050000.0,1220000.0,840000.0,155890000.0,90000.0,2050000.0,2530000.0,590000.0,4440000.0,660000.0,1760000.0,3470000.0,2910000.0,1100000.0,780000.0,62890000.0,2130000.0,1080000.0,51250000.0,2190000.0,0.0,29040000.0,14760000.0,3040000.0,20000.0,14690000.0,12410000.0,7883340000.0,49130000.0,4700000.0,23150000.0,33340000.0,129999.99,1720000.0,53260000.0,1450000.0,16350000.0,6400000.0,13180000.0,16459999.0,240200000.0,570000.0,146450000.0,11350000.0,2960000.0,7400000.0,190000.0,710000.0,3440000.0,140000.0,6010000.0,950000.0,50000.0,1000000.0,6740000.0,5650000.0,17490000.0,480000.0,129999.99,5150000.0,890000.0,610000.0,65650000.0,1290000.0,11010000.0,350000.0,80000.0,3030000.0,7080000.0,79150000.0,0.0,7640000.0,2940000.0,24290000.0,3520000.0,1711220000.0,8200000.0,129999.99,40540000.0,36790000.0,110000.0,140000.0,2590000.0,51360000.0,2079999.9,1840000.0
2017,3940000.0,6720000.0,2310000.0,37660000.0,46430000.0,1670000.0,220000.0,94860000.0,24550000.0,7720000.0,430000.0,25200000.0,5990000.0,2730000.0,11070000.0,9190000.0,3710000.0,790000.0,3780000.0,11260000.0,480000.0,10310000.0,200180000.0,430000.0,1330000.0,470000.0,2300000.0,200000.0,174170000.0,15750000.0,27380000.0,877820000.0,3570000.0,3190000.0,2270000.0,1320000.0,60000.0,29230000.0,150000.0,240000.0,5860000.0,1650000.0,2000000.0,18540000.0,163490000.0,150000.0,50000.0,12140000.0,6510000.0,44400000.0,18200000.0,55710000.0,190000.0,91200000.0,2430000.0,6070000.0,11310000.0,670000.0,128380010.0,80000.0,200000.0,122090000.0,3870000.0,7160000.0,1710000.0,80000.0,110000.0,510000.0,16880000.0,100000.0,8189999.5,770000.0,3910000.0,6570000.0,1440000.0,12730000.0,135040000.0,291230000.0,11670000.0,134850000.0,27730000.0,980000.0,17960000.0,97610000.0,1950000.0,9120000.0,207050000.0,15000000.0,8590000.0,1840000.0,4800000.0,30000.0,80000.0,103330000.0,15080000.0,3040000.0,9320000.0,280000.0,17220000.0,220000.0,10450000.0,500000.0,5690000.0,5680000.0,3240000.0,17680000.0,2060000.0,1240000.0,870000.0,151370000.0,90000.0,2130000.0,2640000.0,610000.0,5930000.0,710000.0,2110000.0,3280000.0,2680000.0,1120000.0,930000.0,60570000.0,2130000.0,960000.0,51300000.0,2330000.0,0.0,29850000.0,13950000.0,3740000.0,20000.0,15670000.0,12300000.0,8076090000.0,53840000.0,4860000.0,23480000.0,34460000.0,140000.0,1750000.0,61540000.0,5430000.0,16700001.0,7250000.0,13450000.0,17590000.0,246060000.0,560000.0,142910000.0,11390000.0,2630000.0,6640000.0,190000.0,680000.0,3360000.0,140000.0,6280000.0,740000.0,50000.0,820000.0,7800000.0,5770000.0,17290000.0,590000.0,160000.0,5030000.0,770000.0,640000.0,71990000.0,1180000.0,11370000.0,300000.0,90000.0,3050000.0,7610000.0,82840000.0,0.0,7170000.0,3110000.0,25350000.0,3680000.0,1724020000.0,8860000.0,110000.0,37110000.0,40040000.0,90000.0,140000.0,2440000.0,55410000.0,1870000.0,2000000.0
2018,4410000.0,6950000.0,2210000.0,37670000.0,47790000.0,1800000.0,220000.0,97270000.0,24800000.0,8510000.0,560000.0,25280000.0,6750000.0,3100000.0,11620000.0,9400000.0,3820000.0,780000.0,3750000.0,11840000.0,470000.0,10710000.0,191870000.0,420000.0,1350000.0,540000.0,2460000.0,210000.0,180290000.0,15810000.0,28330000.0,950960000.0,3970000.0,3320000.0,3130000.0,1290000.0,60000.0,29800000.0,160000.0,259999.98,5880000.0,1620000.0,2020000.0,18670000.0,157660000.0,170000.0,70000.0,12310000.0,7170000.0,45160000.0,19160000.0,56160000.0,220000.0,92270000.0,2470000.0,6740000.0,11510000.0,740000.0,125680000.0,80000.0,200000.0,120560000.0,3760000.0,8370000.0,1450000.0,80000.0,110000.0,480000.0,17170000.0,110000.0,8560000.0,780000.0,3970000.0,6340000.0,1460000.0,13520000.0,147310000.0,305690020.0,11840000.0,138180000.0,32369998.0,1020000.0,18040000.0,100200000.0,2250000.0,9010000.0,204510000.0,17430000.0,9670000.0,1490000.0,5150000.0,30000.0,80000.0,101420000.0,15890000.0,3120000.0,8109999.5,250000.0,16770000.0,220000.0,9950000.0,530000.0,6050000.0,6070000.0,3240000.0,18160000.0,2100000.0,1190000.0,1020000.0,147370000.0,90000.0,2130000.0,2650000.0,660000.0,6100000.0,760000.0,2170000.0,3250000.0,3050000.0,1140000.0,1060000.0,60830000.0,2110000.0,1030000.0,54990000.0,2079999.9,0.0,29860000.0,13950000.0,4030000.2,20000.0,15820000.0,12140000.0,8266900500.0,49340000.0,4810000.0,24180000.0,35640000.0,140000.0,1650000.0,63320000.0,4870000.0,16820000.0,7610000.0,11760000.0,18080000.0,258019980.0,519999.97,136100000.0,11520000.0,2900000.0,6380000.0,190000.0,640000.0,3470000.0,140000.0,6370000.0,960000.0,50000.0,680000.0,7730000.0,5740000.0,16540001.0,590000.0,190000.0,6540000.0,730000.0,1010000.0,72370000.0,1230000.0,11050000.0,300000.0,80000.0,2500000.0,7630000.0,83370000.0,0.0,7480000.0,3390000.0,25100000.0,3630000.0,1762240000.0,14470000.0,140000.0,32509998.0,41850000.0,129999.99,150000.0,3040000.0,54240000.0,1840000.0,2620000.0
2019,4550000.0,7930000.0,2190000.0,35780000.0,47470000.0,2060000.0,240000.0,97040000.0,24830000.0,8420000.0,560000.0,24960000.0,5910000.0,2780000.0,12240000.0,9510000.0,3740000.0,800000.0,4010000.2,11800000.0,540000.0,10840000.0,193170000.0,430000.0,1320000.0,540000.0,2360000.0,210000.0,177500000.0,15760000.0,28740000.0,944370000.0,4240000.0,3420000.0,3290000.0,1300000.0,60000.0,31290000.0,180000.0,290000.0,5970000.0,1470000.0,2040000.0,18890000.0,160040000.0,170000.0,60000.0,12040000.0,7640000.0,45320000.0,19460000.0,51960000.0,220000.0,93580000.0,2440000.0,7530000.0,11110000.0,740000.0,125300000.0,90000.0,200000.0,118580000.0,3900000.0,8890000.0,2050000.0,80000.0,120000.0,519999.97,17550000.0,110000.0,9360000.0,880000.0,4220000.0,6510000.0,1470000.0,14340000.0,148040000.0,308560000.0,11830000.0,143330000.0,34430000.0,1010000.0,18130000.0,100920000.0,2460000.0,8480000.0,200810000.0,16320000.0,10730000.0,1130000.0,6230000.0,30000.0,80000.0,105990000.0,16309999.0,2470000.0,8420000.0,570000.0,17060000.0,220000.0,10200000.0,530000.0,6270000.0,6200000.0,3220000.0,18950000.0,2160000.0,1400000.0,1150000.0,150130000.0,90000.0,2310000.0,3390000.0,700000.0,6360000.0,800000.0,2720000.0,3590000.0,3260000.0,1200000.0,1300000.0,64780000.0,2110000.0,1170000.0,58860000.0,2150000.0,0.0,29440000.0,13600000.0,2490000.0,20000.0,15350000.0,12090000.0,8283870000.0,45900000.0,5170000.0,25570000.0,36910000.0,140000.0,1670000.0,64290000.0,5400000.0,17200000.0,7380000.0,12330000.0,18550000.0,262480020.0,620000.0,136430000.0,11780000.0,3100000.0,6300000.0,200000.0,670000.0,3740000.0,140000.0,6890000.0,970000.0,40000.0,880000.0,7830000.0,5530000.0,16680000.0,690000.0,170000.0,5690000.0,770000.0,920000.0,73990000.0,1360000.0,10960000.0,310000.0,110000.0,2770000.0,7320000.0,83520000.0,0.0,7980000.0,3520000.0,26670000.0,4179999.8,1757339900.0,14970000.0,110000.0,29850000.0,43570000.0,110000.0,170000.0,3080000.0,51150000.0,1840000.0,2240000.0
2020,5070000.0,3900000.0,1530000.0,30710000.0,37390000.0,2260000.0,230000.0,90500000.0,21670000.0,6850000.0,660000.0,20770000.0,6170000.0,2880000.0,11480000.0,8940000.0,3290000.0,540000.0,3640000.0,10610000.0,450000.0,8750000.0,182610000.0,340000.0,1200000.0,380000.0,2130000.0,220000.0,148730000.0,14450000.0,25470000.0,901960000.0,4159999.8,3420000.0,3450000.0,1220000.0,50000.0,26950000.0,220000.0,220000.0,4990000.0,1210000.0,1770000.0,17590000.0,142450000.0,129999.99,40000.0,11050000.0,6860000.0,40260000.0,15830000.0,53420000.0,220000.0,73790000.0,2270000.0,6910000.0,10320000.0,500000.0,105860000.0,80000.0,170000.0,94220000.0,3770000.0,9740000.0,2360000.0,80000.0,100000.0,430000.0,14840000.0,90000.0,8560000.0,870000.0,3530000.0,5710000.0,1420000.0,12270000.0,125960000.0,268680000.0,9960000.0,128619990.0,28670000.0,850000.0,16299999.0,80670000.0,1680000.0,7130000.0,180490000.0,20690000.0,10380000.0,1380000.0,6580000.0,30000.0,70000.0,98740000.0,13210000.0,2440000.0,7230000.0,360000.0,16670000.0,220000.0,8890000.0,420000.0,6110000.0,4670000.0,3030000.0,16639999.0,2020000.0,1160000.0,920000.0,107110000.0,90000.0,1950000.0,3980000.0,580000.0,5870000.0,690000.0,2790000.0,3280000.0,3360000.0,1010000.0,1300000.0,49910000.0,1930000.0,1130000.0,50530000.0,2170000.0,0.0,25050000.0,12830000.0,3970000.0,20000.0,13930000.0,10050000.0,7093950000.0,52770000.0,3790000.0,19920000.0,28460000.0,129999.99,1760000.0,61380000.0,5220000.0,14330000.0,6800000.0,11450000.0,18000000.0,239830000.0,590000.0,122320000.0,10700000.0,2870000.0,6170000.0,190000.0,700000.0,3190000.0,120000.0,6560000.0,920000.0,40000.0,810000.0,6990000.0,4500000.0,15210000.0,750000.0,180000.0,5190000.0,790000.0,1250000.0,72900000.0,1690000.0,10760000.0,300000.0,140000.0,2310000.0,7100000.0,78860000.0,0.0,8050000.0,3390000.0,21700000.0,3510000.0,1507920000.0,15650000.0,129999.99,11210000.0,36630000.0,160000.0,140000.0,2720000.0,43700000.0,1900000.0,1510000.0
2021,4670000.0,7090000.0,1750000.0,34020000.0,45940000.0,2370000.0,250000.0,87610000.0,22440000.0,7690000.0,650000.0,22910000.0,4240000.0,3170000.0,12670000.0,9610000.0,3500000.0,770000.0,4179999.8,10390000.0,450000.0,11180000.0,200170000.0,330000.0,1150000.0,390000.0,2210000.0,230000.0,156660000.0,14620000.0,27810000.0,969450000.0,6790000.0,3560000.0,3320000.0,1230000.0,50000.0,34570000.0,330000.0,230000.0,5690000.0,1200000.0,1900000.0,18770000.0,139870000.0,150000.0,40000.0,11250000.0,8010000.0,43540000.0,19160000.0,59190000.0,220000.0,86540000.0,2390000.0,7500000.0,9870000.0,560000.0,118790000.0,80000.0,180000.0,103970000.0,4170000.0,10570000.0,2400000.0,80000.0,100000.0,440000.0,15950000.0,100000.0,10260000.0,1010000.0,4600000.0,6160000.0,1400000.0,13600000.0,133920000.0,295090000.0,10620000.0,141380000.0,35580000.0,870000.0,17350000.0,98120000.0,2370000.0,7930000.0,183110000.0,22960000.0,10860000.0,1630000.0,6590000.0,30000.0,70000.0,103040000.0,15800000.0,2490000.0,7010000.0,360000.0,16860000.0,230000.0,10130000.0,470000.0,6090000.0,4990000.0,3130000.0,18640000.0,2230000.0,1370000.0,1190000.0,105290000.0,90000.0,2240000.0,4370000.0,620000.0,4960000.0,890000.0,2710000.0,4170000.0,3830000.0,1030000.0,1420000.0,48600000.0,2010000.0,1250000.0,57230000.0,2420000.0,0.0,25220000.0,13340000.0,4540000.0,20000.0,14600000.0,10410000.0,7649090000.0,56410000.0,4780000.0,26420000.0,31780000.0,129999.99,1570000.0,66430000.0,4420000.0,15430000.0,6810000.0,12180000.0,19180000.0,261900000.0,650000.0,128220000.0,12390000.0,4210000.0,6140000.0,190000.0,810000.0,3930000.0,129999.99,7500000.0,950000.0,40000.0,910000.0,7250000.0,5120000.0,15450000.0,730000.0,190000.0,4870000.0,850000.0,1270000.0,67380000.0,1850000.0,10910000.0,259999.98,140000.0,2220000.0,7970000.0,89460000.0,0.0,9520000.0,3770000.0,25490000.0,3890000.0,1663680000.0,16280001.0,140000.0,10980000.0,32119998.0,170000.0,140000.0,2690000.0,48010000.0,2520000.0,1580000.0
2022,4500000.0,8300000.0,1670000.0,35590000.0,50950000.0,2330000.0,259999.98,89190000.0,21120000.0,9140000.0,690000.0,23100000.0,4430000.0,3230000.0,13460000.0,9630000.0,3800000.0,810000.0,4010000.2,10010000.0,480000.0,12320000.0,212580000.0,340000.0,1210000.0,370000.0,2270000.0,240000.0,163980000.0,14460000.0,31190000.0,885430000.0,7420000.0,3680000.0,4770000.0,1260000.0,50000.0,36090000.0,350000.0,250000.0,5710000.0,1190000.0,1880000.0,19240000.0,140960000.0,160000.0,50000.0,11140000.0,8680000.0,45130000.0,20550000.0,56540000.0,240000.0,92790000.0,2470000.0,7280000.0,9680000.0,540000.0,123340000.0,80000.0,190000.0,107150000.0,4400000.0,9920000.0,2520000.0,80000.0,110000.0,430000.0,17620000.0,100000.0,10020000.0,1070000.0,4600000.0,6650000.0,1370000.0,14680000.0,146610000.0,323760000.0,11280000.0,142210000.0,40940000.0,950000.0,18690000.0,103830000.0,2600000.0,7840000.0,186460000.0,23670000.0,10650000.0,1450000.0,6800000.0,30000.0,80000.0,105910000.0,17240000.0,2550000.0,6390000.0,380000.0,17550000.0,250000.0,8790000.0,500000.0,5980000.0,4330000.0,3060000.0,17550000.0,2250000.0,1520000.0,1140000.0,129810000.0,80000.0,2260000.0,4530000.0,730000.0,12980000.0,910000.0,3020000.0,4340000.0,3950000.0,1150000.0,1490000.0,53850000.0,1950000.0,1550000.0,60780000.0,2410000.0,0.0,25050000.0,13740000.0,4810000.0,20000.0,14640000.0,13300000.0,7941000000.0,57510000.0,5550000.0,26810000.0,35690000.0,129999.99,1510000.0,67340000.0,4580000.0,16400000.0,6130000.0,11580000.0,20750000.0,267079980.0,780000.0,137770000.0,12110000.0,4870000.0,6030000.0,180000.0,850000.0,4139999.8,140000.0,8010000.0,900000.0,50000.0,940000.0,7470000.0,5710000.0,13820000.0,860000.0,200000.0,4970000.0,910000.0,1230000.0,77960000.0,2210000.0,11110000.0,250000.0,129999.99,2550000.0,8120000.0,90110000.0,0.0,9970000.0,3710000.0,1650000.0,4130000.0,1699430000.0,17820000.0,150000.0,14700000.0,43830000.0,170000.0,140000.0,2700000.0,47780000.0,2490000.0,2250000.0
