Date,ABW,AFG,AGO,ALB,ARE,ARG,ARM,ASM,ATG,AUS,AUT,AZE,BDI,BEL,BEN,BFA,BGD,BGR,BHR,BHS,BIH,BLR,BLZ,BMU,BOL,BRA,BRB,BRN,BTN,BWA,CAF,CAN,CHE,CHL,CHN,CIV,CMR,COD,COG,COK,COL,COM,CPV,CRI,CUB,CYM,CYP,CZE,DEU,DJI,DMA,DNK,DOM,DZA,ECU,EGY,ERI,ESH,ESP,EST,ETH,FIN,FJI,FLK,FRA,FRO,GAB,GBR,GEO,GHA,GIB,GIN,GMB,GNB,GNQ,GRC,GRD,GRL,GTM,GUM,GUY,HKG,HND,HRV,HTI,HUN,IDN,IND,IRL,IRN,IRQ,ISL,ISR,ITA,JAM,JOR,JPN,KAZ,KEN,KGZ,KHM,KIR,KNA,KOR,KWT,LAO,LBN,LBR,LBY,LCA,LKA,LSO,LTU,LUX,LVA,MAC,MAR,MDA,MDG,MDV,MEX,MKD,MLI,MLT,MMR,MNE,MNG,MOZ,MRT,MSR,MUS,MWI,MYS,NAM,NCL,NER,NGA,NIC,NIU,NLD,NOR,NPL,NRU,NZL,OMN,OWID_KOS,OWID_WRL,PAK,PAN,PER,PHL,PNG,POL,PRI,PRK,PRT,PRY,PSE,PYF,QAT,ROU,RUS,RWA,SAU,SDN,SEN,SGP,SHN,SLB,SLE,SLV,SOM,SPM,SRB,SSD,STP,SUR,SVK,SVN,SWE,SWZ,SYC,SYR,TCA,TCD,TGO,THA,TJK,TKM,TLS,TON,TTO,TUN,TUR,TWN,TZA,UGA,UKR,URY,USA,UZB,VCT,VEN,VGB,VIR,VNM,VUT,WSM,YEM,ZAF,ZMB,ZWE
1985,,,,,12.185,18.764597,,,,105.542,,,,,,,,,,,,,,,,8.859108,,,,,,93.03,,,318.30246,,,,,,,,,,,,,,350.46,,,,,,,21.1055,,,64.866,,,,,,51.658,,,228.366,,,,,,,,,,,,,,,,,,,13.602456,130.065,,33.016,,,,130.909,,,411.23752,76.05253,,,,,,42.26278,,,,,,,,,,,,,,,,,66.13924,,,,,,,,,,,,11.211,,,,,,,56.304,,,,,,,6285.474,,,,,,133.28195,,,,,,,,,702.95685,,51.654,,,,,,,,,,,,,,,,,,,,,,,19.330914,,,,,,,22.168,19.900925,,,207.98058,,1929.3295,,,,,,3.5919998,,,,135.445,,
1986,,,,,12.815001,22.156956,,,,110.142,,,,,,,,,,,,,,,,16.371967,,,,,,84.679,,,354.98135,,,,,,,,,,,,,,358.76602,,,,,,,23.488998,,,63.113,,,,,,39.434,,,234.33899,,,,,,,,,,,,,,,,,,,13.960245,145.088,,35.136,,,,135.358,,,410.4529,80.31221,,,,,,37.35,,,,,,,,,,,,,,,,,74.8984,,,,,,,,,,,,12.049,,,,,,,60.095997,,,,,,,6439.9746,,,,,,135.96599,,,,,,,,,731.84753,,55.684685,,,,,,,,,,,,,,,,,,,,,,,19.13811,,,,,,,27.778599,27.969757,,,219.33575,,1904.2202,,,,,,4.12,,,,136.03001,,
1987,,,,,13.658,23.631775,,,,117.136,,,,,,,,,,,,,,,,13.192775,,,,,,100.458,,,397.24274,,,,,,,,,,,,,,355.246,,,,,,,26.685,,,62.656,,,,,,35.704002,,,240.724,,,,,,,,,,,,,,,,,,,16.137081,169.386,,37.246,,,,154.70801,,,434.16455,82.75804,,,,,,35.59296,,,,,,,,,,,,,,,,,82.46221,,,,,,,,,,,,12.502,,,,,,,61.899,,,,,,,6757.7617,,,,,,141.45013,,,,,,,,,760.06995,,65.00029,,,,,,,,,,,,,,,,,,,,,,,24.51246,,,,,,,25.6772,28.929663,,,221.48013,,1994.5104,,,,,,4.6670003,,,,142.815,,
1988,,,,,14.84,31.288416,,,,123.16,,,,,,,,,,,,,,,,11.912065,,,,,,113.032005,,,436.042,,,,,,,,,,,,,,355.32,,,,,,,29.883501,,,51.372997,,,,,,33.093,,,236.545,,,,,,,,,,,,,,,,,,,19.773304,180.61299,,38.724,,,,156.019,,,467.1795,81.42551,,,,,,49.4421,,,,,,,,,,,,,,,,,85.76171,,,,,,,,,,,,13.677001,,,,,,,62.479,,,,,,,6998.179,,,,,,139.93257,,,,,,,,,769.7626,,70.091064,,,,,,,,,,,,,,,,,,,,,,,28.664879,,,,,,,19.0308,39.453445,,,213.26675,,2088.5515,,,,,,4.994,,,,143.083,,
1989,,,,,15.612,32.40442,,,,131.71199,,,,,,,,,,,,,,,,11.815858,,,,,,124.746,,,466.40103,,,,,,,,,,,,,,362.116,,,,,,,31.1275,,,70.158005,,,,,,47.112,,,234.32901,,,,,,,,,,,,,,,,,,,22.207033,205.05501,,44.699,,,,169.058,,,498.25082,82.26334,,,,,,51.700493,,,,,,,,,,,,,,,,,89.646736,,,,,,,,,,,,16.27,,,,,,,65.393,,,,,,,7455.736,,,,,,141.47351,,,,,,,,,780.43555,,75.7298,,,,,,,,,,,,,,,,,,,,,,,31.8196,,,,,,,34.041,48.903896,,,218.65434,,2267.343,,,,,,3.946,,,,148.462,,
1990,,,,,17.081001,25.453697,,,,139.4025,16.63,,,27.01,,,,25.61,,,,,,,,10.016052,,,,,,108.342,,,494.388,,,,,,,,,,,,1.97,48.52,370.69,,,25.11,,,,31.9995,,,70.86,17.18,,19.12,,,47.34,,,248.27,,,,,,,,32.43,,,,,,,,4.88,,14.51,25.49286,214.903,13.51,50.274,,,,178.25,,,579.75256,80.013,,,,,,59.211876,,,,,,,,,10.96,0.54,2.15,,,,,,85.0457,5.26,,1.11,,,,,,,,,19.027,,,,,,,66.38,0.25,,,,,,7615.0615,,,,,,132.94,,,18.5,,,,,52.89,796.96436,,79.88046,,,,,,,,,,31.48,,,,11.57,4.87,3.35,,,,,,,39.18739,,,,,,,34.31,48.927956,,,214.03,,2261.9565,,,,,,3.3119998,,,,155.926,,
1991,,,,,17.222,29.512009,,,,141.30305,17.51,,,27.79,,,,25.24,,,,,,,,11.152684,,,,,,111.242004,,,552.78595,,,,,,,,,,,,2.08,47.08,371.81,,,35.39,,,,33.36,,,71.32,14.63,,20.25,,,60.57,,,247.1,,,,,,,,32.09,,,,,,,,3.04,,16.02,29.64,240.91699,14.16,57.207,,,,172.9,,,585.3626,78.25163,,,,,,70.25366,,,,,,,,,12.03,0.61,2.37,,,,,,95.867775,4.92,,1.42,,,,,,,,,22.144,,,,,,,68.96,0.22,,,,,,7722.664,,,,,,131.22,,,19.88,,,,,42.21,780.0205,,84.99571,,,,,,,,,,28.1,,,,11.16,4.18,5.1,,,,,,,45.58537,,,,,,,37.44,58.131348,,,193.16,,2261.573,,,,,,2.8930001,,,,155.388,,
1992,,,,,18.689001,29.29002,,,,144.3579,13.73,,,27.34,,,,21.99,,,,,,,,11.730592,,,,,,118.746,,,623.0066,,,,,,,,,,,,2.43,45.4,355.24,,,29.24,,,,35.187,,,81.27,11.83,,18.38,,,50.47,,,237.92,,,,,,,,34.55,,,,,,,,4.54,,17.51,29.55113,260.481,14.93,57.974,,,,176.91,,,598.27527,75.83864,,,,,,85.043846,,,,,,,,,3.6,0.58,1.32,,,,,,95.17244,5.22,,1.49,,,,,,,,,27.095108,,,,,,,71.04,0.21,,,,,,7807.95,,,,,,129.06,,,23.99,,,,,42.31,714.3509,,93.473175,,,,,,,,,,25.14,,,,10.25,4.95,6.02,,,,,,,52.84835,,,,,,,40.66,63.056953,,,172.31,,2299.6826,,,,,,2.477,,,,156.717,,
1993,,,,,21.73,29.867476,,,,147.8949,13.26,,,27.64,,,,22.08,,,,,,,,11.512184,,,,,,109.691,,,657.80646,,,,,,,,,,,,2.59,44.51,346.92,,,32.17,,,,36.6445,,,73.93,9.12,,21.69,,,34.61,,,228.04,,,,,,,,35.4,,,,,,,,4.97,,18.9,29.72238,284.87,15.34,64.153,,,,174.52,,,561.3502,69.81476,,,,,,97.75367,,,,,,,,,1.28,0.59,1.05,,,,,,96.55077,4.66,,1.5,,,,,,,,,30.02435,,,,,,,70.83,0.24,,,,,,7858.7534,,,,,,130.23,,,21.41,,,,,42.59,660.4453,,102.66853,,,,,,,,,,21.9,,,,9.09,4.95,6.99,,,,,,,59.695396,,,,,,,39.72,73.88468,,,145.08,,2398.6462,,,,,,2.697,,,,165.96,,
1994,,,,,23.736,29.624355,,,,152.97911,15.05,,,30.11,,,,21.34,,,,,,,,11.892286,,,,,,112.156,,,744.7614,,,,,,,,,,,,2.68,43.64,346.92,,,38.64,,,,37.822,,,75.82,9.15,,27.92,,,33.67,,,231.3,,,,,,,,37.38,,,,,,,,3.3,,19.26,36.33942,302.238,15.85,74.108,,,,180.5,,,637.0835,57.222256,,,,,,120.613365,,,,,,,,,1.6,0.48,1.13,,,,,,115.38509,5.25,,1.54,,,,,,,,,33.271206,,,,,,,73.03,0.4,,,,,,8119.2334,,,,,,131.51,,,19.49,,,,,41.99,599.4975,,106.04596,,,,,,,,,,21.9,,,,8.51,4.88,8.14,,,,,,,66.64806,,,,,,,47.61,80.574234,,,123.21,,2441.0027,,,,,,3.045,,,,169.402,,
1995,,,,,24.982,32.993557,,,,158.38585,16.14,,,31.49,,,,22.22,,,,,,,,13.583602,,,,,,117.882904,,,799.97894,,,,,,,,,,,,2.5,45.94,351.71,,,34.72,,,,39.46,,,85.23,8.68,,25.23,,,38.52,,,241.78,,,,,,,,37.38,,,,,,,,3.55,,19.77,43.61236,342.552,16.84,76.03,,,,195.91,,,618.4401,58.3333,,,,,,130.7879,,,,,,,,,1.33,0.38,1.05,,,,,,107.88572,5.33,,1.63,,,,,,,,,40.3565,,,,,,,74.35,0.42,,,,,,8335.389,,,,,,135.09,,,23.53,,,,,42.36,581.632,,109.928024,,,,,,,,,,22.28,,,,10.11,4.87,7.8,,,,,,,73.00144,,,,,,,50.39,88.41822,,,114.99,,2466.5684,,,,,,4.066,,,,173.551,,
1996,,,,,26.571999,39.086494,,,,162.8564,17.66,,,31.24,,,,21.71,,,,,,,,16.32803,,,,,,115.66495,,,877.3631,,,,,,,,,,,,2.61,48.72,361.66,,,51.3,,,,42.086,,,75.63,9.09,,32.07,,,43.35,,,250.51,,,,,,,,37.78,,,,,,,,3.27,,20.65,47.69802,364.10602,18.11,80.926,,,,193.17,,,628.6187,51.331245,,,,,,146.31406,,,,,,,,,1.97,0.37,1.26,,,,,,111.17831,5.79,,1.66,,,,,,,,,48.225372,,,,,,,78.09,0.52,,,,,,8627.088,,,,,,139.13,,,18.42,,,,,43.88,581.2496,,112.16712,,,,,,,,,,20.83,,,,9.98,4.73,12.34,,,,,,,79.56951,,,,,,,54.12,94.439995,,,96.01,,2522.6,,,,,,4.936,,,,184.718,,
1997,,,,,28.463999,36.126453,,,,171.65184,17.77,,,29.87,,,,22.11,,,,,,,,18.456326,,,,,,131.777,,,922.2185,,,,,,,,,,,,2.73,49.53,352.99,,,41.21,,,,45.013,,,96.86,9.21,,28.07,,,39.04,,,245.34,,,,,,,,38.89,,,,,,,,4.36,,21.16,62.09452,386.895,18.84,91.042,,,,200.31,,,616.7552,45.198544,,,,,,164.06529,,,,,,,,,2.07,0.31,1.56,,,,,,124.02438,5.83,,1.69,,,,,,,,,55.762257,,,,,,,80.68,0.47,,,,,,8911.25,,,,,,138.81,,,19.66,,,,,33.8,565.68225,,119.10448,,,,,,,,,,24.69,,,,9.91,5.07,7.25,,,,,,,85.30626,,,,,,,63.11,103.86767,,,89.85,,2613.2473,,,,,,7.4750004,,,,192.869,,
1998,,,,,33.392,39.8806,,,,182.1884,16.79,,,35.16,,,,21.45,,,,,,,,19.504225,,,,,,149.27548,,,951.15814,,,,,,,,,,,,2.99,49.45,362.74,,,36.99,,,,48.5925,,,97.51,8.54,,23.86,,,54.5,,,254.57,,,,,,,,41.91,,,,,,,,5.41,,23.03,63.04021,407.69702,19.67,94.897,,,,207.18,,,614.7362,43.573063,,,,,,141.34439,,,,,,,,,3.18,0.22,1.48,,,,,,141.04253,5.97,,1.72,,,,,,,,,59.684265,,,,,,,83.26,0.44,,,,,,9214.596,,,,,,138.24,,,24.6,,,,,28.79,562.41974,,126.16768,,,,,,,,,,24.91,,,,10.07,5.23,7.11,,,,,,,84.13468,,,,,,,68.46,114.786354,,,82.35,,2738.7798,,,,,,10.593,,,,187.52701,,
1999,,,,,37.126,51.669136,,,,189.04091,17.37,,,33.5,,,,19.39,,,,,,,,29.004713,,,,,,148.88065,,,1024.7584,,,,,,,,,,,,3.14,48.45,350.56,,,34.34,,,,52.278,,,119.57,8.26,,25.26,,,51.59,,,263.4,,,,,,,,44.14,,,,,,,,5.62,,23.49,69.64796,449.247,20.59,104.909996,,,,207.93,,,649.53784,41.16587,,,,,,152.91472,,,,,,,,,2.81,0.23,1.35,,,,,,141.17674,5.47,,1.85,,,,,,,,,60.617695,,,,,,,78.82,0.54,,,,,,9498.806,,,,,,137.65,,,34.12,,,,,26.98,560.877,,130.99937,,,,,,,,,,19.69,,,,10.52,4.79,6.9,,,,,,,86.32422,,,,,,,81.53,120.86415,,,86.19,,2763.0857,,,,,,9.785,,,,186.662,,
2000,0.78,0.17,0.53,0.18,39.94,53.8,2.69,0.17,0.15,199.29,16.2,17.16,0.0,33.58,0.08,0.29,15.0,19.78,13.86,1.7,,26.07,0.04,0.59,1.88,30.62,0.79,2.54,0.0,1.14,0.02,165.57,1.99,20.63,1113.3,3.05,0.04,0.0,0.0,0.03,10.55,0.03,0.14,0.06,14.0,0.44,3.37,57.03,363.93,0.18,0.05,30.28,12.1,25.35,3.0,59.06,0.21,0.08,124.22,8.5,0.02,24.11,0.21,0.01,49.57,0.14,0.5,282.09,1.56,0.62,0.13,0.4,0.13,0.03,0.04,48.8,0.13,0.12,3.22,1.94,0.89,31.26,1.39,4.76,0.26,20.77,78.44,475.35,22.44,115.53,31.29,0.0,42.63,219.07,6.46,7.33,679.52,44.11,2.57,2.3,0.28,0.01,0.15,177.37,32.33,0.37,9.51,0.2,15.5,0.28,3.57,0.0,2.37,0.24,1.32,1.57,12.93,5.06,0.31,0.15,155.94,5.64,0.78,1.92,3.23,,2.9,0.01,0.39,0.01,1.25,0.12,62.34,0.04,1.19,0.21,9.1,1.79,0.0,81.16,0.41,0.03,0.03,10.99,9.11,2.91,9878.34,48.92,1.45,3.59,25.87,1.25,140.85,21.7,9.2,30.34,0.0,0.03,0.29,9.13,31.32,582.89,0.06,138.69,1.27,1.44,31.18,0.01,0.06,0.08,1.42,0.25,0.04,22.13,,0.02,0.25,9.68,4.95,4.77,0.01,0.2,21.99,0.08,0.09,0.08,89.1,0.22,9.85,,0.04,5.44,10.51,93.22,140.73,0.34,0.01,83.22,0.5,2697.28,43.33,0.07,22.38,0.11,1.03,12.01,0.05,0.04,3.41,196.07,0.04,3.8
2001,0.81,0.19,0.62,0.17,43.17,46.09,2.79,0.17,0.17,207.0,18.74,17.67,0.0,31.2,0.06,0.31,16.4,22.24,14.62,1.77,,25.04,0.04,0.6,1.8,37.34,0.83,2.58,0.0,1.13,0.03,170.06,2.04,19.45,1182.59,3.1,0.07,0.01,0.0,0.03,11.15,0.03,0.16,0.1,14.3,0.47,3.55,56.9,369.76,0.19,0.05,31.69,11.98,26.55,3.98,66.12,0.23,0.08,120.06,8.47,0.02,30.14,0.2,0.01,45.43,0.16,0.52,285.14,1.39,1.26,0.13,0.41,0.15,0.02,0.05,49.6,0.14,0.12,3.79,1.95,0.91,32.36,1.97,5.57,0.31,22.03,83.97,491.01,23.55,123.44,31.63,0.0,43.93,217.55,6.56,7.5,664.28,47.3,1.95,2.5,0.25,0.02,0.16,195.31,34.3,0.37,9.62,0.2,16.11,0.29,3.55,0.0,2.67,0.7,1.44,1.51,14.53,5.49,0.34,0.16,166.77,5.74,0.79,1.94,2.87,,2.97,0.04,0.44,0.01,1.37,0.11,69.14,0.0,1.35,0.18,9.55,1.98,0.0,84.85,0.58,0.02,0.03,14.28,9.74,3.68,10090.17,51.19,2.6,3.0,29.51,1.76,140.94,22.18,9.6,30.32,0.0,0.04,0.32,9.95,33.18,580.33,0.06,146.09,1.32,1.73,32.37,0.01,0.06,0.12,1.61,0.26,0.04,22.68,,0.02,0.31,9.64,5.35,6.17,0.01,0.2,23.3,0.08,0.1,0.08,94.2,0.18,10.61,,0.04,5.61,11.31,97.9,146.62,0.15,0.01,85.08,0.02,2678.68,43.6,0.08,29.67,0.12,1.03,12.4,0.05,0.05,3.64,197.23,0.05,4.94
2002,0.82,0.15,0.62,0.23,46.85,42.39,1.58,0.18,0.19,205.54,18.73,16.68,0.0,32.44,0.06,0.3,17.9,19.74,15.26,1.89,,26.43,0.05,0.63,1.93,35.46,0.86,2.71,0.0,1.15,0.03,165.04,2.08,19.45,1337.47,3.58,0.12,0.01,0.0,0.03,10.58,0.03,0.18,0.12,14.65,0.48,3.79,54.27,374.43,0.2,0.04,32.31,12.86,27.59,4.36,72.03,0.26,0.09,143.72,8.5,0.02,32.79,0.25,0.01,51.79,0.14,0.55,288.27,0.49,2.27,0.13,0.42,0.15,0.02,0.06,49.78,0.15,0.13,4.02,1.72,0.91,34.23,2.46,6.84,0.29,21.97,92.04,517.51,23.42,130.19,33.34,0.01,45.47,229.22,6.81,8.07,690.17,49.44,1.2,2.3,0.54,0.02,0.18,209.48,36.37,0.36,10.88,0.2,17.53,0.29,4.24,0.0,2.8,2.65,1.49,1.63,14.07,5.29,0.31,0.19,175.02,5.33,0.82,2.05,2.96,,3.09,0.03,0.5,0.01,1.42,0.12,75.06,0.01,1.42,0.19,13.31,1.91,0.0,86.75,0.54,0.0,0.03,12.21,10.33,3.66,10520.6,51.62,1.87,3.76,31.19,1.95,139.72,23.05,9.15,35.82,0.0,0.15,0.33,10.94,32.86,587.3,0.07,154.91,1.61,1.82,33.89,0.01,0.06,0.14,1.81,0.27,0.04,23.31,,0.03,0.49,8.81,5.66,7.44,0.03,0.23,25.59,0.1,0.1,0.07,100.32,0.14,10.7,,0.04,5.61,11.75,94.5,154.89,0.13,0.01,86.39,0.03,2727.83,43.38,0.08,32.32,0.14,1.04,17.6,0.05,0.05,3.77,206.03,0.06,4.77
2003,0.84,0.28,0.75,0.11,49.45,49.74,1.52,0.19,0.21,207.29,22.73,18.82,0.0,34.99,0.08,0.35,18.95,22.01,15.7,2.0,,26.6,0.1,0.65,2.31,33.41,0.87,3.2,0.0,1.04,0.03,167.63,2.13,23.35,1579.96,3.27,0.16,0.01,0.06,0.03,9.88,0.04,0.19,0.16,14.96,0.51,4.05,55.05,390.3,0.2,0.05,37.9,12.82,29.31,4.37,78.96,0.28,0.09,139.67,10.11,0.02,42.49,0.4,0.01,56.59,0.16,0.63,298.83,0.64,2.02,0.13,0.46,0.17,0.02,0.06,51.39,0.16,0.13,3.54,1.78,0.81,35.43,2.76,7.7,0.28,22.79,97.57,545.36,23.68,142.03,27.9,0.01,47.0,239.41,7.0,7.98,750.38,55.24,0.99,2.06,0.59,0.02,0.18,212.99,39.8,0.32,11.58,0.2,18.95,0.3,4.31,0.0,3.01,2.65,1.63,1.65,14.7,5.41,0.35,0.22,187.57,5.36,0.83,2.24,3.34,,3.11,0.03,0.46,0.01,1.52,0.1,77.8,0.01,1.43,0.2,12.74,1.96,0.0,87.49,0.64,0.0,0.03,13.69,10.71,3.58,11126.37,52.13,2.73,4.2,35.25,2.25,147.76,23.82,9.28,28.69,0.0,0.34,0.32,12.01,36.67,609.9,0.06,166.58,2.19,1.95,34.33,0.01,0.06,0.13,1.72,0.28,0.04,25.52,,0.03,0.55,9.54,5.54,9.24,0.03,0.23,27.61,0.11,0.11,0.06,107.5,0.17,10.8,0.06,0.04,6.43,11.09,103.98,165.35,0.11,0.01,89.9,0.01,2756.03,40.57,0.09,31.42,0.14,1.04,21.94,0.05,0.05,4.1,220.31,0.06,3.45
2004,0.87,0.23,0.49,0.14,52.41,60.99,1.61,0.19,0.22,209.85,22.23,18.99,0.0,34.1,0.08,0.37,23.92,21.4,16.15,1.98,,31.17,0.08,0.65,2.34,42.5,0.89,3.26,0.0,0.97,0.03,159.59,2.15,27.2,1795.41,3.66,0.19,0.01,0.07,0.03,9.12,0.04,0.21,0.07,14.76,0.45,4.2,54.72,384.56,0.22,0.08,30.71,10.28,31.0,5.46,84.92,0.28,0.09,162.87,10.25,0.02,37.49,0.38,0.01,55.64,0.15,0.64,299.78,0.87,0.76,0.14,0.35,0.19,0.03,0.08,52.31,0.14,0.14,3.15,1.88,0.85,37.05,3.4,6.24,0.29,20.86,103.81,567.86,23.79,150.78,31.8,0.0,47.24,239.84,7.02,8.9,722.89,58.89,1.82,2.21,0.72,0.02,0.18,232.65,41.26,0.0,10.33,0.2,20.2,0.31,5.12,0.0,3.22,3.18,1.49,1.82,15.68,5.45,0.41,0.24,193.73,5.18,0.96,2.22,3.2,,3.28,0.05,0.5,0.01,1.57,0.14,89.91,0.01,1.34,0.2,16.17,2.02,0.0,90.7,0.71,0.01,0.03,11.67,11.5,3.97,11563.66,57.16,1.96,6.58,37.07,2.57,149.34,24.01,9.48,32.37,0.0,0.4,0.36,13.23,34.41,611.06,0.06,173.41,2.36,2.06,35.86,0.01,0.06,0.1,1.88,0.28,0.04,26.57,,0.03,0.67,9.3,5.6,5.89,0.03,0.23,27.96,0.12,0.12,0.11,116.39,0.15,11.92,0.07,0.05,6.41,11.74,103.44,173.83,0.55,0.0,83.64,1.08,2818.28,43.6,0.09,28.48,0.15,1.05,28.38,0.05,0.06,4.36,229.88,0.05,4.22
2005,0.91,0.23,0.41,0.07,60.7,63.67,1.83,0.19,0.24,210.02,23.49,19.86,0.0,34.67,0.11,0.42,25.68,20.94,19.37,2.09,,30.92,0.09,0.68,2.89,42.03,0.99,3.26,0.0,1.06,0.03,156.39,2.17,24.2,2042.8,4.14,0.23,0.01,0.08,0.03,9.98,0.05,0.23,0.27,14.86,0.48,4.38,54.07,386.86,0.3,0.09,26.28,11.28,33.36,5.81,91.79,0.29,0.09,189.65,10.09,0.01,23.83,0.42,0.01,62.63,0.14,0.76,299.8,1.03,1.16,0.14,0.3,0.2,0.03,0.09,52.32,0.15,0.14,3.05,1.9,0.64,38.38,3.7,5.99,0.29,20.05,110.23,579.32,23.71,162.55,24.4,0.0,48.57,246.2,7.2,9.59,757.24,60.06,2.23,2.15,0.9,0.02,0.19,238.62,43.73,0.0,10.69,0.2,22.32,0.32,5.35,0.0,3.62,3.14,1.5,1.87,17.62,5.61,0.41,0.27,201.29,5.45,0.99,2.24,3.02,1.0,3.4,0.02,0.48,0.01,1.7,0.16,92.15,0.03,1.52,0.23,15.77,1.84,0.0,87.07,0.73,0.02,0.03,15.12,12.65,4.35,12125.39,60.29,2.08,7.07,38.26,2.44,151.44,24.82,9.77,37.76,0.0,0.5,0.33,14.4,33.56,631.59,0.09,191.05,2.57,2.34,37.26,0.01,0.07,0.06,1.88,0.29,0.04,24.45,,0.04,0.87,8.93,5.66,4.76,0.02,0.3,31.73,0.13,0.12,0.12,122.9,0.12,12.82,0.07,0.05,7.03,12.48,121.89,181.52,1.83,0.07,85.23,0.96,2899.96,38.74,0.11,28.16,0.16,0.97,35.5,0.05,0.06,4.77,231.85,0.06,4.45
2006,0.91,0.26,0.44,0.09,62.44,66.57,1.48,0.19,0.26,216.85,21.55,22.02,0.0,33.73,0.15,0.47,28.77,21.72,21.04,2.12,,31.77,0.03,0.7,2.82,41.81,1.02,3.3,0.0,0.99,0.03,146.83,2.18,24.76,2364.16,4.04,0.57,0.05,0.08,0.03,10.43,0.05,0.24,0.53,15.97,0.56,4.65,54.09,390.37,0.31,0.09,36.25,12.2,35.01,7.0,98.27,0.27,0.09,183.31,9.6,0.02,36.92,0.43,0.02,56.2,0.14,0.71,303.72,2.21,2.82,0.15,0.27,0.22,0.03,0.1,51.74,0.17,0.15,3.66,1.89,0.65,38.54,3.77,6.26,0.3,20.9,116.82,599.24,24.6,174.79,27.73,0.0,50.54,254.97,7.22,11.06,745.59,63.89,2.79,2.2,1.11,0.03,0.19,250.26,47.6,0.0,10.64,0.2,24.75,0.33,4.79,0.0,2.99,3.29,2.1,1.5,18.09,5.71,0.43,0.31,207.38,5.36,1.04,2.26,2.85,1.2,3.53,0.02,0.57,0.01,1.83,0.17,97.05,0.1,1.56,0.22,16.85,2.19,0.0,85.99,0.82,0.01,0.02,15.16,13.29,4.33,12643.36,63.97,2.38,7.31,36.32,2.25,156.41,24.83,9.82,32.68,0.0,0.35,0.33,17.08,38.57,661.87,0.14,196.31,3.15,2.36,38.54,0.01,0.07,0.05,2.29,0.3,0.04,25.52,,0.04,0.71,8.43,5.86,5.24,0.02,0.32,33.51,0.16,0.12,0.13,126.8,0.23,13.65,0.07,0.05,7.14,12.94,131.73,189.45,2.01,0.38,90.46,1.97,2878.56,44.67,0.11,28.82,0.17,0.97,38.13,0.05,0.07,5.39,240.44,0.01,2.57
2007,0.94,0.26,0.75,0.07,78.76,73.92,1.49,0.19,0.29,222.9,19.66,19.48,0.0,35.09,0.22,0.5,30.23,25.3,21.72,2.25,,31.78,0.04,0.72,3.09,40.06,1.05,3.39,0.0,0.83,0.02,161.71,2.03,32.67,2718.7,3.72,1.32,0.09,0.07,0.03,10.2,0.05,0.26,0.72,17.08,0.6,4.87,58.18,401.13,0.32,0.1,28.84,12.71,36.97,8.28,104.98,0.29,0.09,188.46,12.04,0.04,33.43,0.28,0.02,57.81,0.15,0.93,314.1,1.75,3.26,0.16,0.25,0.23,0.03,0.12,57.81,0.18,0.16,4.28,1.88,0.69,38.88,3.93,7.8,0.31,23.4,124.11,636.68,25.52,185.02,27.5,0.0,53.77,258.45,5.76,12.76,799.34,68.45,1.73,2.09,1.42,0.03,0.21,278.01,48.75,0.0,9.99,0.25,26.23,0.35,5.91,0.0,3.05,2.93,1.94,1.35,18.08,5.52,0.4,0.35,216.99,5.49,1.06,2.3,2.78,0.86,3.71,0.01,0.59,0.01,1.91,0.15,101.83,0.03,1.5,0.22,16.75,2.28,0.0,91.89,1.17,0.01,0.02,14.97,14.17,4.74,13467.27,63.88,2.73,9.96,40.78,2.1,153.09,24.52,8.24,30.5,0.0,0.42,0.33,19.46,37.84,681.11,0.13,204.43,3.57,2.58,40.14,0.01,0.08,0.04,2.52,0.31,0.04,26.51,,0.04,0.64,7.59,5.96,4.42,0.02,0.34,35.16,0.18,0.12,0.09,132.11,0.38,14.88,0.09,0.05,7.66,13.65,155.06,195.83,1.66,0.54,93.24,1.22,2988.24,44.35,0.12,31.15,0.18,0.98,41.64,0.05,0.07,6.03,248.84,0.01,2.16
2008,0.91,0.24,0.9,0.0,80.46,82.07,1.85,0.19,0.3,226.26,19.85,19.41,0.0,33.07,0.23,0.48,33.27,25.79,22.82,2.25,,34.98,0.01,0.71,3.57,58.68,1.05,3.42,0.0,0.7,0.02,150.46,2.01,32.39,2762.29,3.79,1.37,0.1,0.09,0.03,8.94,0.04,0.28,0.68,16.98,0.62,5.06,53.01,389.43,0.34,0.11,26.38,13.07,39.95,7.29,112.77,0.28,0.09,188.67,10.38,0.01,26.62,0.27,0.01,55.2,0.17,0.92,314.53,1.29,2.17,0.17,0.29,0.24,0.03,0.15,56.43,0.19,0.17,3.91,1.88,0.7,37.93,4.01,6.94,0.31,22.85,129.56,674.27,26.29,202.85,33.4,0.0,56.75,253.41,3.97,14.08,829.98,72.89,1.68,1.67,1.42,0.02,0.2,287.21,51.75,0.0,12.08,0.25,28.67,0.35,5.76,0.0,2.84,2.44,2.06,1.03,18.68,5.63,0.48,0.41,212.1,5.47,1.19,2.31,2.55,1.29,3.99,0.01,0.66,0.01,1.96,0.12,105.22,0.18,1.38,0.22,15.39,2.17,0.0,92.51,0.84,0.01,0.02,15.52,16.05,5.08,13606.9,62.21,2.44,12.93,40.2,2.16,147.89,23.09,9.13,30.7,0.0,0.43,0.36,21.62,36.41,711.64,0.13,204.2,4.04,2.69,40.63,0.01,0.08,0.04,2.24,0.32,0.04,27.26,,0.04,0.65,7.43,5.83,4.6,0.02,0.34,38.16,0.19,0.14,0.04,136.31,0.35,15.04,0.11,0.05,7.71,14.3,163.95,190.76,1.74,0.6,90.92,3.4,2924.21,45.73,0.12,32.46,0.18,0.97,44.92,0.06,0.06,6.55,243.53,0.01,1.84
2009,0.92,0.11,1.64,0.0,85.69,78.29,1.15,0.18,0.33,229.74,19.03,16.56,0.0,37.1,0.13,0.57,36.76,23.37,22.56,2.14,,30.26,0.05,0.73,3.86,38.1,1.07,3.62,0.0,0.62,0.02,140.03,1.95,30.98,2980.2,3.67,1.69,0.09,0.21,0.03,15.5,0.05,0.3,0.45,17.04,0.63,5.18,49.77,356.95,0.35,0.11,26.18,12.13,38.2,9.01,119.46,0.29,0.09,163.88,8.24,0.06,26.83,0.31,0.01,50.98,0.17,0.88,282.42,0.99,2.11,0.17,0.28,0.24,0.03,0.17,52.18,0.2,0.15,4.83,1.87,0.82,38.62,3.61,5.87,0.51,17.59,136.08,728.56,23.82,214.86,34.62,0.0,54.64,217.1,4.07,14.21,742.09,71.85,2.58,0.87,1.2,0.02,0.22,300.07,53.22,0.0,12.36,0.25,30.38,0.36,5.97,0.0,3.11,2.88,2.01,1.28,17.59,5.84,0.45,0.39,222.36,5.55,0.84,2.17,1.71,0.69,4.01,0.01,0.66,0.01,1.96,0.12,107.83,0.08,1.51,0.26,15.25,2.39,0.0,97.27,4.49,0.01,0.02,12.16,18.45,4.85,13404.32,64.37,2.99,12.97,41.75,2.12,142.17,22.87,11.0,31.09,0.0,0.5,0.37,24.16,30.29,654.82,0.15,217.31,3.26,2.76,40.75,0.01,0.08,0.04,2.53,0.33,0.04,27.17,,0.05,0.67,6.93,5.75,4.62,0.02,0.35,41.44,0.2,0.17,0.04,136.64,0.22,15.98,0.13,0.05,7.82,15.08,156.66,182.18,2.1,0.88,78.57,2.76,2725.41,43.62,0.12,33.61,0.19,0.92,50.59,0.06,0.08,6.75,234.8,0.01,1.77
2010,0.83,0.13,1.75,0.0,93.93,84.02,1.44,0.16,0.33,228.81,22.83,15.26,0.02,38.53,0.11,0.45,40.03,24.92,23.82,2.01,,34.76,0.05,0.73,4.41,63.87,1.03,3.79,0.0,0.53,0.03,146.33,2.24,36.03,3346.04,4.28,1.58,0.09,0.35,0.03,17.76,0.06,0.34,0.64,16.83,0.62,5.25,51.31,378.24,0.38,0.12,26.32,13.19,45.56,10.85,130.04,0.31,,138.04,11.92,0.05,33.66,0.42,0.01,57.16,0.2,1.02,293.74,0.68,3.17,0.18,0.15,0.25,0.03,0.19,46.08,0.21,0.12,3.21,1.87,0.86,38.19,3.7,5.49,0.51,18.58,142.93,771.78,24.39,225.25,44.14,0.0,58.38,219.66,3.99,14.71,745.44,74.63,1.83,0.99,0.96,0.02,0.21,340.73,57.03,0.0,14.88,0.25,32.55,0.38,4.99,0.0,4.09,2.97,2.99,0.88,18.56,5.71,0.59,0.35,223.22,4.83,1.2,2.11,2.43,1.27,4.27,0.02,0.73,0.01,2.04,0.12,117.42,0.05,1.81,0.29,19.75,2.31,0.0,102.94,5.18,0.0,0.02,11.91,19.81,5.01,14344.55,59.16,3.17,15.18,49.92,2.26,145.89,23.09,10.3,25.13,0.0,0.47,0.52,28.14,28.5,700.59,0.17,248.77,1.3,2.91,44.18,0.01,0.08,0.02,2.09,0.33,0.04,25.53,,0.05,0.76,6.94,5.85,8.53,0.02,0.38,43.82,0.21,0.19,0.13,148.8,0.04,16.66,0.14,0.05,8.48,15.7,155.46,198.35,2.55,1.11,86.28,1.16,2882.49,43.78,0.12,36.98,0.2,0.96,63.1,0.06,0.07,7.76,244.47,0.01,2.77
2011,0.82,0.17,1.64,0.06,99.11,90.48,2.39,0.16,0.33,225.67,21.29,17.62,0.01,32.69,0.1,0.45,43.24,29.76,24.34,2.05,,32.05,0.02,0.72,4.68,52.44,1.04,3.73,0.0,0.48,0.03,148.64,2.15,39.7,3833.44,4.26,1.47,0.09,0.5,0.03,11.26,0.06,0.34,0.86,17.18,0.63,4.75,51.12,372.6,0.39,0.11,20.94,14.06,50.72,9.4,134.84,0.32,,146.29,11.71,0.05,26.13,0.36,0.01,59.24,0.17,1.19,263.79,2.21,3.8,0.17,0.14,0.25,0.03,0.27,50.3,0.2,0.11,3.27,1.84,0.9,38.93,4.03,5.95,0.87,17.62,161.42,828.16,21.7,224.57,50.5,0.0,59.3,215.42,3.98,14.58,827.77,78.7,2.41,1.01,0.99,0.02,0.22,356.04,57.46,0.0,15.5,0.3,26.0,0.39,6.79,0.0,3.14,2.4,3.01,0.68,21.53,5.43,0.77,0.38,236.13,5.33,0.94,2.17,2.91,1.45,4.48,0.11,0.74,0.01,2.19,0.12,117.47,0.04,1.84,0.34,21.15,2.52,0.0,96.18,4.02,0.0,0.02,10.53,21.87,5.7,14963.79,61.31,3.7,16.96,49.33,2.27,149.74,22.11,7.8,27.67,0.0,0.57,0.51,30.73,33.73,718.3,0.2,259.14,1.99,2.96,44.8,0.01,0.08,0.02,2.26,0.33,0.04,29.35,,0.06,0.5,7.87,5.82,5.72,0.02,0.4,38.81,0.21,0.2,0.11,141.3,0.04,17.22,0.14,0.05,8.76,16.14,171.3,202.65,3.1,1.03,93.51,2.62,2788.93,47.1,0.11,34.29,0.19,0.95,60.32,0.06,0.08,6.21,246.05,0.01,3.88
2012,0.78,0.14,2.24,0.0,106.19,98.63,3.4,0.16,0.33,220.39,17.32,21.17,0.0,30.71,0.05,0.53,47.71,25.43,24.77,1.9,,30.6,0.03,0.69,5.0,80.3,1.13,3.93,0.0,0.35,0.03,138.97,2.16,44.33,3889.66,5.16,1.16,0.01,0.71,0.03,13.94,0.06,0.31,0.83,17.74,0.61,4.46,48.19,376.95,0.39,0.12,15.73,14.85,56.78,10.59,147.97,0.32,,145.51,10.49,0.02,18.86,0.29,0.01,56.92,0.18,1.25,252.22,2.47,4.14,0.18,0.24,0.25,0.03,0.46,49.78,0.2,0.11,3.12,1.78,0.92,38.49,4.2,5.31,0.88,16.19,177.85,893.45,21.84,234.49,41.63,0.0,62.52,203.03,3.87,16.52,977.56,82.98,1.84,0.99,0.92,0.02,0.21,372.7,61.12,0.0,15.46,0.3,34.28,0.38,8.33,0.0,3.32,2.45,2.06,0.33,23.96,5.54,0.79,0.4,244.56,5.22,0.99,2.27,3.2,1.37,4.75,0.11,0.82,0.01,2.22,0.13,123.32,0.05,1.83,0.39,23.05,2.31,0.0,85.89,2.59,0.02,0.02,12.37,25.02,5.84,15360.25,61.72,3.19,17.88,52.15,2.36,144.6,22.18,8.0,26.07,0.0,0.46,0.51,34.79,32.14,727.78,0.21,281.6,2.82,3.28,45.67,0.01,0.08,0.06,2.48,0.34,0.04,26.89,0.44,0.07,0.85,7.34,5.69,4.09,0.04,0.41,29.28,0.21,0.23,0.23,155.31,0.07,17.75,0.13,0.05,9.12,17.53,174.28,200.88,3.83,0.29,97.51,3.75,2779.02,46.35,0.12,46.25,0.2,0.87,61.74,0.06,0.07,7.07,243.39,0.02,3.64
2013,0.79,0.22,3.42,0.0,109.9,98.47,3.17,0.15,0.33,214.03,14.05,21.69,0.02,27.59,0.13,0.63,52.27,21.94,25.91,1.88,,31.21,0.02,0.67,5.17,116.84,1.01,4.4,0.0,0.92,0.0,137.49,2.03,46.84,4226.76,5.97,1.94,0.01,0.74,0.03,22.63,0.06,0.32,1.2,18.31,0.62,3.96,45.86,380.45,0.43,0.11,18.65,15.41,59.56,12.13,150.23,0.27,,113.32,12.05,0.01,22.02,0.32,0.01,53.64,0.18,1.15,234.46,1.79,4.82,0.19,0.17,0.25,0.02,0.6,42.01,0.2,0.09,3.28,1.74,0.94,38.97,4.59,4.66,0.91,12.12,189.68,924.93,19.91,239.74,54.09,0.0,60.75,174.02,3.89,17.2,952.61,84.88,1.75,0.92,0.78,0.03,0.21,388.16,60.98,0.0,17.54,0.3,37.92,0.38,4.77,0.0,2.66,1.48,2.67,0.17,22.59,4.2,0.82,0.42,245.2,4.5,1.01,2.22,3.42,1.44,4.9,0.21,0.77,0.01,2.28,0.13,127.93,0.06,2.0,0.44,23.56,1.99,0.0,85.57,2.72,0.01,0.02,11.02,26.24,6.38,15679.09,66.72,3.77,20.04,55.36,2.6,146.72,21.19,8.2,20.88,0.0,0.53,0.51,34.67,26.42,704.93,0.22,294.68,1.97,3.44,46.28,0.01,0.08,0.06,2.48,0.35,0.05,29.01,0.47,0.06,0.93,6.42,5.39,3.88,0.04,0.43,22.14,0.21,0.27,0.28,155.99,0.04,18.87,0.29,0.05,9.5,17.71,170.93,201.46,4.19,0.0,96.05,1.85,2746.21,48.91,0.12,51.5,0.2,0.82,66.5,0.06,0.09,8.5,240.17,0.02,4.41
2014,0.78,0.16,4.51,0.0,116.23,98.49,3.29,0.15,0.34,214.89,11.35,23.26,0.03,25.29,0.34,0.78,55.27,23.66,27.25,1.92,11.09,34.45,0.03,0.65,5.92,142.42,1.02,4.5,0.0,2.31,0.0,139.19,1.85,40.11,4372.0,6.31,2.48,0.01,0.79,0.03,21.78,0.05,0.34,1.04,18.58,0.62,4.03,45.48,359.69,0.1,0.12,14.05,15.53,64.02,12.69,156.48,0.27,,106.87,11.06,0.0,18.24,0.47,0.01,35.8,0.15,1.19,209.82,2.04,4.76,0.2,0.29,0.25,0.03,0.71,37.44,0.2,0.09,3.36,1.7,0.96,39.7,4.93,3.49,0.94,10.58,203.13,1025.49,19.39,256.81,66.04,0.0,59.9,155.85,3.84,18.2,928.82,86.36,2.17,1.27,1.25,0.03,0.21,371.08,65.14,0.0,17.76,0.3,37.72,0.38,7.55,0.0,2.18,1.51,2.34,0.38,24.12,5.04,0.81,0.53,240.01,4.09,1.05,2.17,5.33,1.42,5.17,0.22,0.81,0.01,2.34,0.12,133.16,0.01,2.66,0.44,26.89,2.06,0.0,86.36,2.94,0.0,0.03,8.97,29.13,5.28,15961.65,67.9,4.11,21.78,57.45,2.85,138.5,20.71,8.6,20.23,0.01,0.34,0.48,38.69,26.12,709.23,0.21,328.15,2.46,3.8,47.92,0.01,0.09,0.03,2.48,0.35,0.05,22.41,0.48,0.07,1.27,5.39,4.18,2.93,0.02,0.44,18.88,0.23,0.29,0.23,159.55,0.16,20.4,0.35,0.05,9.41,18.38,199.33,209.31,3.59,0.09,84.26,0.68,2752.01,49.68,0.13,50.85,0.2,0.77,78.95,0.06,0.1,7.65,236.67,0.41,4.42
2015,0.79,0.15,4.44,0.0,127.08,103.95,2.8,0.16,0.34,218.19,14.19,22.86,0.03,27.89,0.32,0.91,58.49,24.58,28.48,2.0,10.88,33.75,0.03,0.66,6.35,135.18,1.03,4.2,0.0,2.97,0.0,137.94,1.86,42.55,4249.54,7.26,3.59,0.01,1.67,0.03,28.58,0.05,0.34,0.11,19.49,0.64,4.14,46.24,359.24,0.18,0.13,9.85,16.58,68.62,12.63,166.22,0.26,,122.89,8.59,0.0,14.83,0.48,0.01,44.87,0.13,1.2,185.17,2.38,5.83,0.22,0.24,0.28,0.06,0.83,36.2,0.21,0.09,4.34,1.68,0.97,37.79,5.04,3.72,0.95,11.28,209.72,1080.58,20.18,263.33,68.03,0.0,63.01,170.81,3.84,18.83,871.58,82.19,1.0,1.93,2.54,0.03,0.21,367.84,68.29,2.26,18.14,0.31,37.5,0.38,6.77,0.0,2.55,0.91,2.76,0.75,25.1,5.77,0.82,0.61,250.54,3.62,1.3,1.2,6.56,1.51,5.29,1.29,0.84,0.01,2.31,0.13,135.17,0.04,2.49,0.53,26.7,2.29,0.0,91.22,2.93,0.0,0.03,8.68,32.75,5.97,15957.02,70.51,3.57,22.82,61.46,3.11,141.61,20.52,9.0,26.78,0.0,0.51,0.48,41.5,27.83,703.12,0.22,350.59,4.63,4.04,48.82,0.01,0.09,0.04,2.53,0.35,0.05,27.48,0.58,0.09,1.37,5.42,4.8,3.15,0.02,0.45,17.57,0.23,0.29,0.38,164.02,0.16,22.53,0.35,0.05,9.56,18.9,178.12,212.88,4.34,0.08,68.95,0.94,2730.32,50.59,0.13,52.52,0.21,0.77,105.61,0.05,0.09,5.64,231.29,0.4,4.55
2016,0.8,0.15,4.55,0.0,129.29,107.41,2.58,0.17,0.34,216.49,13.79,22.76,0.02,26.54,0.27,0.83,67.85,21.71,28.51,1.97,12.1,33.14,0.02,0.65,7.37,97.21,1.03,4.27,0.0,2.69,0.0,135.68,2.14,45.02,4397.19,8.55,2.73,0.01,1.82,0.03,26.19,0.06,0.36,0.19,19.64,0.67,4.46,48.51,367.76,0.09,0.12,12.01,16.7,70.7,10.87,172.36,0.27,,107.44,10.58,0.0,15.14,0.43,0.01,56.64,0.16,1.36,184.44,2.24,7.61,0.21,0.51,0.3,0.08,0.93,38.95,0.22,0.08,4.53,1.67,1.06,37.98,4.83,4.24,1.01,12.58,217.97,1155.63,22.69,264.07,78.5,0.0,65.31,177.94,3.94,18.81,894.25,82.66,1.04,1.77,3.07,0.03,0.22,380.87,70.08,7.96,18.98,0.3,31.41,0.39,9.59,0.0,1.53,0.33,2.94,0.79,25.78,5.61,0.98,0.66,260.8,3.56,1.45,0.72,8.12,1.3,5.42,3.26,0.87,0.01,2.38,0.13,135.56,0.06,2.85,0.69,28.33,2.19,0.0,95.22,2.88,0.0,0.03,6.76,34.23,5.73,16263.24,81.61,3.63,25.61,68.81,3.35,143.19,20.25,11.1,26.75,0.0,0.49,0.47,42.31,25.96,708.68,0.32,357.61,6.38,4.35,50.09,0.01,0.1,0.08,2.51,0.35,0.05,27.75,0.52,0.1,1.02,5.4,5.45,3.66,0.03,0.49,17.21,0.25,0.29,0.74,163.75,0.61,22.53,0.41,0.06,9.41,19.0,184.16,221.42,4.35,0.07,74.37,0.44,2656.96,51.85,0.14,53.88,0.22,0.76,114.9,0.06,0.1,4.65,229.61,0.67,3.95
2017,0.83,0.17,3.09,0.0,133.82,105.84,2.87,0.16,0.34,219.78,16.04,22.34,0.07,27.31,0.32,0.96,72.16,23.16,29.22,1.99,12.42,33.73,0.02,0.66,7.18,106.56,1.01,4.16,0.0,3.02,0.0,128.19,2.01,44.56,4689.28,7.97,2.95,0.01,1.76,0.03,16.4,0.09,0.35,0.04,19.77,0.67,4.57,47.79,352.46,0.06,0.1,9.1,16.16,75.43,7.37,177.71,0.33,,126.41,11.3,0.0,13.57,0.51,0.01,65.47,0.16,1.3,168.99,2.23,7.63,0.21,0.54,0.31,0.08,0.9,41.0,0.23,0.12,3.87,1.71,1.08,36.79,4.0,4.65,0.93,13.34,222.64,1199.02,21.78,280.55,91.34,0.0,65.75,188.2,3.87,19.38,884.49,91.48,2.07,1.31,4.06,0.03,0.22,405.65,68.85,10.93,20.77,0.35,33.27,0.4,10.27,0.0,1.03,0.3,2.07,1.26,26.88,4.65,1.15,0.71,267.43,4.31,1.87,1.48,9.82,1.36,5.78,3.44,1.02,0.01,2.49,0.0,132.7,0.07,2.79,0.55,24.44,1.99,0.0,95.21,2.79,0.0,0.03,8.2,36.13,5.74,16622.69,89.61,3.11,21.82,71.19,3.14,145.78,16.01,11.6,35.01,0.0,0.5,0.47,45.56,27.74,701.67,0.35,394.92,6.2,4.19,50.77,0.01,0.1,0.09,1.4,0.35,0.05,27.15,0.54,0.1,0.87,5.8,5.32,3.47,0.02,0.5,17.66,0.29,0.3,0.6,157.1,0.98,23.89,0.43,0.06,9.31,19.98,210.05,237.11,4.61,0.07,59.6,0.22,2540.17,52.9,0.13,43.19,0.17,0.59,108.21,0.06,0.11,3.86,228.82,1.99,3.42
2018,0.81,0.2,2.7,0.0,134.81,104.69,3.38,0.16,0.35,213.14,14.61,23.18,0.1,28.11,0.19,1.6,77.75,21.0,29.54,2.0,12.52,38.18,0.03,0.63,7.07,90.43,1.01,4.3,0.0,3.1,0.0,127.78,1.9,44.26,5035.82,7.04,3.51,0.01,2.0,0.03,18.51,0.1,0.34,0.16,20.08,0.66,4.58,47.49,333.35,0.05,0.09,9.46,16.9,75.93,8.21,182.93,0.34,,111.76,10.38,0.0,15.3,0.45,0.01,49.45,0.18,1.47,158.52,2.11,8.84,0.22,0.73,0.39,0.08,0.91,36.47,0.23,0.1,4.49,1.66,1.11,36.42,3.61,3.74,0.85,12.55,235.41,1276.52,20.7,294.63,96.53,0.0,67.14,171.65,3.38,18.21,858.48,96.36,1.55,1.26,3.48,0.03,0.22,431.59,74.04,12.02,20.81,0.28,34.17,0.4,9.02,0.0,0.72,0.28,3.23,0.47,27.71,5.06,1.35,0.76,280.5,3.65,2.16,1.77,9.05,1.55,6.13,3.12,1.02,0.01,2.48,0.33,142.27,0.02,3.08,0.52,28.94,1.92,0.0,90.71,2.89,0.0,0.04,7.26,37.71,5.61,17166.33,86.6,2.49,21.23,76.43,3.36,147.81,17.22,12.1,28.94,0.0,0.36,0.48,47.91,26.5,712.61,0.48,374.61,6.6,4.24,51.48,0.01,0.1,0.09,1.2,0.35,0.05,25.77,0.54,0.1,0.89,6.01,5.12,3.66,0.02,0.51,21.54,0.26,0.32,0.39,152.24,1.35,25.36,0.45,0.06,9.22,20.37,203.33,236.99,4.99,0.31,62.43,0.36,2661.3,57.24,0.13,41.51,0.16,0.61,133.1,0.06,0.09,3.01,232.24,2.5,4.18
2019,0.82,0.18,4.24,0.0,134.79,96.31,3.05,0.16,0.35,210.64,16.05,24.16,0.12,29.72,0.53,1.34,83.92,19.67,33.09,2.01,11.03,39.42,0.07,0.6,6.62,101.76,1.02,4.93,0.0,2.5,0.0,126.5,1.9,45.17,5140.16,7.13,3.19,0.01,2.81,0.03,24.04,0.11,0.36,0.1,19.81,0.7,4.63,45.41,283.85,0.09,0.12,6.3,18.61,80.74,7.21,180.02,0.35,,111.18,5.47,0.01,12.86,0.48,0.01,53.61,0.23,1.52,151.19,2.84,9.98,0.22,0.74,0.46,0.08,0.95,31.85,0.24,0.08,4.59,1.67,1.11,36.78,5.02,4.3,0.89,13.29,247.4,1273.78,18.92,277.36,110.19,0.0,69.05,174.16,4.05,17.57,805.35,95.38,1.31,1.26,4.58,0.03,0.22,407.88,74.94,11.41,20.47,0.29,34.62,0.41,11.04,0.0,0.87,0.27,3.25,0.62,32.39,5.32,1.52,0.78,275.88,4.53,2.35,1.86,8.45,1.5,6.25,3.92,1.1,0.01,2.53,0.07,149.7,0.05,2.87,0.65,27.95,1.97,0.0,93.34,2.76,0.0,0.04,7.69,38.83,6.04,17081.74,85.12,5.5,22.44,83.99,3.15,137.76,18.42,12.8,24.19,0.0,0.69,0.49,49.87,22.85,712.95,0.42,378.33,5.88,5.04,52.63,0.01,0.1,0.01,1.76,0.35,0.05,26.35,0.55,0.1,1.07,6.28,5.03,3.35,0.04,0.53,21.54,0.26,0.33,0.48,158.79,1.79,22.5,0.52,0.06,9.19,21.33,168.71,228.43,5.19,0.14,59.27,0.28,2588.21,57.09,0.13,35.44,0.16,0.65,164.88,0.06,0.1,2.8,226.62,2.27,4.1
2020,0.82,0.12,4.1,0.0,130.5,98.01,3.17,0.17,0.33,200.87,13.62,24.43,0.09,30.41,0.98,1.29,84.21,16.04,33.36,2.02,11.89,36.85,0.05,0.58,6.61,91.79,0.99,5.74,0.0,2.17,0.0,119.79,1.87,43.09,5227.93,7.82,3.51,0.01,2.93,0.03,26.96,0.13,0.35,0.02,18.13,0.67,4.25,39.72,250.88,0.13,0.12,5.13,16.34,78.49,6.37,174.03,0.36,,87.38,3.11,0.01,10.02,0.4,0.01,48.39,0.25,1.5,130.1,2.82,12.36,0.21,0.97,0.48,0.08,0.92,29.96,0.22,0.09,3.01,1.63,1.11,34.16,4.6,4.68,0.88,13.34,238.93,1221.66,18.51,305.95,112.58,0.0,67.91,159.91,3.69,16.78,775.0,96.69,0.75,1.42,4.53,0.03,0.21,376.54,74.55,11.35,17.02,0.32,29.49,0.37,10.63,0.0,2.13,0.25,2.08,0.37,31.36,5.82,1.28,0.78,245.19,3.86,2.33,1.9,9.64,1.62,5.96,3.14,1.16,0.01,2.2,0.01,143.42,0.07,2.73,0.65,30.19,1.14,0.0,85.14,2.29,0.0,0.04,8.27,38.33,6.34,16598.75,94.22,2.66,19.35,80.15,2.98,128.92,18.31,11.2,21.28,0.0,0.66,0.46,49.26,19.13,653.26,0.33,380.68,6.05,5.04,51.58,0.01,0.1,0.01,0.98,0.34,0.05,27.02,0.55,0.1,1.06,6.22,4.96,2.44,0.02,0.52,20.23,0.25,0.33,0.52,151.4,1.99,25.76,0.5,0.06,9.22,20.71,174.67,235.16,4.59,0.12,54.64,0.81,2431.9,61.52,0.13,17.97,0.16,0.63,159.05,0.06,0.11,2.45,215.57,2.21,2.78
2021,0.83,0.13,4.14,0.0,132.25,105.94,3.38,0.17,0.33,190.18,13.93,26.27,0.12,26.32,1.11,1.4,94.3,20.42,33.87,2.03,11.23,34.2,0.05,0.58,6.69,133.83,0.98,5.7,0.0,2.48,0.0,122.0,1.72,44.06,5678.03,8.64,3.12,0.0,3.03,0.02,21.03,0.13,0.35,0.0,17.04,0.68,4.34,42.29,277.2,0.13,0.12,6.82,17.62,84.79,6.04,185.27,0.37,,88.44,4.32,0.0,10.33,0.4,0.01,48.84,0.26,1.58,140.82,2.38,14.4,0.23,0.98,0.5,0.08,0.96,32.11,0.23,0.08,4.1,1.66,1.1,35.96,4.29,4.58,0.9,13.2,253.16,1319.35,19.98,337.31,116.73,0.0,68.28,169.16,3.77,16.45,765.31,102.49,1.26,2.18,4.15,0.03,0.21,401.65,80.59,11.88,9.38,0.25,34.78,0.39,8.86,0.0,1.68,0.24,2.13,0.29,33.12,6.22,1.69,0.79,235.99,3.88,2.4,1.95,10.12,1.44,6.61,3.21,1.13,0.01,2.35,0.08,141.48,0.04,2.26,0.69,31.1,1.3,0.0,76.62,1.07,0.0,0.04,7.96,41.02,6.46,17555.38,101.7,2.62,21.9,82.35,3.41,148.23,18.46,9.4,17.68,0.0,0.69,0.47,51.64,20.94,714.44,0.41,392.1,6.61,5.31,54.17,0.01,0.1,0.01,0.99,0.34,0.05,24.91,0.56,0.1,1.08,7.2,4.44,3.06,0.02,0.52,20.87,0.26,0.41,0.55,149.89,2.06,28.39,0.51,0.06,9.26,21.22,211.81,247.52,5.46,0.13,47.65,2.46,2512.39,66.42,0.12,17.22,0.17,0.64,145.13,0.06,0.09,2.42,214.1,1.42,2.51
2022,0.83,0.13,4.23,0.0,125.46,95.93,3.88,0.17,0.34,185.48,14.09,27.1,0.12,26.02,0.97,1.43,100.66,24.19,35.6,2.03,11.11,31.24,0.06,0.62,7.5,68.71,1.01,5.6,0.0,2.55,0.0,120.04,1.59,40.67,5760.34,9.16,2.86,0.0,3.87,0.02,21.25,0.14,0.36,0.0,14.98,0.68,4.38,41.94,280.63,0.13,0.13,6.48,18.08,90.61,7.93,192.52,0.39,,105.65,6.08,0.0,8.17,0.42,0.01,60.35,0.26,1.66,139.28,3.39,14.85,0.21,1.02,0.51,0.08,1.03,29.22,0.24,0.07,2.07,1.66,1.25,35.77,4.57,5.15,0.82,12.31,268.13,1404.39,20.54,344.54,130.83,0.0,68.58,179.71,3.91,17.35,775.61,100.17,1.58,1.92,3.75,0.03,0.21,393.06,83.39,12.18,2.38,0.26,35.1,0.39,10.94,0.0,1.02,0.17,1.21,0.29,33.88,4.82,1.71,0.79,246.17,4.33,2.48,2.0,13.75,1.55,6.99,3.19,1.19,0.01,2.51,0.08,147.87,0.02,2.28,0.77,28.61,1.55,0.0,67.7,1.97,0.0,0.04,6.18,42.45,6.46,17756.57,103.14,2.79,26.81,86.83,3.62,140.91,18.83,9.8,18.72,0.0,0.68,0.47,54.03,20.03,738.13,0.44,398.98,4.74,5.75,54.59,0.01,0.1,0.01,0.61,0.34,0.05,25.02,0.5,0.08,1.17,4.8,3.68,2.88,0.02,0.53,19.2,0.26,0.37,0.72,151.89,1.57,32.59,0.51,0.07,9.49,20.76,186.21,242.36,6.7,0.15,32.02,1.37,2557.21,68.15,0.13,17.82,0.17,0.66,133.98,0.06,0.09,2.52,205.28,2.16,2.92
2023,,0.13,4.23,0.0,118.93,87.54,3.72,0.17,0.34,177.86,10.82,27.19,0.12,21.78,0.97,1.43,104.44,13.87,36.08,,10.26,30.51,0.05,0.63,7.76,64.01,1.01,5.59,0.0,2.58,,123.01,1.84,31.21,6127.58,7.67,3.01,0.0,4.1,,30.77,0.14,,0.01,14.57,0.68,4.24,34.25,224.79,0.13,0.13,4.38,20.32,95.39,7.93,195.34,0.39,,78.46,2.94,0.0,4.91,0.42,,42.38,,1.66,109.85,3.45,14.93,0.22,1.02,0.51,,1.08,24.55,,,3.43,,1.25,37.28,4.5,5.21,,10.24,285.4,1528.07,17.26,351.46,148.53,0.0,66.59,145.03,,,712.25,98.57,1.3,1.97,7.64,,,381.7,83.66,12.18,2.38,0.26,35.1,,8.44,,0.86,0.15,1.42,,33.24,4.44,,0.79,266.18,4.68,2.5,2.03,15.88,1.64,7.15,3.19,,,2.7,,151.82,0.04,,0.78,32.78,1.55,,58.99,2.35,,0.04,5.42,43.19,5.54,18002.77,103.14,4.92,29.19,91.14,3.61,119.66,18.83,,11.78,0.0,,,55.0,17.4,751.77,0.46,417.1,5.0,6.3,54.72,,0.1,0.01,0.61,0.34,,25.58,0.55,,1.22,4.49,3.65,2.33,0.02,0.54,,0.26,,0.73,160.72,1.6,33.78,0.51,0.06,9.49,20.45,185.45,239.32,8.18,,30.57,1.03,2514.3,69.2,0.13,17.93,0.17,0.65,157.62,0.06,0.09,2.55,195.43,2.14,2.7
2024,,,,,121.00917,89.93,3.52,,,180.57,10.43,25.77,,16.65,,,111.55,10.07,,,9.61,27.36,,,7.66,75.77,,,,,,130.01,1.8,26.87,6239.0,,,,,,31.19,,,0.74,,,4.36,30.78,202.93,,,4.24,21.64,,9.35,208.14,,,65.16,2.63,,4.59,,,32.09,,,95.69,2.83,,,,,,,28.78,,,,,,,,4.17,,10.01,301.68924,1595.42,16.89,357.22,,,,134.12,,,700.27,100.43,1.04,2.69,9.32,,,373.69,85.75,,,,,,7.65,,1.44,0.15,1.66,,32.24,4.6,,,269.78,3.88,,1.84,14.75,1.47,7.57,,,,,,159.22,,,,30.89,,,56.61,2.51,,,6.64,41.53,6.19,18240.9,97.68,,26.0,98.51,,119.4,17.63,,6.86,,,,58.5,16.89,776.01,,444.82214,,,56.67,,,,0.48,,,25.52,,,,4.1,4.05,2.33,,,,,,,169.9,2.41,,,,,20.0,185.57,244.84,,,15.65,0.93,2547.95,,,,,,171.09,,,,203.96,,
