Date,ABW,AFG,AGO,ALB,ARE,ARG,ARM,ASM,ATG,AUS,AUT,AZE,BDI,BEL,BEN,BFA,BGD,BGR,BHR,BHS,BIH,BLR,BLZ,BMU,BOL,BRA,BRB,BRN,BTN,BWA,CAF,CAN,CHE,CHL,CHN,CIV,CMR,COD,COG,COK,COL,COM,CPV,CRI,CUB,CYM,CYP,CZE,DEU,DJI,DMA,DNK,DOM,DZA,ECU,EGY,ERI,ESH,ESP,EST,ETH,FIN,FJI,FLK,FRA,FRO,GAB,GBR,GEO,GHA,GIB,GIN,GLP,GMB,GNB,GNQ,GRC,GRD,GRL,GTM,GUF,GUM,GUY,HKG,HND,HRV,HTI,HUN,IDN,IND,IRL,IRN,IRQ,ISL,ISR,ITA,JAM,JOR,JPN,KAZ,KEN,KGZ,KHM,KIR,KNA,KOR,KWT,LAO,LBN,LBR,LBY,LCA,LKA,LSO,LTU,LUX,LVA,MAC,MAR,MDA,MDG,MDV,MEX,MKD,MLI,MLT,MMR,MNE,MNG,MOZ,MRT,MSR,MTQ,MUS,MWI,MYS,NAM,NCL,NER,NGA,NIC,NLD,NOR,NPL,NRU,NZL,OMN,OWID_KOS,OWID_WRL,PAK,PAN,PER,PHL,PNG,POL,PRI,PRK,PRT,PRY,PSE,PYF,QAT,REU,ROU,RUS,RWA,SAU,SDN,SEN,SGP,SHN,SLB,SLE,SLV,SOM,SPM,SRB,SSD,STP,SUR,SVK,SVN,SWE,SWZ,SYC,SYR,TCA,TCD,TGO,THA,TJK,TKM,TLS,TON,TTO,TUN,TUR,TWN,TZA,UGA,UKR,URY,USA,UZB,VCT,VEN,VGB,VIR,VNM,VUT,WSM,YEM,ZAF,ZMB,ZWE
1985,,,,,0.008182865,12.59499,,,,3.7736611,,,,,,,,,,,,,,,,2.0209193,,,,,,1.4764179,,,13.8023815,,,,,,,,,,,,,,1.8362442,,,,,,,39.231827,,,6.1211133,,,,,,2.0501332,,,16.205563,,,,,,,,,,,,,,,,,,,,,40.172333,6.367437,,49.316105,,,,41.011093,,,27.362066,10.212316,,,,,,27.836676,,,,,,,,,,,,,,,,,57.23284,,,,,,,,,,,,,60.338596,,,,,,5.1734815,,,,,,,11.235588,,,,,,1.2199194,,,,,,,,,,11.781398,,42.400307,,,,,,,,,,,,,,,,,,,,,,,14.55458,,,,,,,20.696165,9.432343,,,17.32192,,4.054885,,,,,,23.988953,,,,0.02927013,,
1986,,,,,0.00834009,16.102911,,,,2.9113622,,,,,,,,,,,,,,,,5.0402174,,,,,,1.3158792,,,11.940916,,,,,,,,,,,,,,2.6058288,,,,,,,40.664185,,,4.8134136,,,,,,1.4978147,,,10.374629,,,,,,,,,,,,,,,,,,,,,36.648243,5.6760206,,45.696873,,,,40.286488,,,26.737583,10.298787,,,,,,17.654726,,,,,,,,,,,,,,,,,61.13987,,,,,,,,,,,,,56.95245,,,,,,5.1451545,,,,,,,11.475273,,,,,,1.1561434,,,,,,,,,,11.7830105,,44.616547,,,,,,,,,,,,,,,,,,,,,,,13.559569,,,,,,,17.636063,12.012083,,,18.220757,,5.4880137,,,,,,25.275917,,,,0.028332243,,
1987,,,,,0.00831748,19.337898,,,,2.0608916,,,,,,,,,,,,,,,,3.8276384,,,,,,2.0268023,,,10.988866,,,,,,,,,,,,,,2.5938973,,,,,,,41.983482,,,4.8513007,,,,,,1.5242294,,,8.694789,,,,,,,,,,,,,,,,,,,,,37.650185,5.521987,,52.444775,,,,44.66411,,,26.671816,10.205151,,,,,,2.9986947,,,,,,,,,,,,,,,,,62.34682,,,,,,,,,,,,,52.6491,,,,,,5.345664,,,,,,,11.088151,,,,,,1.1643455,,,,,,,,,,11.701073,,49.12268,,,,,,,,,,,,,,,,,,,,,,,7.667179,,,,,,,12.390622,9.06053,,,17.823729,,4.5960293,,,,,,25.384233,,,,0.027563937,,
1988,,,,,0.008334434,16.44777,,,,1.7046328,,,,,,,,,,,,,,,,3.3460383,,,,,,2.3402433,,,11.066561,,,,,,,,,,,,,,2.146346,,,,,,,43.21085,,,4.9993134,,,,,,1.435905,,,9.193879,,,,,,,,,,,,,,,,,,,,,38.533356,5.110967,,39.642273,,,,44.0664,,,28.266012,10.049123,,,,,,9.470131,,,,,,,,,,,,,,,,,61.834816,,,,,,,,,,,,,48.52212,,,,,,5.449795,,,,,,,11.278762,,,,,,1.1265069,,,,,,,,,,11.647872,,50.669003,,,,,,,,,,,,,,,,,,,,,,,9.704368,,,,,,,6.877799,20.534895,,,16.256105,,5.493568,,,,,,21.960207,,,,0.0322497,,
1989,,,,,0.008295455,14.1635895,,,,1.9969227,,,,,,,,,,,,,,,,2.7744985,,,,,,3.648719,,,9.854825,,,,,,,,,,,,,,1.8641728,,,,,,,42.872623,,,6.2140217,,,,,,2.8968751,,,9.358996,,,,,,,,,,,,,,,,,,,,,37.685623,4.7000065,,35.531933,,,,48.77058,,,28.982908,10.01211,,,,,,10.780611,,,,,,,,,,,,,,,,,59.953247,,,,,,,,,,,,,46.534977,,,,,,4.525116,,,,,,,11.581788,,,,,,1.1624869,,,,,,,,,,11.688701,,48.72032,,,,,,,,,,,,,,,,,,,,,,,12.730522,,,,,,,8.161489,26.467531,,,16.774008,,5.600774,,,,,,15.184996,,,,0.0,,
1990,,,,,0.008303503,9.693187,,,,2.2318804,5.520601,,,6.4162755,,,,3.4367542,,,,,,,,2.275333,,,,,,3.4265985,,,8.107856,,,,,,,,,,,,100.0,1.7986189,4.564231,,,3.3153431,,,,37.074074,,,6.3575015,94.4121,,8.830022,,,3.0862417,,,11.518374,,,,,,,,,20.964912,,,,,,,,,32.80363,,5.2391,37.21632,4.626032,25.686136,34.493053,,,,49.96012,,,32.619152,9.992104,,,,,,11.23328,,,,,,,,,14.753522,82.258064,6.315789,,,,,,54.45827,1.7391305,,44.144146,,,,,,,,,,45.8594,,,,,,6.845828,0.17269737,,,,,,11.420837,,,,,,1.82251,,,33.321568,,,,,,18.38258,11.873387,,49.013123,,,,,,,,,,4.8242235,,,,8.826991,7.877814,1.2672969,,,,,,,23.506891,,,,,,,6.8474107,24.791601,,,16.03485,,4.206248,,,,,,15.03283,,,,0.0,,
1991,,,,,0.008365623,14.147439,,,,1.822573,6.3795853,,,7.1077394,,,,3.8830183,,,,,,,,2.2382488,,,,,,2.7879968,,,7.6633463,,,,,,,,,,,,100.0,1.8242123,5.1938357,,,3.0727022,,,,29.932293,,,7.2134957,93.36979,,9.5065565,,,3.9769952,,,9.235629,,,,,,,,,23.586248,,,,,,,,,22.261072,,9.846462,37.382797,4.1952505,30.583502,35.20082,,,,49.471226,,,30.225574,8.72076,,,,,,15.357431,,,,,,,,,19.54375,82.85714,9.911505,,,,,,52.650307,1.0398613,,58.450706,,,,,,,,,,41.221,,,,,,7.224802,0.15376267,,,,,,11.057069,,,,,,1.7781795,,,34.084793,,,,,,10.7922535,11.606224,,49.696667,,,,,,,,,,4.990709,,,,12.737015,4.3956046,1.741852,,,,,,,25.436682,,,,,,,5.4614873,25.809017,,,13.835715,,3.9368997,,,,,,16.199783,,,,0.0,,
1992,,,,,0.0082964245,13.654243,,,,1.4817178,5.973141,,,6.524783,,,,3.9785554,,,,,,,,2.619566,,,,,,3.006786,,,7.0575905,,,,,,,,,,,,100.0,1.879763,4.9777994,,,3.9215686,,,,27.213419,,,9.792532,97.54861,,9.601386,,,2.8481703,,,9.874159,,,,,,,,,21.381939,,,,,,,,,28.202248,,13.257575,37.08651,4.3929567,29.31472,30.860842,,,,53.920425,,,30.77503,8.778046,,,,,,15.805868,,,,,,,,,12.614555,83.33333,4.4270835,,,,,,50.53613,0.9884678,,62.416107,,,,,,,,,,33.733673,,,,,,6.526899,0.13662368,,,,,,10.778767,,,,,,1.8212429,,,46.87924,,,,,,8.331791,9.921372,,53.038086,,,,,,,,,,1.8070533,,,,9.251291,2.5121555,2.3504422,,,,,,,26.461073,,,,,,,7.824796,21.303259,,,8.990313,,3.278924,,,,,,16.692427,,,,0.0,,
1993,,,,,0.008310866,10.818057,,,,1.4333439,6.8017926,,,6.464041,,,,4.9682875,,,,,,,,2.4664786,,,,,,2.2646685,,,8.06491,,,,,,,,,,,,100.0,1.4317368,4.0079126,,,3.7004147,,,,22.40623,,,6.6464677,98.57456,,10.31772,,,2.168479,,,7.040946,,,,,,,,,19.957594,,,,,,,,,28.301888,,17.623823,37.08054,3.922952,25.992556,31.831062,,,,53.65432,,,25.785034,8.646891,,,,,,15.644226,,,,,,,,,7.3223257,85.07462,12.468193,,,,,,48.96264,1.7374519,,60.0,,,,,,,,,,30.63593,,,,,,6.984713,0.15035082,,,,,,10.067904,,,,,,1.8667476,,,32.522697,,,,,,9.934971,8.6647215,,53.36885,,,,,,,,,,1.0013351,,,,8.98129,2.1757321,2.753683,,,,,,,28.795792,,,,,,,7.0044713,22.96473,,,7.404045,,3.5620875,,,,,,19.189646,,,,0.0,,
1994,,,,,0.008307036,6.9443145,,,,1.4864011,6.371511,,,6.812448,,,,4.9763036,,,,,,,,2.4774783,,,,,,1.8204342,,,5.1949778,,,,,,,,,,,,100.0,1.729452,3.9401212,,,7.602773,,,,17.570547,,,6.8730884,97.595634,,11.444681,,,1.9330007,,,5.113915,,,,,,,,,19.290354,,,,,,,,,15.560641,,17.004772,24.387383,4.0588503,28.05241,33.041092,,,,52.38907,,,28.554483,7.1407146,,,,,,20.505764,,,,,,,,,13.012295,72.88136,18.468468,,,,,,54.55527,0.67340064,,76.623375,,,,,,,,,,24.510616,,,,,,6.874521,0.16915955,,,,,,10.0884285,,,,,,2.2282243,,,25.449871,,,,,,10.519622,8.365026,,52.399864,,,,,,,,,,0.77871513,,,,5.7322345,2.094647,3.2726,,,,,,,29.58036,,,,,,,7.0854077,21.598888,,,5.1963954,,3.2925014,,,,,,16.0319,,,,0.0,,
1995,,,,,0.006959939,6.8260403,,,,1.5816853,5.2861037,,,6.515234,,,,4.033613,,,,,,,,2.750886,,,,,,1.1299148,,,5.470939,,,,,,,,,,,,100.0,1.8487949,4.045448,,,10.196829,,,,17.788044,,,9.432362,96.89298,,11.765625,,,2.1454403,,,6.766048,,,,,,,,,21.006351,,,,,,,,,26.298702,,16.108171,15.852044,3.9391427,26.522482,34.781647,,,,52.571934,,,24.599823,7.2825117,,,,,,14.52444,,,,,,,,,8.136095,46.938774,13.032581,,,,,,46.56041,0.6525285,,94.47852,,,,,,,,,,23.48066,,,,,,6.192028,0.1390593,,,,,,9.429153,,,,,,2.2327616,,,30.750532,,,,,,9.822185,7.8825274,,54.690025,,,,,,,,,,0.77688,,,,4.8429813,2.015504,3.1561909,,,,,,,30.065096,,,,,,,6.690631,24.22006,,,5.4179883,,2.2472167,,,,,,8.840797,,,,0.0,,
1996,,,,,0.00754692,6.6284575,,,,1.3823581,5.575304,,,6.2283735,,,,3.678538,,,,,,,,3.2028456,,,,,,1.2984754,,,4.6564813,,,,,,,,,,,,100.0,3.5249882,3.6681688,,,11.146496,,,,19.73586,,,8.602274,96.809685,,12.177175,,,2.2036667,,,5.457862,,,,,,,,,19.919374,,,,,,,,,16.517056,,13.308635,15.580464,4.4782844,25.596184,35.368454,,,,50.503365,,,23.037971,7.2274656,,,,,,13.212115,,,,,,,,,8.128079,40.000004,23.71795,,,,,,45.64495,1.0542169,,100.0,,,,,,,,,,20.771635,,,,,,6.173427,0.1814882,,,,,,9.041337,,,,,,2.3585238,,,17.163742,,,,,,10.978208,6.670091,,55.852802,,,,,,,,,,1.2999071,,,,6.8735275,1.9923371,5.66816,,,,,,,29.377645,,,,,,,6.8950977,19.941235,,,2.7955706,,2.3895638,,,,,,8.634325,,,,0.0,,
1997,,,,,0.009241513,2.8180106,,,,1.0572575,6.24213,,,5.880842,,,,3.1470172,,,,,,,,3.2369077,,,,,,2.1009717,,,4.149091,,,,,,,,,,,,100.0,4.1270833,3.7611873,,,12.845492,,,,21.720026,,,8.470365,97.07158,,12.082189,,,2.3953056,,,3.5389395,,,,,,,,,18.523708,,,,,,,,,26.248775,,17.033897,16.98421,4.452487,27.88804,33.050777,,,,48.07708,,,19.807558,7.243834,,,,,,11.406145,,,,,,,,,10.979847,31.707315,6.873614,,,,,,49.48258,1.0401188,,100.0,,,,,,,,,,19.564445,,,,,,6.5569916,0.1719457,,,,,,8.813935,,,,,,2.7316587,,,19.50428,,,,,,12.0945,6.2091317,,55.57622,,,,,,,,,,1.6197784,,,,5.151757,2.6555386,3.0694993,,,,,,,23.425959,,,,,,,6.9312677,19.44196,,,1.3955566,,2.6779134,,,,,,11.378842,,,,0.0,,
1998,,,,,0.008179603,5.1368785,,,,0.88985366,6.789681,,,7.2237787,,,,2.7522936,,,,,,,,3.4839606,,,,,,2.999702,,,4.57515,,,,,,,,,,,,100.0,4.410399,3.5939262,,,12.732161,,,,26.464241,,,10.197011,96.72515,,10.126944,,,3.162493,,,3.8046925,,,,,,,,,16.958424,,,,,,,,,30.856644,,16.532257,12.426748,4.1652937,31.17506,22.493444,,,,44.543877,,,18.157127,7.298125,,,,,,4.4342465,,,,,,,,,16.909622,8.108108,6.8965516,,,,,,50.99579,0.8510638,,100.0,,,,,,,,,,17.632956,,,,,,6.4548607,0.15461262,,,,,,8.92796,,,,,,2.6284008,,,27.35484,,,,,,7.812794,6.400628,,57.516376,,,,,,,,,,0.87993187,,,,7.2289157,1.0204082,2.8591223,,,,,,,20.68854,,,,,,,7.13385,18.469753,,,1.3961807,,3.5918489,,,,,,16.949467,,,,0.0,,
1999,,,,,0.007592301,4.7445817,,,,0.8489629,6.1286,,,5.1937146,,,,2.9264436,,,,,,,,4.970293,,,,,,2.564944,,,4.055596,,,,,,,,,,,,100.0,4.004987,3.1842263,,,13.429751,,,,22.898808,,,13.081748,97.09794,,9.752233,,,2.812103,,,3.8897188,,,,,,,,,16.056454,,,,,,,,,29.86111,,14.512291,11.689147,4.5311837,35.911606,24.836895,,,,37.469624,,,17.906645,6.3686166,,,,,,4.5415025,,,,,,,,,13.83792,8.333333,9.73236,,,,,,47.19645,0.43731776,,100.0,,,,,,,,,,7.286228,,,,,,6.751996,0.17990023,,,,,,8.494602,,,,,,2.643046,,,25.737013,,,,,,7.6481075,4.833475,,58.090157,,,,,,,,,,1.2001297,,,,3.8776236,1.0558069,2.7189357,,,,,,,17.609636,,,,,,,6.939196,18.792622,,,0.92710626,,3.2252028,,,,,,13.897024,,,,0.0,,
2000,100.0,35.416668,36.805553,3.805497,0.0,3.528883,0.0,100.0,100.0,1.0469031,4.4097924,72.00214,0.0,5.6528563,100.0,74.35898,6.3989964,2.2912047,0.0,100.0,0.4793864,6.551724,30.769232,98.33333,0.77319586,4.4765425,96.20253,0.78740156,0.0,2.631579,20.0,2.2374218,1.7090138,4.1585603,3.487017,0.20833331,1.1594203,0.0,0.0,100.0,0.5138986,100.0,93.33333,0.8746355,84.43114,100.0,100.0,3.5528119,3.1725106,100.0,62.500004,13.500698,93.00538,3.031496,28.490028,23.00873,100.0,100.0,11.293681,92.83196,1.1834319,7.8462195,28.0,100.0,2.0767615,63.636364,20.61069,3.7288496,2.8532608,8.6471405,100.0,49.382717,62.29508,100.0,100.0,20.0,16.188137,100.0,41.37931,41.48607,10.869565,100.0,98.88889,0.47984648,38.186813,14.629795,48.148144,13.015061,12.760098,5.1033444,26.926332,28.06033,79.31034,0.0,31.411158,33.87049,95.420975,89.41656,16.62135,5.2091403,59.62877,0.0,84.84848,100.0,100.0,11.30315,67.05846,10.136986,95.577896,100.0,78.06452,100.0,52.654865,0.0,6.7385445,7.4999995,4.589372,100.0,25.766424,0.5504587,36.046513,100.0,47.43149,6.314244,73.58491,100.0,13.529412,,1.7241379,0.10449321,92.85714,100.0,100.0,50.282486,9.917355,3.3762515,2.0833333,62.19512,33.333336,0.0,78.50877,6.0867596,0.11226494,1.8181818,100.0,1.3878181,17.124039,0.67567563,8.665402,40.45721,29.652353,12.299197,20.286976,34.56221,2.814639,89.51945,4.145078,19.902802,0.0,100.0,70.731705,0.0,18.75,6.5942593,4.2038827,37.5,53.96928,50.0,96.644295,79.94948,100.0,100.0,88.888885,38.274933,100.0,100.0,0.97026604,,66.666664,26.041668,2.4691358,0.36737695,1.824692,0.0,100.0,50.019802,100.0,100.0,44.444443,10.270102,0.0,0.0,,100.0,0.0,11.614731,6.825856,17.420473,10.8,0.6289308,0.79143393,6.587615,3.0514715,10.051216,70.0,9.264689,100.0,100.0,17.018072,100.0,50.0,100.0,0.0,0.38910505,1.0014306
2001,100.0,21.739132,37.80488,4.607046,0.0,1.6307966,0.0,100.0,100.0,1.1682868,5.083634,33.755276,0.0,6.9693503,100.0,86.11111,6.731876,1.9106814,0.0,100.0,0.84666044,5.8236938,30.769232,98.36066,1.2626263,4.973368,97.59036,0.7751938,0.0,1.7699115,27.272726,2.7358105,1.6748768,3.000945,3.2766292,0.20491803,1.994302,0.16891891,0.0,100.0,0.53314793,100.0,94.117645,1.4492754,85.22876,100.0,100.0,3.678254,3.5444088,100.0,62.500004,12.253595,92.21184,2.892562,36.247726,21.868418,100.0,100.0,11.339941,92.69729,0.98039216,10.530558,25.316456,100.0,1.8061188,66.666664,15.0,3.0589705,1.0174419,16.133163,100.0,42.708332,65.11628,100.0,100.0,16.666666,15.302627,100.0,42.857143,42.64487,30.0,100.0,98.91305,0.49443755,50.383633,16.470587,52.542377,11.889072,12.405802,4.57097,29.861677,26.232466,81.82945,0.0,25.005688,30.022066,96.61266,89.25729,14.204074,4.207295,40.540543,0.0,89.28571,100.0,100.0,11.062346,69.30029,10.081744,96.68342,100.0,77.964,100.0,53.22339,0.0,5.501393,3.4482758,3.2786887,96.17834,15.51282,0.5128205,38.636364,100.0,44.11569,2.6687598,73.83177,100.0,11.349035,,2.020202,0.34013605,93.61702,100.0,100.0,46.875,9.016393,3.6817102,0.0,65.69767,27.777777,0.0,80.16194,6.077708,0.24727993,1.081081,100.0,1.5020367,17.659138,0.536193,8.288291,36.13923,50.78125,8.762638,20.977684,44.029846,3.207626,80.59166,5.0273767,20.62527,0.0,100.0,76.190475,0.0,24.324324,10.102708,3.9067845,39.999996,47.532345,49.25373,96.64805,50.09074,100.0,100.0,92.30769,40.96692,100.0,100.0,0.98249924,,100.0,28.846155,3.519799,0.8977901,2.4071782,0.0,100.0,45.81152,100.0,100.0,61.538464,2.6438262,0.0,0.0,,100.0,0.0,9.841827,7.9924746,14.268286,2.1201413,0.6289308,0.70975184,0.2162162,3.6374903,9.904087,80.0,11.08645,100.0,100.0,15.550474,100.0,50.0,100.0,0.0,0.50377834,0.37974682
2002,100.0,15.492958,35.227272,6.199461,0.0,1.0284904,0.0,100.0,100.0,1.4005101,4.6346693,30.995716,0.0,5.6090927,100.0,83.333336,6.649076,2.4239542,0.0,100.0,1.2974977,5.139834,35.714287,98.4375,1.2019231,4.029272,98.83721,1.1070111,0.0,2.6086957,27.272726,2.5859053,1.8192936,3.4069984,3.0658822,0.1890359,3.6697247,0.1650165,0.0,100.0,0.51442635,100.0,94.73685,1.6172506,85.595924,100.0,100.0,3.618421,3.1742496,100.0,57.142857,11.406651,88.273384,2.169982,32.853516,16.908268,100.0,100.0,12.567212,93.43494,0.9708738,11.278697,30.120483,100.0,1.7705537,58.333336,14.965986,3.0239646,1.1126565,31.224209,100.0,41.584156,66.91729,100.0,100.0,14.285714,15.273612,100.0,41.935482,45.045048,33.333332,100.0,98.91305,0.49664038,59.277107,17.336487,52.72727,6.2240663,17.560156,4.5813923,23.26613,22.882153,85.233315,0.11976047,22.725275,33.999928,97.844826,91.00985,15.682596,5.263158,23.300972,0.0,94.73685,100.0,100.0,8.752748,78.00385,10.084034,94.199135,100.0,78.893326,100.0,61.095097,0.0,3.9907458,1.0714285,4.534005,95.88235,17.54967,0.35460994,36.046513,100.0,36.768185,3.4482756,73.87387,100.0,0.59171593,,2.2653723,0.23847376,94.33963,100.0,99.25926,46.428574,9.375,6.7886724,0.0,65.14285,26.31579,0.0,74.90196,5.7903633,0.23034398,0.0,100.0,1.3926884,18.005808,0.53908354,7.9222484,32.176323,35.349716,8.54934,12.979777,47.735195,3.2142606,82.21072,5.137335,25.400658,0.0,100.0,71.739136,0.0,24.352333,6.578464,3.6094153,41.17647,44.15467,53.666668,87.01923,43.912292,100.0,100.0,87.5,43.825665,100.0,100.0,0.75210583,,75.0,39.024387,3.5736482,0.47945204,3.0743015,1.3888888,100.0,45.671535,100.0,100.0,43.75,1.954998,0.0,0.0,,100.0,0.0,10.135136,7.6444025,10.9334135,1.0380622,0.5813953,0.5573752,0.31249997,2.6972892,9.412955,80.0,14.534568,100.0,100.0,12.262569,100.0,45.454548,100.0,0.0,0.49019608,0.11655012
2003,100.0,20.87912,37.688442,2.1032505,0.0,1.1404365,0.0,100.0,100.0,1.5622926,5.3993444,35.747883,0.0,4.4752903,100.0,77.77778,6.6268063,2.3888364,0.0,100.0,1.242236,4.093128,62.500004,98.48484,1.3856813,3.0983286,98.85058,0.93749994,0.0,2.8846154,27.272726,3.287606,1.8365475,4.0531845,2.8698094,0.19685039,4.3835616,0.16366611,0.0,100.0,0.5194805,100.0,100.0,2.1917808,84.44023,100.0,100.0,3.2612634,3.833696,100.0,62.500004,6.1561885,74.471085,2.333446,29.87805,16.205662,100.0,100.0,9.937816,94.58661,0.8583691,11.141434,45.977013,100.0,1.9601882,66.666664,18.300653,2.8854122,1.1267606,34.35374,100.0,53.488373,66.66667,100.0,100.0,14.285714,14.315642,100.0,41.935482,37.192474,49.25373,100.0,98.78049,0.56449336,58.97436,24.620062,52.830193,5.098154,19.729109,4.872048,17.8888,20.90999,88.03389,0.11848342,23.129251,29.098406,97.49304,90.03736,16.95238,4.0557466,18.065693,0.0,92.1875,100.0,100.0,8.151939,75.376884,10.15873,89.55916,100.0,79.63061,100.0,56.48755,0.0,2.6036134,1.0752689,2.5188918,91.666664,19.094246,0.34662044,36.458332,100.0,33.832813,0.2971768,74.77477,100.0,0.55350554,,2.250804,0.27803522,92.0,100.0,99.28571,48.80383,7.6335883,4.7653346,0.0,72.0,25.0,0.0,72.59259,6.1799517,0.28124124,0.0,100.0,1.70919,18.02054,0.82644624,7.793728,15.497076,49.012566,9.201919,13.543634,53.10559,3.119792,74.20569,4.7413797,13.83919,0.0,100.0,68.085106,0.0,27.403847,6.619256,3.3657467,33.333332,45.15548,63.112392,81.54507,36.46659,100.0,100.0,86.66666,39.00227,100.0,100.0,0.7880911,,75.0,41.538464,3.808909,0.43383947,4.1805153,1.5625,100.0,40.592106,100.0,100.0,33.333332,2.164913,0.0,0.0,100.0,100.0,0.1552795,0.88652486,5.8692846,9.590548,1.4760147,0.5555556,0.44301695,0.11655012,3.4216092,8.5761175,81.818184,16.585102,100.0,100.0,6.498901,100.0,50.0,100.0,0.0,0.48076925,0.11376564
2004,100.0,21.518988,21.875,2.5225224,0.0,4.0893674,0.0,100.0,100.0,1.5399381,5.448666,28.314919,0.0,5.922084,100.0,78.723404,5.769996,2.441973,0.0,100.0,1.0212097,4.8397436,57.142857,98.48484,1.3245032,3.321376,98.8764,0.9202454,0.0,5.1546392,19.999998,3.2163742,1.8944732,5.5686274,2.9741614,0.18181817,4.6683044,0.14245014,0.0,100.0,0.506791,100.0,95.454544,0.877193,82.41688,100.0,100.0,3.4252295,3.7926512,100.0,72.72727,5.2186875,68.386024,2.208,32.968746,10.656488,100.0,100.0,10.234627,94.665375,0.7782101,9.599255,43.181816,100.0,1.8046973,60.000004,20.915033,2.7746751,1.4577259,12.666666,100.0,38.88889,67.132866,100.0,100.0,11.111111,13.637925,100.0,42.42424,31.619936,39.130436,100.0,98.83721,0.64777327,65.89148,11.82408,52.72727,2.8478196,23.112679,4.0482874,18.50675,21.927992,92.59833,0.0,13.557529,21.95363,96.82758,49.218746,15.130353,1.7625093,29.545456,0.0,94.73685,100.0,100.0,7.081137,72.29763,0.0,90.2972,100.0,81.039604,100.0,63.288006,0.0,2.8266666,0.8902077,1.2793176,92.38579,18.374357,0.17241378,39.04762,100.0,32.949574,0.3003003,76.190475,100.0,0.53475934,,2.7439027,0.34482756,92.59259,100.0,99.30555,50.925926,9.523809,3.5394547,0.0,69.461075,25.0,0.0,71.88612,5.770387,0.27247956,0.41841,100.0,1.6087059,18.0,0.7352941,7.254118,15.728247,34.02778,13.731958,15.194852,56.410255,3.277829,74.327126,4.5745654,13.025963,0.0,100.0,66.666664,0.0,34.703194,4.374004,2.9670248,42.857143,43.0598,65.55556,83.68201,28.598587,100.0,100.0,83.333336,41.964287,100.0,100.0,0.40333426,,75.0,46.15385,3.939593,0.32743943,2.7051992,1.7241379,100.0,45.850174,100.0,100.0,57.894737,4.59196,0.0,0.0,100.0,100.0,0.15552099,1.2573345,4.487479,8.236802,1.9157089,0.0,0.38368776,18.305084,3.286479,7.8470826,75.00001,12.541856,100.0,100.0,3.6363635,100.0,54.545452,100.0,0.0,0.47003523,0.20576131
2005,100.0,20.731709,15.589353,1.2987013,0.0,5.4751773,0.0,100.0,100.0,1.6382074,5.1110764,25.700525,0.0,5.8900213,100.0,80.76923,5.675074,1.7088175,0.0,100.0,1.111111,3.0361757,56.250004,98.55073,1.2269939,3.1111221,98.9899,0.9202454,0.0,0.9433963,18.75,2.6833198,2.2491348,6.4917655,2.0201898,0.17636684,5.8080807,0.13642564,0.0,100.0,0.50060076,100.0,95.833336,3.2967036,84.16938,100.0,100.0,3.7593067,4.325496,100.0,75.00001,5.6541014,65.51724,2.1232677,34.25633,14.293881,100.0,100.0,10.90997,93.62746,0.3472222,8.645124,47.19101,100.0,2.1172295,56.0,27.388535,3.1429648,2.2222223,17.210682,100.0,37.974686,68.666664,100.0,100.0,10.0,14.66031,100.0,41.17647,28.48921,40.277775,100.0,98.46154,0.39082855,66.907776,14.099617,52.72727,1.8181818,27.616827,3.6010334,22.478498,21.12159,47.36842,0.0,13.947747,18.07691,96.385544,44.45596,16.03979,3.8722029,33.283585,0.0,94.73684,100.0,100.0,6.103166,74.914246,0.0,91.13384,100.0,73.207886,100.0,60.726444,0.0,4.1608877,0.8955224,0.20325202,92.118225,17.030113,0.16750419,38.67925,100.0,33.068516,0.14409222,66.442955,100.0,0.49833885,0.0,2.647059,0.076045625,90.56604,100.0,99.30555,48.23009,10.457517,3.0683544,0.0,71.80851,30.434782,0.0,64.33567,6.059068,0.22586522,0.7968127,100.0,1.43597,15.810277,0.67264575,7.0456123,19.955585,35.73883,6.745098,10.853809,51.933704,2.8334086,74.67949,3.645147,19.38709,0.0,100.0,64.70589,0.0,26.431719,3.4383953,2.7019947,47.368423,43.506935,64.89899,86.037735,23.103086,100.0,100.0,75.0,39.08524,100.0,100.0,2.0914667,,100.0,50.887573,3.8608809,0.3309067,2.2164688,1.6129031,100.0,48.919064,100.0,100.0,63.157894,5.9955535,0.0,0.0,100.0,100.0,0.14184396,1.6587677,3.2234113,7.7890105,17.486338,3.5714285,0.39165193,12.5,3.125906,6.6289077,78.57143,13.113198,100.0,100.0,4.1666665,100.0,54.545452,100.0,0.0,0.4474273,0.21367522
2006,100.0,12.222222,14.7651005,1.7857144,0.0,7.2114964,0.0,100.0,100.0,1.5967057,5.64218,24.9286,0.0,5.867531,100.0,85.454544,5.437666,1.034331,2.4239542,100.0,1.2039127,4.904118,14.285714,98.59155,0.79999995,3.118369,98.039215,0.9090909,0.0,1.010101,17.647058,1.7241095,2.2372444,4.94186,1.3232276,0.35460994,11.264822,0.13333333,0.0,100.0,0.39370078,100.0,96.0,6.148492,83.42441,100.0,100.0,3.430552,4.238337,100.0,75.00001,5.017606,60.31184,2.1288674,37.002842,13.621708,100.0,100.0,8.795967,93.11409,0.6042296,10.049825,47.77778,100.0,2.03596,56.0,22.891567,3.5341206,0.8032129,33.61144,100.0,36.9863,64.70589,100.0,100.0,9.090909,14.930146,100.0,42.857143,32.52859,26.666668,100.0,98.48484,0.38920602,63.25503,15.10457,52.63158,2.0641563,24.78261,2.5630348,18.212042,25.38903,40.053207,0.0,11.352847,17.218023,96.26666,29.22662,13.2443,9.168295,37.150463,0.0,94.8718,100.0,100.0,5.31775,68.592445,0.0,93.90998,100.0,60.40404,100.0,50.795334,0.0,4.3910522,1.1299435,0.0,89.82036,15.953699,0.16447368,40.186916,100.0,23.250732,3.5663338,66.242035,100.0,0.4854369,0.0,2.8328612,0.0685401,91.93548,100.0,99.319725,43.64407,10.828025,2.9137418,0.621118,73.79679,22.727274,0.0,69.96805,5.239951,0.25573337,0.36764705,100.0,1.5334573,15.048909,0.6772009,6.241305,28.152317,39.79933,6.067251,8.207115,50.294117,2.999378,71.56589,2.8686688,11.115703,0.0,100.0,62.264156,0.0,22.457626,2.5415602,2.9079144,51.85185,46.742397,67.741936,87.49999,19.80248,100.0,100.0,100.0,40.53097,100.0,100.0,1.0593811,,80.0,44.585983,3.8720002,0.39708802,2.6242323,1.4492754,100.0,51.093918,100.0,100.0,59.090908,5.7683873,0.0,0.0,100.0,100.0,0.13947001,7.6511097,2.49078,8.673686,19.65812,23.75,0.43386188,35.368042,1.7694851,5.859692,84.61539,12.615469,100.0,100.0,2.4179618,100.0,58.333336,100.0,0.0,0.10330578,0.5012531
2007,100.0,10.891089,23.148148,2.4734983,0.0,10.042283,0.0,100.0,100.0,1.6489166,5.0294447,18.285976,0.0,4.5616865,100.0,81.96721,5.29203,1.3778608,1.1510129,100.0,1.3582343,0.78542256,18.181818,98.630135,0.9191176,3.252836,98.09524,0.8849557,0.0,1.2048193,12.5,1.928444,1.9418937,25.360329,0.85600054,0.3558719,16.12284,0.12771392,0.0,100.0,0.4380361,100.0,96.29629,8.017818,82.850655,100.0,100.0,3.4408114,4.2116942,100.0,83.333336,4.879918,57.035007,2.124227,36.347824,13.157017,100.0,100.0,6.9104886,96.05911,1.1661807,11.0632,31.460674,100.0,2.0237076,55.555557,34.104046,3.1173608,0.7058823,46.83908,100.0,32.051285,65.62499,100.0,100.0,7.692308,14.375,100.0,44.444443,36.12385,32.43243,100.0,98.57143,0.2829218,62.48013,18.421053,67.391304,2.002002,23.861187,1.6778438,14.189904,22.499016,43.802647,0.0,11.005763,13.597021,95.04951,16.991426,15.691757,9.331767,25.93703,0.7482993,95.30201,100.0,100.0,5.3407297,68.10256,0.0,94.51277,100.0,56.004574,100.0,59.878418,0.0,4.829123,1.2539184,0.42016804,88.815796,16.810562,0.0,35.714287,100.0,21.511053,7.3846154,67.0886,100.0,0.46874997,0.0,4.3126683,0.0,92.1875,100.0,98.64865,37.398373,9.493671,2.7821279,0.0,68.91192,31.818182,0.0,71.25,5.748457,0.27183896,0.36101082,100.0,1.406178,1.7642907,0.621118,6.0676327,32.05408,42.260063,2.973605,8.6380415,47.16418,2.9018419,70.78606,3.5530622,10.661529,0.0,100.0,60.0,0.0,12.195123,1.916829,2.0859919,52.0,49.757866,69.18605,90.35714,18.89132,100.0,100.0,66.666664,43.448273,100.0,100.0,1.4178481,,80.0,41.333332,4.201077,0.19946808,1.9755409,1.4084507,100.0,59.710373,100.0,100.0,47.368423,2.097804,0.0,0.0,100.0,100.0,0.26041666,10.62591,3.4461153,7.1202335,11.320755,27.000002,0.3821656,13.006396,1.8150569,4.1819663,85.71429,11.505122,100.0,100.0,4.145885,100.0,58.333336,100.0,0.4440396,0.10373443,0.39473683
2008,100.0,14.102565,22.222221,0.0,0.0,12.074481,0.0,100.0,100.0,2.327003,4.8772917,7.9555964,0.0,4.1054664,100.0,78.68852,4.206836,0.561924,0.0,100.0,,2.8815978,4.7619047,98.61111,0.67567563,3.8732245,99.04762,0.8771929,0.0,0.0,12.5,1.579254,1.9093078,27.06021,0.5380804,0.17271157,15.425532,0.26631156,0.0,100.0,0.46863735,100.0,96.55173,7.234043,81.6742,100.0,99.80276,3.8664746,4.070917,100.0,84.61539,5.04386,58.726902,1.9637088,30.124393,13.905279,100.0,100.0,6.1848345,94.139885,0.3003003,9.166128,32.14286,100.0,1.8095877,62.96296,23.20442,3.5813453,0.11933174,26.081732,100.0,35.802467,65.217384,100.0,100.0,5.0,14.908331,100.0,45.945946,31.912441,33.76623,100.0,98.59155,0.369101,61.88272,15.571205,63.265305,1.4742628,25.85632,1.8432903,14.82101,32.020523,41.079174,0.0,10.600457,12.058285,93.85343,15.689047,14.484244,3.8332295,27.317072,0.94097525,95.94594,100.0,100.0,3.1223876,64.32851,0.0,97.028114,100.0,59.01639,100.0,58.12311,0.0,6.076519,1.4705882,0.0,52.066113,22.800982,0.16638935,40.677967,100.0,22.091425,2.852615,65.745865,100.0,0.6042296,0.0,4.0,0.0,91.666664,100.0,98.039215,32.421875,7.058823,2.3807433,0.6369426,68.27957,22.727274,0.0,64.583336,5.3384805,0.25497556,0.35842294,100.0,1.6593686,2.1806855,0.5813953,5.825155,34.856464,37.947124,5.9821153,8.007235,46.627567,2.7961166,67.870964,3.3824804,9.4839,0.0,100.0,63.157898,0.0,13.385827,1.0329942,1.976923,44.827587,50.680706,71.63121,89.18919,17.206625,100.0,100.0,66.666664,37.583893,100.0,100.0,0.4617056,,80.0,41.721855,4.0069685,0.1218769,2.3148768,1.4492754,100.0,61.6415,100.0,100.0,30.769232,0.6944444,0.0,0.0,100.0,100.0,0.2587322,5.0104384,3.8060193,6.4789557,7.415731,25.751076,0.5088794,38.654503,1.3494729,2.947033,85.71429,12.539815,100.0,100.0,2.212826,100.0,54.545452,100.0,0.05420264,0.104931794,0.39318478
2009,96.84211,5.6179776,33.401222,0.0,0.0,12.1321125,0.0,100.0,100.0,2.6410565,4.4253135,2.65252,0.0,2.974599,100.0,81.42857,4.3244696,0.7326873,0.0,100.0,0.19379845,17.879486,20.833334,98.64865,0.805153,3.1748073,99.06541,1.1049724,0.0,0.0,12.5,1.6355255,1.859907,20.12589,0.32627657,0.17094018,22.299652,0.12804097,3.7037034,100.0,0.6872246,100.0,96.7742,4.87013,82.684715,100.0,99.42418,3.4909358,3.9509487,100.0,84.61539,5.02069,57.745457,1.5844157,39.151985,15.431592,100.0,100.0,6.9551454,92.59682,1.6574585,8.159867,37.3494,100.0,1.665816,62.96296,13.114754,3.4186218,0.48019207,23.378077,100.0,35.0,74.84663,100.0,100.0,4.5454545,11.551209,100.0,36.58537,46.015713,55.555553,100.0,98.79518,0.36250648,52.623905,15.056179,71.830986,2.311334,18.278383,1.4868536,12.598425,29.335918,43.38177,0.0,4.147634,10.476324,92.5,8.543418,9.451356,1.1177441,39.38931,3.6429875,92.85714,100.0,100.0,4.055697,71.157455,0.0,93.759636,100.0,60.796577,100.0,60.4251,0.0,6.8989067,1.2698412,0.0,56.84931,19.73244,0.80775446,37.815125,100.0,20.451149,3.665689,53.846153,100.0,0.43041608,0.0,3.7128716,0.0,85.714294,100.0,98.05195,36.96498,7.185629,2.4459562,0.0,67.01031,26.923079,0.0,69.27537,3.6671116,0.1679774,0.32467532,100.0,1.3271245,2.1680217,0.20120725,5.365935,37.63396,43.270622,5.3462944,8.688631,45.994064,2.651465,66.27604,2.566296,7.0473876,0.0,100.0,63.793106,0.0,19.847328,1.5974996,2.074313,48.3871,56.702408,49.319214,88.85246,16.889952,100.0,100.0,66.666664,43.771626,100.0,100.0,0.3977725,,83.333336,42.483658,4.2421904,0.18303844,1.8667642,1.5151514,100.0,49.976925,100.0,100.0,26.666664,0.33584648,0.0,0.0,100.0,100.0,0.25510204,3.4731321,2.4998717,4.199087,2.2916665,36.363636,0.97344625,31.60323,1.2317821,2.0758483,85.71429,12.971481,100.0,100.0,2.2073412,100.0,61.538464,100.0,0.020035263,0.10111223,0.2743484
2010,88.297874,7.9545455,32.05128,0.0,0.0,13.650794,0.0,100.0,100.0,2.390724,5.249189,0.21424745,12.5,3.7514782,100.0,77.586205,3.6221244,0.7402569,0.0,100.0,0.2953337,2.3782234,7.142857,98.64865,0.9022556,3.121365,99.02913,1.055409,0.0,0.0,18.75,1.1696291,1.8319454,14.058092,0.82502204,1.5126052,19.795221,0.12771392,1.2820513,100.0,2.9055288,100.0,100.0,6.729758,83.67816,100.0,98.49906,3.5555034,4.259784,100.0,85.71429,3.612903,53.92422,2.0992785,44.5932,13.805997,100.0,,5.997314,89.59136,0.99800396,9.747024,47.727272,100.0,1.7853333,71.42857,10.880829,2.7482595,0.30150753,18.478262,100.0,23.809525,75.14451,100.0,100.0,4.5454545,9.591945,100.0,29.268291,23.076921,43.52941,100.0,98.85058,0.28773215,51.38889,3.7863421,75.0,2.0074947,20.060823,1.1499034,9.711846,21.660727,59.4357,0.0,3.740393,9.142703,92.36111,28.349121,8.866475,0.7501512,25.55866,1.7514595,92.07921,100.0,100.0,3.476627,65.3691,0.0,88.41502,100.0,52.856262,100.0,46.59197,0.0,18.0,1.5432099,0.0,16.666666,23.763676,0.49099833,45.384617,100.0,15.879811,0.82644624,50.84746,100.0,0.34802783,0.0,4.1666665,0.0,85.882355,100.0,98.13665,37.17472,6.25,2.2392833,0.0,59.905663,31.034485,0.0,63.287666,4.250635,0.2761085,0.0,100.0,1.4669374,2.2211006,0.38684717,5.068875,35.10683,42.95393,5.851212,10.482799,48.14815,2.921477,70.06452,2.4183283,5.8526554,0.0,100.0,65.82278,0.0,17.407408,0.92684543,1.3448681,57.142857,55.22772,17.150394,87.6161,20.194002,100.0,100.0,14.285714,35.008373,100.0,100.0,0.48102623,,100.0,37.7551,4.2607427,0.061500613,3.0986865,1.3513513,100.0,39.42722,100.0,100.0,59.090908,0.38078314,0.0,0.0,100.0,100.0,0.23584907,0.0,1.0749124,4.6144505,3.7523453,40.51095,0.434276,10.055866,1.1546109,1.4623821,79.99999,15.840365,100.0,100.0,2.758395,100.0,58.333336,73.453606,0.0770416,0.09569378,0.23148146
2011,88.17204,9.090909,28.975266,1.4319808,0.0,15.2212515,0.0,100.0,100.0,1.9158732,5.498392,1.7266896,6.666666,4.2231436,100.0,83.33333,9.47535,0.30024022,0.0,100.0,0.265428,1.2115564,6.0606055,98.630135,0.7052186,2.771927,99.03846,1.072386,0.0,8.333333,16.666666,0.9729425,1.8924937,9.687738,0.71716225,0.49342105,18.707483,0.12787724,0.78125,100.0,2.2204213,100.0,91.89189,8.820513,85.23944,100.0,96.544716,3.4972298,4.044628,100.0,73.33333,3.1899743,54.56853,2.089028,36.514927,11.620754,100.0,,5.762502,88.90613,0.78864354,9.387755,42.352943,50.0,2.177398,62.96296,11.3300495,2.4050875,0.09980039,8.045977,100.0,25.454544,57.7381,100.0,100.0,3.333333,8.828058,100.0,24.444445,23.744291,39.53488,100.0,98.90109,0.30792916,52.610443,6.6785398,87.878784,1.1104941,21.456118,0.90425533,8.588279,34.725582,60.296844,0.0,7.3825507,8.744177,91.2844,72.54098,14.750046,0.6237006,30.779057,1.5323118,88.67925,100.0,100.0,2.977845,60.842323,0.0,95.092026,100.0,40.176853,100.0,49.82669,0.0,11.058824,2.272727,0.0,35.955055,26.067322,0.34602073,47.619045,100.0,16.714018,1.0355029,43.518517,100.0,0.3835091,0.0,5.2863436,0.0,85.05747,100.0,96.815285,39.56044,6.09137,7.428976,0.6896551,55.752213,26.470589,0.0,66.14173,4.7230115,0.21440484,0.0,100.0,1.2995895,2.3319614,0.34482756,5.4002557,35.389645,41.5601,5.9903135,4.916847,46.28099,2.5541842,68.28391,2.9707713,5.6006184,0.0,100.0,68.918915,0.0,22.181818,0.95469254,3.03263,54.285713,55.38877,23.384253,88.1459,19.391304,100.0,100.0,11.764706,37.171055,100.0,100.0,0.36822724,,85.71429,31.37255,4.1371994,0.12562814,2.3156774,1.7241379,100.0,39.07744,100.0,100.0,38.095238,0.86757994,0.0,0.0,100.0,100.0,0.2283105,0.061349694,0.44901696,3.8469164,9.4777565,38.7218,0.28725314,24.468084,1.0225319,1.0416667,78.57143,14.75924,100.0,100.0,0.71914095,100.0,61.538464,78.4219,0.27424392,0.0870322,0.436205
2012,84.7826,7.9545455,29.015545,0.0,0.0,14.527275,0.0,100.0,100.0,2.0745232,4.690459,2.2638223,0.0,4.600662,100.0,82.8125,12.320033,0.43047786,0.0,100.0,0.21723388,2.5641026,5.263158,98.57143,0.94466937,3.4515836,98.23009,1.0178117,0.0,28.57143,16.666666,1.0022937,1.8347278,8.825644,0.6259599,6.142857,16.0221,0.1303781,0.0,100.0,2.521408,100.0,81.57895,8.209694,84.91589,100.0,94.49153,3.141603,3.996386,100.0,79.99999,3.2711809,54.260357,1.8466897,36.295647,13.147876,100.0,,5.8275213,86.62207,0.26420078,7.1438713,33.72093,50.0,2.2393317,62.06897,13.888889,2.5448651,0.0,17.28395,100.0,32.87671,52.90698,100.0,100.0,1.8518517,8.662994,100.0,24.444445,20.08547,31.111113,100.0,97.872345,2.1541655,52.295918,5.298013,80.0,1.2998267,12.806278,0.9222963,9.89295,31.253515,68.12256,0.0,20.996668,8.382727,89.79118,81.01266,18.770779,0.7945266,22.52142,1.1976049,60.27397,100.0,95.454544,3.7801204,48.772907,0.0,93.924675,100.0,39.515892,100.0,58.778625,0.0,9.777778,2.173913,0.0,58.928574,25.047152,0.34423408,45.51282,100.0,18.802927,1.4376997,42.857143,98.695656,0.44802868,0.0,5.1975055,0.0,85.416664,100.0,94.33962,38.351257,6.3414636,5.004475,1.1976048,55.895195,35.897438,0.0,57.320095,5.006356,0.21206732,0.56657225,100.0,1.4171429,2.4380496,0.16835016,5.4991937,35.208973,29.268293,2.3523524,5.8307037,49.86595,2.3346546,60.672646,2.5749063,5.0836267,0.0,100.0,70.83333,0.0,17.375887,0.88828146,3.040392,51.282055,53.30043,29.68421,86.74033,12.995314,100.0,100.0,33.333332,39.807384,100.0,100.0,0.2486875,100.0,87.5,49.7006,3.8162546,0.12861736,1.6161981,3.846154,100.0,33.684536,100.0,95.833336,46.875004,0.8049242,0.0,0.0,100.0,100.0,0.21929824,0.0,0.7390705,3.1153893,14.991182,9.999999,0.52795655,35.283016,0.96741384,0.735849,79.99999,15.291093,100.0,100.0,0.095519274,100.0,63.636364,68.59972,0.748265,0.16168149,0.5464481
2013,84.04256,9.009009,41.963192,0.0,0.0,15.338831,0.0,100.0,100.0,2.3481328,4.9419055,0.17204301,11.764706,4.612569,69.230774,84.0,12.542182,0.48814502,0.0,100.0,0.23188405,0.5712472,5.405405,98.52941,0.7682458,4.531997,98.019806,0.9090909,0.0,17.391304,0.0,1.0157238,1.8634443,7.482153,0.60755247,2.621232,16.088327,0.12019231,0.0,100.0,1.6732417,100.0,78.04878,11.776252,84.77922,100.0,92.30769,3.1428237,4.0099096,100.0,73.33333,2.715978,49.379234,1.502755,40.15544,16.392052,100.0,,5.627798,89.98494,0.11534025,6.3710356,36.363636,50.0,1.9783268,62.06897,14.832537,2.3333704,0.0,25.712086,100.0,26.153847,51.149426,100.0,100.0,1.1764705,8.390988,100.0,19.565218,16.699606,40.000004,100.0,97.91667,0.41015124,54.6894,1.5781922,86.66667,0.92500824,9.050537,0.92920583,9.788567,39.24515,70.69609,0.0,3.7345076,6.9960146,90.675995,74.50753,15.304846,0.5830904,21.658417,0.7183908,33.149174,100.0,95.454544,3.753002,55.271355,0.0,93.29788,100.0,41.60295,100.0,27.568922,0.0,10.501193,3.2608695,0.0,41.463417,17.18634,0.44345894,44.848488,100.0,16.047388,1.8062397,45.90909,98.23009,0.48154092,0.0,5.378486,0.0,78.57143,100.0,94.303795,37.41259,6.3414636,2.1990495,1.4814814,54.18327,45.454548,0.0,47.72182,4.8627687,0.45816436,0.28571427,100.0,1.498829,2.629573,0.15337422,5.1660695,38.033943,34.52514,1.746725,5.9683633,52.119694,2.2774453,51.303543,2.5944471,3.5948362,0.0,100.0,75.0,0.0,17.021276,0.37807184,1.2369227,56.756756,52.89088,19.033815,86.35171,4.6904316,100.0,100.0,37.5,39.490444,100.0,100.0,0.10196278,100.0,85.71429,51.704548,3.368421,0.06329114,1.5552506,3.333333,97.72727,27.850616,100.0,96.42857,65.625,0.84203035,0.0,0.0,100.0,100.0,0.21052632,0.49614117,0.845305,2.766219,21.368948,0.0,0.5453516,15.86621,0.9926989,0.5127266,85.71429,13.70532,100.0,100.0,0.58653384,85.71429,75.00001,68.0,1.428906,0.15037593,0.6289308
2014,82.97872,4.310345,47.17573,0.0,0.0,14.284684,0.0,100.0,100.0,2.422774,5.0203085,0.20300448,16.666666,5.4213486,70.588234,88.63636,14.647636,0.44757032,0.0,100.0,0.29359952,1.0938399,5.5555553,98.48484,0.9638554,5.833545,97.08738,0.8888889,0.0,4.3290043,0.0,0.7289769,1.9263699,5.5436797,0.61541647,6.1668677,16.54572,0.0,0.0,100.0,2.9520295,100.0,79.06976,10.226155,81.26608,100.0,92.85715,3.44787,3.9870708,100.0,79.99999,2.7777777,51.099533,1.0424771,40.429928,18.593786,100.0,,5.7535343,88.19277,0.0,7.0484586,51.64835,50.0,2.0095,48.3871,12.562814,2.5703976,0.0,15.061162,100.0,40.84507,53.448277,100.0,100.0,0.9174311,9.875051,100.0,18.750002,13.909774,39.784946,100.0,97.95918,0.47810766,57.831326,0.8935219,91.26214,1.1908813,9.707839,0.91505444,10.822343,23.321117,73.72157,0.0,0.5586592,6.7768416,90.14084,92.501366,11.51197,1.5005813,23.586958,0.5544005,10.932476,100.0,95.454544,2.5204484,48.135075,0.0,98.83139,100.0,46.276173,100.0,34.967846,0.0,11.653116,3.1413612,0.0,20.3125,9.152421,0.18621974,41.860466,98.14814,10.711108,2.788104,41.83267,96.44445,0.4169562,0.0,4.460966,0.06097561,78.64078,100.0,94.19355,36.734695,5.5299535,2.366583,0.6535948,62.7907,42.22222,0.0,46.18834,5.2399607,0.4826803,0.0,100.0,1.4678472,2.6089942,0.18416207,4.814607,36.521175,36.774193,1.2245791,7.3935,52.102802,2.3050206,48.19563,2.746741,2.799228,0.018040773,100.0,70.588234,0.0,24.475525,0.4004929,1.4734074,46.341465,53.525288,21.560036,87.32058,0.7099391,100.0,100.0,19.999998,39.490444,100.0,100.0,0.14952154,100.0,87.5,69.23077,3.3173609,0.2915452,1.3935921,0.0,97.77778,23.058825,100.0,96.66666,51.428574,0.96109575,0.0,0.0,100.0,100.0,0.21253985,1.8450185,0.9882913,3.1543314,15.335463,2.786378,0.5798052,5.238829,1.0666478,0.3587444,92.85714,15.542827,100.0,98.71795,0.49557522,85.71429,76.92308,61.3577,1.4758989,2.8236914,0.20283976
2015,81.4433,4.2372885,45.398773,0.0,0.0,15.438043,0.0,100.0,97.14286,2.4725382,5.7947555,6.5527067,16.666666,5.5531197,65.625,90.099014,16.309664,0.39006364,0.0,100.0,0.30432135,1.0560282,5.5555553,98.50746,1.0,4.93961,97.11539,0.95238096,0.0,3.7037036,0.0,0.7563381,1.8616619,4.218395,0.6270444,5.2873564,26.381908,0.11098778,8.695652,100.0,4.578684,100.0,79.06976,1.0213555,81.1182,100.0,91.18942,3.4185963,4.0005007,100.0,86.66666,3.1966643,55.5,1.3800117,38.017807,20.024199,100.0,,6.8622146,84.039406,0.0,6.573386,51.6129,50.0,2.0622149,40.625,10.377359,2.776876,0.0,8.333333,100.0,21.052631,59.090908,100.0,100.0,0.7692308,9.794319,100.0,17.64706,12.712623,41.05263,98.245605,97.0,0.6075013,52.828175,1.8683274,92.23301,1.2528849,12.709635,0.7004009,10.485022,20.07565,66.47791,0.0,1.0898334,5.981408,89.71962,50.472195,10.138625,2.1060672,10.19368,0.30959752,4.8034935,100.0,95.454544,2.3293173,44.68521,0.0,97.3176,100.0,45.96108,100.0,17.5,0.0,13.475177,5.2238803,0.0,78.94737,7.3888335,0.16556291,41.340782,98.3871,10.062509,2.4778762,51.792828,92.3077,0.30864197,0.0,4.1742287,0.108813934,72.413795,100.0,94.230774,37.79264,5.990783,1.15915,1.8987341,57.586205,57.407406,0.0,49.891064,5.5234427,0.48251748,0.0,100.0,1.4918522,2.6259542,0.16366611,4.7204814,31.350298,27.766989,1.4087425,7.148058,53.642384,2.8606207,52.105267,4.278922,2.9135706,0.0,98.07693,70.588234,0.0,23.448275,0.47212914,1.3872886,39.215687,52.834812,35.370514,84.684685,0.6563246,100.0,100.0,25.0,41.611843,100.0,100.0,0.2660282,100.0,90.0,73.11828,3.7190082,0.13513513,1.4259259,0.0,97.82608,29.428097,100.0,96.66666,45.454548,0.51734805,0.0,0.0,100.0,100.0,0.20898642,4.6714582,1.0467205,4.7493606,22.664625,2.2535212,1.4173999,6.841339,1.0881515,0.26127854,86.66666,15.574029,100.0,98.71795,0.61137533,83.333336,69.230774,58.680553,1.5934505,2.96077,0.104275286
2016,85.106384,4.9586773,41.438984,0.0,0.0,14.404132,0.0,100.0,100.0,2.331255,5.0254354,10.422535,11.111111,4.8392835,96.29629,83.83838,16.47127,0.65124637,0.0,100.0,0.33879164,1.727733,5.263158,98.48484,1.0752689,2.6015306,96.19048,1.1709602,0.0,0.3717472,0.0,0.72438824,2.0949264,3.691488,0.85698074,0.68426204,16.033754,0.108813934,6.122449,100.0,5.3958254,100.0,80.00001,1.7495396,81.36253,100.0,91.20655,3.426829,3.9577875,100.0,75.0,2.8947368,56.01704,1.4217342,32.584686,18.008396,100.0,,6.7159214,86.3599,0.0,6.443636,45.26316,50.0,2.0470974,51.6129,9.589041,3.1369777,0.0,27.410782,100.0,31.677017,54.237286,100.0,100.0,0.71428573,9.472511,100.0,16.666666,8.431704,46.23656,95.977005,98.14814,0.9443862,49.688793,0.3968254,93.51852,1.4742786,8.076102,0.6713085,8.807947,13.371076,70.316124,0.0,0.49246383,5.651337,86.63698,11.032029,9.140736,2.8951817,10.743801,0.15209125,6.8062825,100.0,95.65217,3.0695734,41.86876,0.0,97.784645,100.0,27.402927,100.0,31.63051,0.0,14.876033,8.86076,0.0,79.79798,9.329446,0.34188035,47.36842,98.50746,10.463555,1.776199,48.01325,83.72093,0.3311258,0.0,3.35097,2.2799575,75.0,100.0,94.303795,36.393444,6.046511,0.75327164,0.67567563,54.77707,67.14286,0.0,47.712418,5.15093,0.4255894,0.0,100.0,1.4136732,2.7461293,0.16722408,4.3947415,32.18877,27.297794,2.0530698,6.2341666,52.83019,3.0361445,47.52907,3.947921,2.6079593,0.0,92.452835,69.117645,0.0,27.210884,0.66957337,1.4134212,32.8125,47.26556,43.78861,81.17155,0.6978097,100.0,100.0,38.095238,41.14754,97.22221,100.0,0.33670032,100.0,90.909096,55.494503,4.029851,0.12322859,1.7448201,0.0,98.0,35.82829,100.0,93.548386,75.53191,0.2724947,0.0,0.0,100.0,100.0,0.31847134,0.20376974,0.9693878,4.6079288,3.665689,1.856764,1.9747235,3.1723144,0.9663467,0.2554931,87.5,15.332649,100.0,98.7013,0.6585924,85.71429,66.666664,63.825363,0.011854427,2.8887,0.55788004
2017,85.56701,4.7619047,28.214615,0.0,0.0,8.666987,0.0,100.0,97.14286,2.131521,5.023103,5.450042,25.0,5.0269513,56.250004,85.71429,18.148401,0.691347,0.0,100.0,0.36945814,0.55056506,5.0,98.50746,0.9384776,3.0747304,94.230774,1.2019231,0.0,0.33112583,0.0,0.5854154,2.1446383,2.4198656,0.8486715,0.7905138,14.658384,0.10438413,3.7288134,75.0,2.854594,100.0,81.39535,0.35460994,82.49878,98.52941,91.4,3.0900187,3.9040434,100.0,76.92308,2.815534,42.96875,0.4863941,20.2659,13.342995,97.05882,,6.3293924,85.25836,0.0,6.5313983,50.0,100.0,2.1852424,48.484844,8.482142,2.8709123,0.0,27.368422,100.0,30.508476,51.704548,100.0,100.0,0.74626863,9.324818,100.0,24.0,3.5656402,32.978725,96.610176,98.18182,1.109908,40.941658,1.6142735,87.735855,1.6403403,7.0909986,0.59741867,8.023483,8.965494,61.540928,0.0,1.3641756,5.207299,69.6347,13.570741,5.2829523,1.0279286,19.113573,0.19518542,4.5255475,100.0,100.0,1.7626343,47.08956,0.0,97.74118,100.0,31.370192,100.0,34.610214,0.0,12.078652,8.888889,0.0,40.13605,10.926738,0.40322578,52.0202,97.26027,11.811358,1.6071429,54.360466,11.515152,0.3326996,0.0,4.6434493,3.6848073,75.55555,100.0,94.230774,37.942123,0.0,1.058267,0.0,44.891644,60.714287,0.0,44.02655,5.256808,0.46536723,0.0,100.0,1.4658726,2.8769016,0.16891891,3.9078434,22.62964,26.630436,2.2576363,4.0165324,52.18391,2.70143,51.3431,3.329065,2.5177984,0.0,90.90909,68.115944,0.0,29.530201,0.47214353,1.0438336,33.846153,43.59351,39.490444,80.932205,0.7077277,100.0,100.0,39.130436,25.089605,94.59459,100.0,0.3841932,100.0,100.0,47.513813,4.1575494,0.124610595,1.7171041,0.0,98.039215,38.503254,100.0,93.75001,58.024693,0.18672553,0.0,0.0,100.0,85.71429,0.32188842,1.3119534,0.6996535,4.8064823,4.1018386,1.8518518,1.8520894,1.3240417,0.93502223,0.26298487,86.66666,16.599228,100.0,98.33333,0.07703369,100.0,68.75,71.85185,0.046977762,4.8763733,0.5298013
2018,83.50515,6.837607,19.939116,0.0,0.0,4.9802427,0.0,100.0,97.22221,1.9495107,4.453379,0.19896539,28.57143,5.5773654,68.42105,85.5615,20.581175,0.6880241,0.0,100.0,0.26219192,0.6668376,7.317073,98.4375,2.7888446,2.4958844,94.230774,1.1627907,0.0,0.32154343,0.0,0.6077005,1.9309095,1.5777886,0.7870346,0.09960159,14.168619,0.093370676,4.262295,59.999996,3.030303,100.0,79.06976,1.3986014,83.84616,98.50746,90.51383,2.9018886,3.737268,100.0,81.818184,2.714333,50.40816,0.5602606,22.853233,7.899092,87.17949,,6.050111,83.42764,0.0,7.560871,40.90909,100.0,1.8388609,51.428574,14.028776,3.0564544,0.0,24.9497,100.0,37.628864,52.046783,100.0,100.0,0.7407407,9.865045,100.0,19.23077,4.45283,36.17021,95.95375,98.23009,0.7929997,35.849056,0.29585797,81.730774,1.872075,6.3250995,0.40527362,8.187702,8.868257,43.77604,0.0,0.72442776,5.110816,73.48485,6.185567,4.8211794,0.95087165,13.716813,0.5832793,3.1542056,100.0,95.65217,1.835048,46.67476,0.0,97.79135,68.29269,34.406086,97.560974,23.16314,0.0,13.356164,8.333333,0.14880952,32.307693,3.616898,0.1858736,37.394955,96.20253,10.220734,0.8912656,59.833797,1.0152284,0.36968577,0.0,4.5662103,1.4585764,69.863014,100.0,88.31169,39.102566,18.232046,0.54519874,0.0,47.142857,54.716984,0.0,41.29032,4.862953,0.4590928,0.0,100.0,1.417791,2.992585,0.16920474,3.4339488,10.378236,12.410714,0.7689491,3.1782637,56.880733,2.72679,47.993214,3.1010873,2.2622108,0.0,85.714294,70.588234,0.0,27.79661,0.5150617,1.1071142,29.268291,39.47221,40.243904,75.10121,0.6041155,100.0,100.0,33.333332,22.263453,94.59459,100.0,0.40905377,98.18182,100.0,45.789474,4.276069,0.12406947,1.7997062,0.0,98.07693,49.462364,100.0,94.117645,30.0,0.10126013,0.0,0.0,100.0,85.71429,0.3250271,1.5774379,0.47976014,3.030523,1.6415869,7.209302,1.7515326,2.3956194,1.0158156,0.7284244,86.66666,16.608164,100.0,98.3871,0.3453357,75.0,60.0,77.07736,0.47985023,2.8255527,0.5302227
2019,82.82828,6.849315,16.434893,0.0,0.0,2.7449293,0.0,100.0,97.22221,1.9142536,4.569246,0.19267823,30.769232,4.5096555,38.888885,83.75,16.754787,0.73193043,0.0,100.0,0.2870264,0.4943154,13.461539,98.36066,2.7965283,2.2294853,93.39623,1.0141988,0.0,0.0,0.0,0.5213176,1.8279722,1.3931887,0.6992802,0.09380863,12.318841,0.08312552,4.663213,75.0,3.4907339,100.0,81.818184,0.8756567,83.86473,97.22221,89.902916,2.6481566,3.7327733,100.0,85.71429,3.030303,44.642857,0.4656292,17.935286,4.09832,87.5,,5.4007096,71.35348,0.06531678,6.7774377,42.105263,100.0,1.8968656,60.526318,14.788733,3.4178107,0.0,16.127169,68.18182,36.09756,55.81395,100.0,100.0,0.71428573,10.907195,100.0,16.32653,4.1732283,51.041668,95.428566,97.36842,0.4872767,44.57399,0.23715416,83.962265,1.6336057,3.584484,0.18926084,8.140671,10.047667,37.974136,0.0,1.5147305,4.696714,60.12931,4.4325376,3.5927057,0.8171316,11.332179,0.26720107,7.190265,75.0,95.65217,1.3922973,43.36354,0.0,94.81241,69.04762,32.8328,97.61905,30.732292,0.0,10.479042,7.476635,0.0,20.238096,1.9564141,0.0,42.105263,96.296295,10.0966425,1.0221465,61.679787,1.4492754,0.56935817,0.0,5.3314123,0.7372301,70.06369,100.0,74.83871,42.105263,3.888889,0.5658263,0.7246377,40.840843,59.701492,0.0,43.013103,4.106622,0.493163,0.0,100.0,1.5542858,2.8799179,0.31496063,3.1834702,9.9332285,13.917525,0.967118,3.5367348,59.34579,2.9530694,37.963448,3.8944726,2.7131784,0.0,85.18519,71.014496,0.0,33.114754,0.49353302,1.1688845,22.35294,40.89024,36.251545,72.50858,0.4063539,100.0,100.0,5.0,28.947369,94.59459,100.0,0.2712968,98.21429,90.909096,51.47059,3.084013,0.06293266,1.692198,0.0,92.98245,51.38889,100.0,94.28572,3.2786884,0.60050404,0.0,0.0,100.0,85.71429,0.4347826,1.4532243,0.32313946,2.1809695,1.029601,3.0567687,1.1742572,0.99564403,0.90035063,1.1170547,86.66666,16.60599,100.0,98.48484,0.9329225,66.666664,58.82353,75.60976,0.53846455,4.056795,0.5896227
2020,82.82828,8.474577,14.574658,0.0,0.0,5.2889934,0.0,100.0,94.28572,1.8442391,4.504635,0.19417477,24.324326,4.111451,23.232323,81.13207,11.912006,0.5979073,0.0,99.50739,0.23823702,5.526726,11.363637,98.305084,2.7263875,2.315669,91.509445,0.6968641,0.0,2.293578,0.0,0.70041287,1.825084,2.069873,0.68735725,0.17761989,9.431818,0.07993605,4.773869,75.0,3.4083602,100.0,83.333336,0.17064846,84.70836,97.101456,87.62887,2.309613,3.7547421,100.0,85.71429,3.1140656,21.139046,0.4535719,16.682646,2.4016917,87.804886,,4.67106,50.657894,0.064020485,5.184864,37.037037,100.0,1.9055023,60.97561,13.651877,3.798031,0.0,3.9026864,0.0,39.112904,59.411762,100.0,100.0,0.7092199,8.671859,100.0,17.307693,3.0595813,47.474747,95.32163,98.23009,0.4657933,42.602997,0.15117158,86.27451,1.5463918,2.32335,0.19532979,5.004692,10.948667,35.066597,0.0,0.6269156,4.6349483,28.271027,4.0096617,2.5033875,0.81929487,6.4212327,0.32467535,4.464286,75.0,95.454544,1.2510396,47.307076,0.0,93.26028,71.111115,26.644068,97.36842,25.894482,0.0,9.148936,5.7377048,0.0,28.571428,1.7783506,0.0,49.537037,95.12195,6.3394117,1.6853933,59.137054,2.7906976,1.0117146,0.0,5.2710843,0.7360673,71.16564,100.0,77.33333,36.55172,0.57142854,0.4884777,0.5,37.037037,58.20895,0.0,30.079155,4.0997047,0.41472262,0.0,100.0,1.4532872,3.5714285,0.14925373,2.899086,11.903938,5.941499,1.0190603,2.4275184,52.68293,2.691696,50.498165,3.526971,2.5685933,0.0,78.571434,69.69697,0.0,25.065964,0.5614925,1.1442574,10.11236,38.962982,35.17442,79.86799,0.39570376,100.0,100.0,5.0,15.481833,91.89189,100.0,0.13448091,98.21429,90.909096,50.73171,2.7709577,0.11841326,1.4287459,0.0,88.1356,54.11317,100.0,94.28572,9.836065,0.40797827,0.0,0.0,100.0,85.71429,0.43336946,1.1225444,0.11258278,1.6107719,1.0217113,2.6086957,0.16915895,5.9690495,0.8493315,0.72147906,86.66666,7.8375354,100.0,98.4375,0.76229507,66.666664,61.111107,69.38775,0.62223333,2.1011162,0.5961252
2021,83.0,9.433963,14.718101,0.0,0.0,8.899772,0.0,100.0,94.28572,1.9255935,4.954348,2.2670023,30.769232,3.8233223,19.469027,81.871346,20.062729,0.59296906,0.0,99.5098,0.16295491,4.8,13.888888,98.305084,2.2079117,3.4491167,90.56604,0.7017544,0.0,3.6144578,0.0,0.6400689,1.9337455,3.5119936,0.6685993,0.17621145,9.869204,0.0,4.901961,50.0,3.3546703,100.0,81.39535,0.0,86.707794,97.14286,84.76563,0.95625144,3.8422334,65.0,85.71429,2.7642772,19.365376,0.432243,15.286426,4.521606,88.095245,,4.4616804,59.527122,0.0,5.31133,37.73585,100.0,1.8330457,60.465115,15.878378,3.6160166,0.0,2.7173915,0.0,26.923077,52.40964,100.0,100.0,0.6993007,7.9277287,100.0,15.686275,4.848093,30.69307,95.4023,98.21429,0.5521811,36.71875,0.13236268,87.37864,1.495845,2.1560643,0.19993985,6.649778,9.620942,38.07073,0.0,0.50580996,3.8985605,28.275864,4.3539324,3.0222197,3.2586026,10.177706,0.26420078,4.9603176,75.0,95.454544,1.4841385,48.89851,0.0,90.71567,65.789474,23.483759,97.49999,15.714286,0.0,10.697674,5.6910567,0.0,8.0,3.3414044,0.6006006,48.221344,94.04762,9.545455,2.5316455,60.913708,1.8018017,0.6006006,0.0,4.5698924,0.9013786,71.51898,100.0,74.834435,36.7893,4.3715844,0.65064776,0.0,38.487972,63.380283,0.0,30.878859,4.4122515,0.45821932,0.0,100.0,1.6303099,3.4911528,0.2894356,3.0245204,16.76558,4.3765483,1.0352693,1.531915,56.291386,2.7070868,51.65289,1.9898556,2.6615195,0.0,75.82417,71.21212,0.0,41.747574,0.5806011,1.200446,15.000001,39.736347,37.34463,73.42342,1.0037642,100.0,100.0,5.0,15.277778,89.47369,100.0,0.186866,96.55173,90.909096,50.7177,3.8047137,0.44900578,1.6125276,0.0,86.66666,52.740673,100.0,95.34883,9.859156,0.40825585,0.0,0.0,100.0,85.71429,0.43149942,1.1415526,0.10674637,1.8692231,1.1560694,2.466793,0.4824392,15.322077,0.84745353,1.9596864,85.71429,6.559749,100.0,96.96969,0.31150192,75.0,52.941177,61.30137,1.3384634,0.6772009,0.0
2022,83.0,10.416667,14.78914,0.0,0.0,11.626151,0.0,94.44444,94.44444,1.996922,4.991474,0.31098825,30.769232,4.31464,24.242424,84.61538,25.242054,0.69610184,0.0,99.02439,0.3058104,4.8682084,12.765957,98.4127,1.9708655,1.8311502,89.90826,0.8928572,0.0,3.9062502,0.0,0.8225207,1.9601492,3.3611598,0.81413,0.15860428,10.674848,0.0,5.487805,50.0,3.318851,100.0,72.0,0.0,83.25879,97.14286,83.26996,0.87184995,3.8191504,65.0,86.66666,2.943698,24.22192,0.42636928,20.840895,7.4938855,88.63636,,4.071043,67.337814,0.0,5.2237773,39.252335,100.0,2.2305706,54.166664,16.9279,2.7056377,0.0,2.6701121,0.0,25.5,51.82927,100.0,100.0,0.66225165,8.360751,100.0,12.962962,5.8605347,28.571428,92.22222,97.637794,0.55401665,38.23279,0.56737584,81.18812,1.2576859,1.8318642,0.20116985,4.8795,8.229814,30.322725,0.0,0.7260017,5.5787554,33.85301,3.8103678,4.399512,2.1507273,12.191359,0.2894356,2.9107983,75.0,95.454544,1.3368556,46.75812,0.0,54.462246,66.666664,23.924807,97.49999,22.324512,0.0,12.623762,5.833333,0.0,8.163265,10.118329,3.564728,45.454544,92.94118,9.604586,9.59596,57.142857,2.6086957,0.47311828,0.0,4.387097,0.66462165,72.56098,100.0,73.82551,49.038464,4.3715844,0.8931002,0.0,36.893204,68.35443,0.0,35.879627,4.307538,0.5363774,0.0,100.0,1.4161718,2.6971896,0.2894356,3.0645838,16.409111,7.102041,1.0350584,2.2596843,59.041393,2.6987681,51.256283,2.1468928,2.8707101,0.0,66.66667,66.19718,0.0,38.27893,0.60284984,1.0600374,17.307693,38.12989,28.247911,70.13334,2.6001406,100.0,90.909096,5.0,9.186748,80.952385,100.0,0.22962111,92.59259,88.888885,54.502373,4.0693293,0.4491018,1.5775787,0.0,85.483864,57.270916,100.0,94.8718,7.777778,0.9591396,0.0,0.0,100.0,87.5,0.42105263,1.1209714,0.22772649,1.5753496,0.20790021,2.6086957,0.4701916,9.219381,0.9013527,1.9714934,86.66666,6.932977,100.0,97.05882,0.2715854,75.0,56.250004,65.346535,1.5415549,0.0,0.0
2023,,10.3092785,14.269788,0.0,0.0,6.692618,0.0,100.0,94.44444,2.0431328,4.6905904,0.3781368,30.769232,4.233577,24.0,82.65896,20.619818,0.49862877,0.0,,1.1262596,2.478201,11.111112,98.4375,1.758794,1.7084748,89.09091,0.89445436,0.0,3.861004,,0.7943903,2.078292,2.920041,0.8026268,0.17969452,12.6050415,0.0,5.609284,,3.5832782,100.0,,0.085397094,82.079796,97.14286,79.849335,0.83102494,4.4473524,65.0,86.66666,2.521507,21.579805,0.40498438,20.234259,7.5497413,88.63636,,3.744997,49.91453,0.0,3.3042624,36.52174,,2.0402248,,16.9279,2.9553719,0.0,1.7702758,0.0,25.185184,,100.0,,0.6369426,8.150726,,,7.8751855,,,92.537315,0.5579171,38.42869,0.11607661,,1.3231982,1.8767827,0.21345697,2.2321427,7.0311074,40.66139,0.0,0.4569278,4.887649,,,3.5657187,2.1244578,10.16419,0.29133284,0.3631082,,,1.2622994,46.850533,0.0,52.65487,66.666664,23.924807,,19.180109,,5.37428,4.316547,0.0,,4.309939,5.940594,,92.94118,9.414981,7.670043,57.339447,0.85106385,0.42818215,0.0,4.424779,0.66462165,,,,48.929665,,0.63365287,0.52910054,,68.75,0.0,35.46911,3.6231277,0.5145574,,100.0,1.5503876,2.6438572,0.16366611,2.9154851,15.959698,12.975913,1.9456506,1.8328195,57.082455,2.6269383,51.256283,,2.9443603,0.0,,,0.0,,0.33362597,1.0354339,17.924528,35.956676,29.850746,72.17391,1.9016051,,90.909096,4.7619047,9.384616,80.952385,,0.17870821,93.220345,,56.074764,3.3525229,0.06430868,1.3037732,0.0,85.71429,,100.0,,7.6086955,0.4672161,0.0,0.0,100.0,85.71429,0.42105263,0.9863785,0.2939429,1.3645706,0.5464481,,0.82220936,7.996894,0.7788129,1.9672132,86.66666,6.993007,100.0,97.01492,0.6221965,75.0,60.0,65.14658,2.093501,0.051387463,0.0
2024,,,,,0.0015670118,6.203289,0.0,,,2.0114326,4.227145,0.3758114,,3.563326,,,16.274372,0.538648,,,1.2549537,0.81659675,,,1.7004048,1.655798,,,,,,0.8562135,1.8045493,2.711181,0.75670636,,,,,,3.656725,,,5.9773827,,,76.22378,0.5204054,4.074486,,,2.3977432,20.308966,,25.272728,6.7159424,,,3.6092584,42.99835,,3.8995216,,,2.022484,,,3.2808444,0.0,,,,,,,,6.954395,,,,,,,,,0.0,,1.1786275,1.8979967,0.20509928,2.589835,11.715405,,,,4.9276347,,,2.7262058,2.0584497,8.093385,0.7117437,3.1806614,,,1.279681,46.737392,,,,,,10.465821,,9.289618,4.4871798,0.0,,4.127708,5.7581577,,,7.8858504,1.7241379,,0.45248866,0.44570503,0.0,4.176611,,,,,,,0.5952981,,,,0.0,,3.5977106,0.49961567,,,1.574449,2.7450984,0.1529052,2.779213,14.674984,,1.0806578,1.6526299,,4.594595,52.190174,,3.0446987,,,,0.0,,0.35944003,1.0418386,,34.49828,,,1.9627578,,,,7.4999995,,,0.18857759,,,,3.000341,0.0,1.2558599,,,,,,,0.12528189,0.0,,,,,1.0081613,0.28720474,1.5224552,,,0.96568966,5.385061,0.69109195,,,,,,0.03590899,,,,1.2172706,,
