Date,ABW,AFG,AGO,ALB,ARE,ARG,ARM,ASM,ATG,AUS,AUT,AZE,BDI,BEL,BEN,BFA,BGD,BGR,BHR,BHS,BIH,BLR,BLZ,BMU,BOL,BRA,BRB,BRN,BTN,BWA,CAF,CAN,CHE,CHL,CHN,CIV,CMR,COD,COG,COK,COL,COM,CPV,CRI,CUB,CYM,CYP,CZE,DEU,DJI,DMA,DNK,DOM,DZA,ECU,EGY,ERI,ESH,ESP,EST,ETH,FIN,FJI,FLK,FRA,FRO,GAB,GBR,GEO,GHA,GIB,GIN,GMB,GNB,GNQ,GRC,GRD,GRL,GTM,GUM,GUY,HKG,HND,HRV,HTI,HUN,IDN,IND,IRL,IRN,IRQ,ISL,ISR,ITA,JAM,JOR,JPN,KAZ,KEN,KGZ,KHM,KIR,KNA,KOR,KWT,LAO,LBN,LBR,LBY,LCA,LKA,LSO,LTU,LUX,LVA,MAC,MAR,MDA,MDG,MDV,MEX,MKD,MLI,MLT,MMR,MNE,MNG,MOZ,MRT,MSR,MUS,MWI,MYS,NAM,NCL,NER,NGA,NIC,NLD,NOR,NPL,NRU,NZL,OMN,OWID_KOS,OWID_WRL,PAK,PAN,PER,PHL,PNG,POL,PRI,PRK,PRT,PRY,PSE,PYF,QAT,ROU,RUS,RWA,SAU,SDN,SEN,SGP,SHN,SLB,SLE,SLV,SOM,SPM,SRB,SSD,STP,SUR,SVK,SVN,SWE,SWZ,SYC,SYR,TCA,TCD,TGO,THA,TJK,TKM,TLS,TON,TTO,TUN,TUR,TWN,TZA,UGA,UKR,URY,USA,UZB,VCT,VEN,VGB,VIR,VNM,VUT,WSM,YEM,ZAF,ZMB,ZWE
1985,,,,,99.99181,27.484709,,,,9.299524,,,,,,,,,,,,,,,,0.0,,,,,,1.4831715,,,0.23667486,,,,,,,,,,,,,,5.3556323,,,,,,,30.530352,,,1.986379,,,,,,0.91533136,,,0.9715219,,,,,,,,,,,,,,,,,,,11.086109,1.1578133,,35.29908,,,,13.304619,,,19.055376,10.688369,,,,,,0.09222368,,,,,,,,,,,,,,,,,7.49691,,,,,,,,,,,,14.681478,,,,,,60.679638,,,,,,,14.427701,,,,,,0.058817547,,,,,,,,,46.90927,,57.59969,,,,,,,,,,,,,,,,,,,,,,,46.313606,,,,,,,0.17008145,0.0,,,17.999485,,11.814176,,,,,,1.4203985,,,,0.0,,
1986,,,,,99.99167,27.028484,,,,10.641798,,,,,,,,,,,,,,,,0.0,,,,,,1.4695337,,,0.37661555,,,,,,,,,,,,,,5.693936,,,,,,,31.696497,,,1.6477792,,,,,,0.78513366,,,0.5789332,,,,,,,,,,,,,,,,,,,10.113588,1.8166819,,37.38519,,,,13.971299,,,19.34398,10.77887,,,,,,0.07580303,,,,,,,,,,,,,,,,,7.6834717,,,,,,,,,,,,17.742235,,,,,,61.78651,,,,,,,14.072498,,,,,,0.044905696,,,,,,,,,46.915688,,55.383453,,,,,,,,,,,,,,,,,,,,,,,41.55569,,,,,,,3.3775206,0.0,,,18.933481,,9.98513,,,,,,1.1941379,,,,0.0,,
1987,,,,,99.991684,24.057772,,,,10.30004,,,,,,,,,,,,,,,,0.0,,,,,,1.240739,,,0.55040854,,,,,,,,,,,,,,6.1895943,,,,,,,32.859806,,,1.1276486,,,,,,0.6436164,,,1.500106,,,,,,,,,,,,,,,,,,,10.390089,1.8934188,,30.021605,,,,15.757901,,,18.779186,10.680869,,,,,,11.883315,,,,,,,,,,,,,,,,,8.43882,,,,,,,,,,,,19.11486,,,,,,60.326088,,,,,,,14.212,,,,,,0.11314312,,,,,,,,,46.589443,,50.87732,,,,,,,,,,,,,,,,,,,,,,,54.678635,,,,,,,5.6999655,0.0,,,18.520922,,10.574277,,,,,,1.0907288,,,,0.0,,
1988,,,,,99.99167,40.128777,,,,10.26546,,,,,,,,,,,,,,,,0.0023260915,,,,,,1.8639735,,,0.37655213,,,,,,,,,,,,,,6.0312066,,,,,,,33.982563,,,0.98371965,,,,,,0.6156793,,,1.5471544,,,,,,,,,,,,,,,,,,,10.633812,1.4935479,,42.614483,,,,15.926429,,,18.830784,10.517568,,,,,,11.883339,,,,,,,,,,,,,,,,,7.3983693,,,,,,,,,,,,20.824722,,,,,,52.298508,,,,,,,13.832076,,,,,,0.06720244,,,,,,,,,46.377617,,49.330994,,,,,,,,,,,,,,,,,,,,,,,57.753807,,,,,,,6.7421036,0.0,,,16.89198,,9.326943,,,,,,0.9432573,,,,0.0,,
1989,,,,,99.99171,47.845207,,,,9.989897,,,,,,,,,,,,,,,,0.096960835,,,,,,2.9783618,,,0.6342231,,,,,,,,,,,,,,6.8899555,,,,,,,33.76873,,,0.9506678,,,,,,0.734593,,,1.5731838,,,,,,,,,,,,,,,,,,,10.399868,2.6702497,,51.25425,,,,16.32598,,,18.70391,10.478828,,,,,,9.563217,,,,,,,,,,,,,,,,,8.129545,,,,,,,,,,,,18.99605,,,,,,54.638004,,,,,,,14.827241,,,,,,0.07905736,,,,,,,,,46.540184,,51.279682,,,,,,,,,,,,,,,,,,,,,,,51.386917,,,,,,,18.30018,0.154955,,,17.430141,,12.01638,,,,,,0.48818088,,,,0.0,,
1990,,,,,99.99171,38.91724,,,,8.072739,15.668763,,,7.696685,,,,7.613365,,,,,,,,0.14613223,,,,,,2.0087674,,,0.4460721,,,,,,,,,,,,0.0,0.6102457,6.6204405,,,2.6599846,,,,39.201477,,,0.9989415,5.5878925,,8.572479,,,0.7282953,,,1.5637217,,,,,,,,0.2631579,,,,,,,,15.437003,,15.7172985,10.269632,3.4604888,27.726954,52.592197,,,,18.630074,,,19.617733,10.4578905,,,,,,10.461326,,,,,,,,,23.838028,4.8387094,26.015038,,,,,,11.232501,0.0,,0.0,,,,,,,,,24.070211,,,,,,51.669025,0.0,,,,,,14.954135,,,,,,0.09670461,,,0.0,,,,,35.101086,47.27554,,50.98688,,,,,,,,,,3.3872209,,,,7.140055,0.0,0.28771064,,,,,,,40.27216,,,,,,,17.70942,1.3341569,,,16.590183,,12.398704,,,,,,0.069116466,,,,0.0,,
1991,,,,,99.99164,38.93286,,,,7.0918283,14.892344,,,8.737182,,,,7.0779066,,,,,,,,0.15914579,,,,,,1.7006088,,,0.35849753,,,,,,,,,,,,0.0,0.63018245,6.772135,,,2.2770917,,,,47.154312,,,0.879064,6.630212,,8.540373,,,0.67726606,,,1.8025273,,,,,,,,0.2557545,,,,,,,,8.624709,,16.789053,11.416062,4.167477,25.150906,55.72318,,,,16.63691,,,20.22863,10.049089,,,,,,10.037252,,,,,,,,,21.41641,4.285714,32.035397,,,,,,14.72503,0.0,,0.0,,,,,,,,,29.09762,,,,,,56.009285,0.0,,,,,,14.842638,,,,,,0.08288125,,,0.0,,,,,36.03873,46.932068,,50.303333,,,,,,,,,,3.504115,,,,8.738664,0.0,0.39463836,,,,,,,38.01085,,,,,,,20.899734,2.8942041,,,16.582144,,12.543768,,,,,,0.38002172,,,,0.0,,
1992,,,,,99.991714,37.063084,,,,7.4126163,13.30928,,,9.339121,,,,7.816027,,,,,,,,0.16131571,,,,,,2.5301428,,,0.32721436,,,,,,,,,,,,0.0,0.64352244,6.182438,,,3.5294118,,,,51.002514,,,1.0916055,2.4513948,,8.977469,,,0.69350547,,,3.9185147,,,,,,,,0.21762787,,,,,,,,15.393259,,13.257575,8.066134,4.8221383,23.159899,55.31469,,,,15.933178,,,20.087454,10.503593,,,,,,13.342564,,,,,,,,,6.7924533,4.545454,29.947916,,,,,,14.194555,0.0,,0.0,,,,,,,,,40.38133,,,,,,57.304855,0.0,,,,,,14.8214035,,,,,,0.07652281,,,0.0,,,,,36.04888,45.633144,,46.961918,,,,,,,,,,1.7196151,,,,3.7435458,0.0,0.5413555,,,,,,,40.231083,,,,,,,16.050484,2.8627713,,,16.63385,,13.228898,,,,,,0.061823804,,,,0.0,,
1993,,,,,99.991684,35.5502,,,,7.405257,13.233288,,,9.717465,,,,8.033827,,,,,,,,0.15396635,,,,,,2.8853397,,,0.38492343,,,,,,,,,,,,0.0,0.6817795,6.2989707,,,4.7069273,,,,55.99953,,,0.7735947,1.4254385,,9.08942,,,0.7477514,,,10.535112,,,,,,,,0.21203287,,,,,,,,19.077568,,12.397448,10.87275,4.9362707,28.101736,53.93736,,,,18.185127,,,19.687222,9.962861,,,,,,11.687956,,,,,,,,,1.8664751,2.9850745,14.249364,,,,,,14.16145,0.0,,0.0,,,,,,,,,44.324898,,,,,,58.14444,0.008352823,,,,,,14.781277,,,,,,0.07588405,,,0.0,,,,,32.51445,44.86452,,46.63115,,,,,,,,,,1.23498,,,,4.906445,0.0,0.62646294,,,,,,,44.13378,,,,,,,14.618616,2.2636766,,,16.809301,,13.1042595,,,,,,0.13130745,,,,0.0,,
1994,,,,,99.99169,34.621536,,,,7.9674387,16.631376,,,11.592376,,,,6.74039,,,,,,,,0.18426637,,,,,,2.791224,,,0.33994398,,,,,,,,,,,,0.0,0.6678082,6.9283175,,,5.6463594,,,,60.33265,,,2.022598,2.4043717,,9.798841,,,0.76770157,,,16.309406,,,,,,,,0.19990005,,,,,,,,21.052633,,14.4093075,26.853743,5.6401706,26.563429,58.328472,,,,17.836065,,,20.22559,8.012337,,,,,,9.76861,,,,,,,,,3.3811476,8.474577,6.9819818,,,,,,14.631178,0.0,,0.0,,,,,,,,,48.916096,,,,,,55.635063,0.13354701,,,,,,14.885442,,,,,,0.11253659,,,0.0,,,,,30.105377,41.527172,,47.60014,,,,,,,,,,1.0058404,,,,8.5983515,0.0,0.602663,,,,,,,44.280903,,,,,,,17.643303,4.3189406,,,16.779312,,14.3083725,,,,,,0.032552086,,,,0.0,,
1995,,,,,99.993034,39.453407,,,,7.8065567,16.185286,,,13.846574,,,,7.7070827,,,,,,,,0.20308083,,,,,,3.5806782,,,0.2978064,,,,,,,,,,,,0.0,0.79234064,7.744197,,,9.923455,,,,60.11609,,,2.2717633,2.9919448,,10.359375,,,0.7846182,,,18.890404,,,,,,,,0.19540791,,,,,,,,9.523809,,15.314521,38.18614,6.8908076,29.36824,55.24361,,,,19.800312,,,19.899952,8.172596,,,,,,14.354373,,,,,,,,,1.7011834,30.612246,13.283207,,,,,,14.896462,0.0,,0.0,,,,,,,,,54.63612,,,,,,52.657307,0.15541922,,,,,,15.206188,,,,,,0.18971178,,,0.0,,,,,27.044878,41.108505,,45.309975,,,,,,,,,,1.0876321,,,,9.004919,0.07751938,0.57323986,,,,,,,42.46858,,,,,,,19.225418,4.390365,,,16.745113,,14.952231,,,,,,5.1064997,,,,0.0,,
1996,,,,,99.99245,46.65364,,,,6.626158,17.586529,,,14.652649,,,,6.982193,,,,,,,,0.33447614,,,,,,3.2576632,,,0.2615346,,,,,,,,,,,,0.0,1.6293278,8.310381,,,10.640689,,,,58.82677,,,3.9200969,3.1903188,,12.278172,,,0.811359,,,23.96614,,,,,,,,0.18970832,,,,,,,,11.759424,,18.15332,37.1265,7.225543,33.333332,54.70732,,,,20.965788,,,20.674347,8.109564,,,,,,15.393545,,,,,,,,,4.002463,42.22222,16.666666,,,,,,13.518193,0.0,,0.0,,,,,,,,,61.701477,,,,,,56.000954,0.2674563,,,,,,15.221581,,,,,,0.22664493,,,0.0,,,,,27.379976,42.97904,,44.147198,,,,,,,,,,1.5784585,,,,9.190887,0.07662835,0.48360714,,,,,,,41.88144,,,,,,,18.102266,4.3877563,,,18.065355,,13.356688,,,,,,6.474268,,,,0.0,,
1997,,,,,99.99075,44.42086,,,,6.445143,15.236554,,,14.817669,,,,4.4152184,,,,,,,,0.3821667,,,,,,3.9882388,,,0.71128523,,,,,,,,,,,,0.0,1.7909982,8.803557,,,15.360218,,,,57.550545,,,9.607148,2.8199565,,9.955144,,,0.9813543,,,31.642282,,,,,,,,0.7708479,,,,,,,,11.459353,,16.214687,41.894264,8.564148,33.435116,60.724422,,,,24.864098,,,20.82518,8.12639,,,,,,17.033442,,,,,,,,,3.4051425,43.902443,27.716185,,,,,,13.865927,0.0,,0.0,,,,,,,,,69.368614,,,,,,59.529964,0.21719457,,,,,,16.06904,,,,,,0.15609479,,,0.26556507,,,,,17.77151,42.783154,,44.423782,,,,,,,,,,1.5913613,,,,9.305111,0.07587253,0.4423296,,,,,,,48.10388,,,,,,,21.384317,5.9611177,,,17.316067,,13.870562,,,,,,10.312566,,,,0.0,,
1998,,,,,99.99182,46.194965,,,,7.252934,15.890362,,,18.321356,,,,4.8527284,,,,,,,,0.41056895,,,,,,4.70181,,,0.5220223,,,,,,,,,,,,0.0,1.9962858,9.237884,,,19.868036,,,,53.593258,,,8.382026,3.1578948,,12.580231,,,0.98234934,,,32.477737,,,,,,,,3.7417943,,,,,,,,11.713287,,19.67742,40.51659,9.9341,30.839327,70.083595,,,,27.942915,,,21.71441,8.179109,,,,,,11.752521,,,,,,,,,1.6326531,51.35135,18.62069,,,,,,16.581505,0.0,,0.0,,,,,,,,,69.71996,,,,,,57.120483,0.18897097,,,,,,16.593235,,,,,,0.22021738,,,5.212903,,,,,19.173428,41.890877,,42.48362,,,,,,,,,,1.4760147,,,,9.133307,0.8017492,0.33377415,,,,,,,54.752018,,,,,,,22.383356,8.750447,,,16.846478,,14.815161,,,,,,15.847474,,,,0.0,,
1999,,,,,99.99241,56.637917,,,,7.7926717,15.555927,,,23.06585,,,,5.2992353,,,,,,,,0.79254776,,,,,,4.824489,,,0.3883644,,,,,,,,,,,,0.0,2.6959639,9.430698,,,23.39876,,,,56.63505,,,9.269075,2.7811365,,13.742437,,,1.4820803,,,38.8157,,,,,,,,7.9975457,,,,,,,,9.490741,,20.671425,39.891846,10.780607,32.0442,70.08081,,,,33.55063,,,22.6742,8.664011,,,,,,11.410345,,,,,,,,,7.64526,55.555553,23.114355,,,,,,17.320463,0.0,,0.0,,,,,,,,,75.00208,,,,,,60.063408,0.22896394,,,,,,17.42034,,,,,,0.44288877,,,18.881609,,,,,16.722805,42.380413,,41.909843,,,,,,,,,,1.1676939,,,,10.850231,1.2820513,0.2906226,,,,,,,59.64004,,,,,,,31.277908,9.138168,,,17.528103,,15.199709,,,,,,15.263805,,,,0.0,,
2000,0.0,0.0,0.0,0.0,100.0,54.933693,46.53979,0.0,0.0,7.729558,13.162307,19.860813,0.0,19.301847,0.0,0.0,87.70389,4.7055926,100.0,0.0,,93.333336,0.0,0.0,47.680412,1.1664231,3.7974682,99.2126,0.0,0.0,0.0,5.933888,1.3006654,25.413424,0.42564178,63.33333,0.0,0.0,0.0,0.0,19.271198,0.0,0.0,0.0,8.715901,0.0,0.0,2.3182442,8.647509,0.0,0.0,24.463043,0.0,96.77165,0.0,57.54228,0.0,0.0,9.134528,7.050529,0.0,14.477633,0.0,0.0,2.161259,0.0,17.557253,39.272266,18.342392,0.0,0.0,0.0,0.0,0.0,59.999996,11.182471,0.0,0.0,0.0,0.0,0.0,39.155468,0.0,14.005353,0.0,18.75533,32.56834,9.793661,39.204063,68.33682,18.77743,0.0,0.023441162,37.549084,0.0,10.040706,23.507051,10.689388,0.0,9.274447,0.0,0.0,0.0,10.21174,32.941536,0.0,0.0,0.0,21.935484,0.0,,0.0,14.555256,52.499996,27.294687,0.0,0.0,92.29359,0.0,0.0,19.79668,0.0,0.0,0.0,49.80392,,0.0,0.0,0.0,0.0,0.0,0.0,80.02861,0.0,0.0,0.0,61.736774,0.0,58.505566,0.14734773,0.0,0.0,24.286816,82.87597,0.0,17.96993,32.75681,0.0,3.9658635,0.04415011,23.041473,0.6495321,7.91762,0.0,16.523952,0.0,0.0,0.0,100.0,17.45539,42.194904,0.0,46.030716,0.0,0.0,18.503315,0.0,0.0,0.0,0.0,0.0,0.0,1.2206572,,0.0,0.0,10.851202,2.1307862,0.33051023,0.0,0.0,37.069305,0.0,0.0,0.0,63.955196,1.5449438,100.0,,0.0,99.6337,87.62984,37.41759,9.911275,0.0,0.0,17.429005,0.0,16.175009,78.33973,0.0,16.981354,0.0,0.0,16.415663,0.0,0.0,0.0,0.0,0.0,0.0
2001,0.0,0.0,0.0,0.0,100.0,47.992012,48.606274,0.0,0.0,10.92482,14.348967,59.440933,0.0,20.068676,0.0,0.0,87.62946,4.396869,100.0,0.0,,94.05664,0.0,0.0,44.191917,3.0193274,2.4096386,99.22481,0.0,0.0,0.0,7.1951137,1.1963406,31.52174,0.3329304,63.319668,0.0,0.0,0.0,0.0,20.143717,0.0,0.0,0.0,8.235294,0.0,0.0,2.1288064,9.586486,0.0,0.0,24.69366,0.0,96.844475,0.0,60.05452,0.0,0.0,10.02274,7.067138,0.0,15.701814,0.0,0.0,2.792112,0.0,22.142859,36.881775,19.186047,0.0,0.0,0.0,0.0,0.0,66.666664,11.667301,0.0,0.0,0.0,0.0,0.0,38.226204,0.0,14.3529415,0.0,24.327293,31.169931,9.542903,37.225384,70.14657,16.248062,0.0,0.022753127,38.319237,0.0,10.212201,23.682995,10.635608,0.0,11.343686,0.0,0.0,0.0,10.865496,30.699709,0.0,0.0,0.0,22.036001,0.0,,0.0,13.091923,77.0115,30.444963,0.0,0.0,93.333336,0.0,0.0,24.193703,0.0,0.0,0.0,50.107063,,0.0,0.0,0.0,0.0,0.0,0.0,79.321724,0.0,0.0,0.0,61.732384,0.0,58.35685,0.19782393,0.0,0.0,30.957232,82.340866,0.0,18.804523,34.46124,0.0,4.1887336,1.8065888,21.64179,0.9462845,17.077543,0.0,15.653495,0.0,0.0,0.0,100.0,15.070027,42.270016,0.0,52.46766,0.0,0.0,47.82214,0.0,0.0,0.0,0.0,0.0,0.0,1.535155,,0.0,0.9615385,8.4852295,2.0718234,0.24752475,0.0,0.0,41.32386,0.0,0.0,0.0,70.53174,1.2508687,100.0,,0.0,99.46809,89.54305,40.665905,11.271416,0.0,0.0,17.518753,0.0,17.146023,76.91827,0.0,21.839973,0.0,0.0,14.439726,0.0,0.0,0.0,0.0,0.0,0.0
2002,0.0,0.0,0.0,0.0,100.0,48.12626,29.75518,0.0,0.0,13.669515,15.355435,58.297646,0.0,22.078083,0.0,0.0,87.81002,3.6596956,100.0,0.0,,94.74679,0.0,0.0,45.19231,3.58961,1.1627907,98.89299,0.0,0.0,0.0,6.473933,1.3606482,29.742174,0.25332373,67.485825,0.0,0.0,0.0,0.0,18.295685,0.0,0.0,0.0,7.775654,0.0,0.0,2.118421,9.644374,0.0,0.0,24.526855,0.0,97.61302,4.064352,66.624146,0.0,0.0,13.5008955,6.2133646,0.0,15.523225,0.0,0.0,3.3324869,0.0,22.44898,39.32445,5.7023644,0.0,0.0,0.0,0.0,0.0,71.42857,13.230885,0.0,0.0,0.0,0.0,0.0,35.612034,0.0,19.936958,0.0,29.709541,25.884642,10.314283,43.669357,70.92527,13.23095,0.0,0.06593406,35.819553,0.0,8.374385,22.91423,10.68061,0.0,13.3281975,0.0,0.0,0.0,12.930333,21.996151,0.0,0.0,0.0,21.106674,0.0,,0.0,12.203585,93.57143,32.99748,0.0,0.0,93.43972,0.0,0.0,32.26255,0.0,0.0,0.0,45.167652,,0.0,0.0,0.0,0.0,0.0,0.0,74.20551,0.0,0.0,0.0,61.763344,0.0,58.41082,0.15356265,0.0,0.0,25.242477,81.994194,0.0,19.345081,35.647354,0.0,5.002274,18.0974,20.209059,1.543968,13.039723,0.0,19.846323,0.0,0.0,0.0,100.0,16.482912,43.170494,0.0,55.84533,0.0,0.48076925,53.866127,0.0,0.0,0.0,0.0,0.0,0.0,1.5042117,,0.0,0.81300807,7.7998757,1.9863013,0.38173142,0.0,0.0,45.493412,0.0,0.0,0.0,72.76836,0.9150327,100.0,,0.0,99.46809,89.10473,40.892105,13.613961,0.0,0.0,17.519968,0.0,17.975252,74.31174,0.0,20.653238,0.0,0.0,23.268156,0.0,0.0,0.0,0.0,0.0,0.0
2003,0.0,0.0,0.0,0.0,100.0,51.862713,28.679243,0.0,0.0,13.34366,19.251337,52.775166,0.0,25.858562,0.0,0.0,87.79273,4.162725,100.0,0.0,,95.79422,0.0,0.0,51.96305,3.5977933,1.1494253,99.0625,0.0,0.0,0.0,6.583711,1.4233242,35.556507,0.27007505,64.173225,0.0,0.0,14.999999,0.0,14.783549,0.0,0.0,0.0,10.183428,0.0,0.0,1.9084431,10.396491,0.0,0.0,21.231237,6.4174895,96.787285,8.188153,69.443535,0.0,0.0,15.301205,4.92126,0.0,16.43332,0.0,0.0,3.4643106,0.0,22.875816,37.38731,7.887324,0.0,0.0,0.0,0.0,0.0,71.42857,14.001398,0.0,0.0,0.0,0.0,0.0,21.591871,0.0,15.653495,0.0,34.808086,23.809525,11.408334,52.538277,72.43653,10.448288,0.0,0.06377551,40.975307,0.0,9.339975,24.995653,10.679612,0.0,9.520726,0.0,0.0,0.0,13.086235,24.623117,0.0,0.0,0.0,20.369392,0.0,,0.0,13.390011,93.90681,38.539043,0.0,0.0,93.41421,0.0,0.0,35.829258,0.0,0.0,0.0,49.446495,,0.0,0.0,0.0,0.0,0.0,0.0,72.4883,0.0,0.0,0.0,63.0693,0.0,57.63067,0.28124124,0.0,0.0,24.052515,81.979454,0.0,19.57874,47.770466,0.0,5.756651,24.820553,16.770187,1.6132259,13.168897,0.0,16.68463,0.0,0.0,0.0,100.0,17.687819,44.39861,0.0,54.84452,0.0,2.145923,60.73047,0.0,0.0,0.0,0.0,0.0,0.0,1.5761822,,0.0,0.7692308,7.746934,2.6753435,0.53918314,0.0,0.0,50.230267,0.0,0.0,0.0,73.90892,1.029679,100.0,0.0,0.0,99.68944,97.42908,45.53533,14.010332,0.0,0.0,18.961126,0.0,16.798141,70.57858,0.0,17.585646,0.0,0.0,29.416077,0.0,0.0,0.0,0.0,0.0,0.0
2004,0.0,0.0,0.0,0.0,100.0,55.066826,27.806564,0.0,0.0,11.935611,17.704123,59.116024,0.0,24.170788,0.0,0.0,89.41504,3.6025145,100.0,0.0,,95.0641,0.0,0.0,50.331123,4.970451,1.1235955,99.07976,0.0,0.0,0.0,6.756892,1.4717395,32.62745,0.3385815,66.36364,0.0,0.0,17.5,0.0,14.21042,0.0,0.0,0.0,11.956521,0.0,0.0,1.837928,10.280512,0.0,0.0,24.701788,6.156406,96.992,9.6875,75.77608,0.0,0.0,20.04989,4.7526674,0.0,14.853216,0.0,0.0,3.717111,0.0,20.915033,39.871037,11.224489,0.0,0.0,0.0,0.0,0.0,77.77778,15.441428,0.0,0.0,0.0,0.0,0.0,30.283401,0.0,17.736122,0.0,34.76713,21.445745,10.966319,51.231133,70.416565,5.8841743,0.0,9.179358,44.20687,0.0,50.111603,22.998777,10.679612,0.0,9.962872,0.0,0.0,0.0,17.167545,27.702377,0.0,0.0,0.0,18.960396,0.0,,0.0,14.346667,93.47182,30.490404,0.0,0.68689185,93.7931,0.0,0.0,39.24126,0.0,0.0,0.0,49.19786,,0.0,0.08620689,0.0,0.0,0.0,0.0,66.50011,0.0,0.0,0.0,66.5706,0.0,60.09818,0.33605814,0.0,0.0,16.229004,82.0,0.0,20.115696,50.570034,0.0,9.608247,22.130856,16.809116,2.1109219,12.173913,0.0,26.16383,0.0,0.0,0.0,100.0,18.52311,45.343437,0.0,56.940197,0.0,2.5104601,68.794136,0.0,0.0,0.0,0.0,0.0,0.0,1.8284487,,0.0,0.6993007,7.944846,2.357564,0.51464766,0.0,0.0,41.063107,0.0,0.0,0.0,72.73826,0.9096423,100.0,0.0,0.0,99.53344,97.15004,41.582638,17.032187,15.708813,0.0,20.565666,0.0,17.968344,75.79476,0.0,16.35718,0.0,0.0,42.272728,0.0,0.0,0.0,0.0,0.0,0.0
2005,0.0,0.0,0.0,0.0,100.0,52.671394,30.098686,0.0,0.0,10.08061,20.242348,61.25219,0.0,25.479973,0.0,0.0,88.98368,3.9416726,100.0,0.0,,96.834625,0.0,0.0,57.87321,4.666683,1.010101,99.07976,0.0,0.0,0.0,5.943594,1.5051904,26.043661,0.4855495,72.83951,0.0,0.0,18.60465,0.0,14.817782,0.0,0.0,0.0,12.638436,0.0,0.0,1.7942146,11.76998,0.0,0.0,24.33481,8.32084,96.25479,11.70886,73.17515,0.0,0.0,27.295656,5.294118,0.0,15.915533,0.0,0.0,4.053484,0.0,21.019108,38.31806,12.083334,0.0,0.0,0.0,0.0,0.0,80.0,13.9111185,0.0,0.0,0.0,0.0,0.0,29.181864,0.0,13.946361,0.0,34.62937,16.329296,10.712258,45.230648,70.35635,32.894737,0.0,11.581979,50.683907,0.0,54.922283,21.949232,10.689047,0.0,4.388926,0.0,0.0,0.0,16.5584,25.085754,0.0,0.0,0.0,26.792114,0.0,,0.0,20.943134,92.83582,30.284552,0.0,10.124611,93.802345,0.0,0.0,34.875187,0.0,0.0,0.0,39.86711,0.0,0.0,0.076045625,0.0,0.0,0.0,0.0,64.69873,0.0,0.0,0.0,66.96391,0.0,58.45935,0.27686703,0.0,0.0,21.798494,84.18972,0.0,20.29653,43.6654,0.0,17.843138,29.803783,15.469614,3.3228154,12.5,0.0,29.580526,0.0,0.0,0.0,100.0,16.197538,46.123615,0.0,56.493065,0.0,2.2641509,74.38514,0.0,0.0,0.0,0.0,0.0,0.0,0.89235914,,0.0,0.59171593,6.955967,2.2501655,0.37888357,0.0,0.0,39.024387,0.0,0.0,0.0,72.42966,0.702165,100.0,0.0,0.0,99.57446,96.91943,45.461857,17.626373,31.420763,0.0,18.327164,0.0,18.859032,70.547516,0.0,13.606605,0.0,0.0,42.85714,0.0,0.0,0.0,0.036745194,0.0,0.0
2006,0.0,0.0,0.0,0.0,100.0,49.722298,25.91944,0.0,0.0,11.466868,17.151585,64.91228,0.0,26.385891,0.0,0.0,89.0252,4.7535214,97.57604,0.0,,94.97013,0.0,0.0,55.6,4.3533196,1.9607843,99.09091,0.0,0.0,0.0,6.6433277,1.2715274,20.784883,0.8312047,71.276596,0.0,0.5333333,17.777779,0.0,13.835771,0.0,0.0,0.0,13.53977,0.0,0.0,1.8766435,11.858141,0.0,0.0,20.686619,12.260808,97.24666,12.713068,74.38653,0.0,0.0,30.640415,5.549846,0.0,14.971442,0.0,0.0,3.8357131,0.0,19.879519,35.449444,28.781796,0.0,0.0,0.0,0.0,0.0,81.818184,17.858946,0.0,0.0,0.0,0.0,0.0,30.643488,0.0,15.956622,0.0,36.708508,17.355074,10.034523,50.942,64.684906,41.91546,0.0,17.97864,51.74569,0.0,70.23381,24.05119,11.163829,0.0,4.8109965,0.0,0.0,0.0,18.57118,31.407564,0.0,0.0,0.0,39.59596,0.0,,0.0,20.381111,91.80791,42.944786,0.0,12.229491,93.75,0.0,0.0,45.291706,0.0,0.0,0.0,32.847897,0.0,0.0,0.0685401,0.0,0.0,0.0,0.0,64.804306,0.0,0.0,0.0,72.88062,0.0,58.59311,0.3877248,0.0,0.0,22.328066,84.95109,0.0,20.704857,35.979103,0.0,17.653507,28.830576,15.882353,2.8500311,13.536244,0.0,25.495867,0.0,0.0,0.0,100.0,18.909845,45.886585,0.0,53.257607,0.0,1.8939394,77.79184,0.0,0.0,0.0,0.0,0.0,0.0,0.3345414,,0.0,0.6369426,6.112,2.4487095,0.41876048,0.0,0.0,38.313766,0.0,0.0,0.0,69.04518,1.3585352,100.0,0.0,0.0,99.44212,91.35425,45.781563,17.534178,37.037037,0.0,12.62848,0.0,20.174255,80.61638,0.0,13.484877,0.0,0.0,42.314335,0.0,0.0,0.0,0.00787991,0.0,0.0
2007,0.0,0.0,0.0,0.0,100.0,53.012688,26.27866,0.0,0.0,13.7341175,15.756803,70.989914,0.0,28.406866,0.0,0.0,89.8677,5.464736,98.84898,0.0,,99.02608,0.0,0.0,55.88235,3.4819725,1.9047619,99.115036,0.0,0.0,0.0,6.781879,1.1139545,7.9444065,1.0333563,65.8363,9.213052,1.0217113,17.5,0.0,11.99124,0.0,0.0,0.0,14.139693,0.0,0.0,1.5608978,12.272223,0.0,0.0,17.986715,15.991764,97.28422,11.652174,74.4285,0.0,0.0,31.40529,2.7914615,0.0,13.009733,0.0,0.0,3.9139254,0.0,19.65318,41.7807,19.882353,0.0,0.0,0.0,0.0,0.0,84.61539,22.692307,0.0,0.0,0.0,0.0,0.0,26.363169,0.0,24.481659,0.0,38.113113,16.71159,11.30912,56.689022,68.30937,38.928997,0.0,19.650492,56.409836,0.0,82.462975,25.154436,6.5909686,0.0,2.5850341,0.0,0.0,0.0,19.839684,31.897436,0.0,0.0,0.0,43.995426,0.0,,0.0,17.83061,90.59561,40.336132,0.0,13.864905,94.03748,0.0,0.0,48.921215,0.0,0.0,0.0,29.53125,0.0,0.0,0.06285355,0.0,0.0,0.0,0.0,62.597878,0.0,0.0,0.0,72.857765,0.0,58.84452,0.5583719,0.0,0.0,27.224527,98.23571,0.0,21.40246,34.238167,0.0,27.464083,31.516272,15.5223875,2.8261418,13.97893,0.0,28.088203,0.0,0.0,0.0,100.0,18.778427,48.016098,0.0,50.242138,0.0,1.7857144,78.701675,0.0,0.0,0.0,0.0,0.0,0.0,1.1954406,,0.0,1.3333333,5.816876,2.9920213,0.5577207,0.0,0.0,31.212828,0.0,0.0,0.0,68.92584,2.1726701,100.0,0.0,0.0,99.479164,88.71907,49.618835,19.06133,26.886793,0.0,11.439491,0.0,21.64333,82.21134,0.0,15.769197,0.0,0.0,41.490025,0.0,0.0,0.0,0.034156896,0.0,0.0
2008,0.0,0.0,0.0,0.0,100.0,53.654335,31.355932,0.0,0.0,14.797458,17.365643,81.82239,0.0,29.02721,0.0,0.0,89.77505,5.3045626,100.0,0.0,,96.89016,0.0,0.0,59.628376,6.2135673,0.95238096,99.12281,0.0,0.0,0.0,6.2398643,1.0889021,3.6831484,0.9889123,65.28497,8.865249,1.0652462,19.565218,0.0,10.38212,0.0,0.0,0.0,14.366515,0.0,0.0,1.2247839,13.99358,0.0,0.0,19.407894,16.769337,97.340294,9.302326,73.64907,0.0,0.0,38.994156,3.9697542,0.0,14.259858,0.0,0.0,3.8590426,0.0,27.62431,45.30543,15.274463,0.0,0.0,0.0,0.0,0.0,70.0,22.193632,0.0,0.0,0.0,0.0,0.0,31.399946,0.0,19.248827,0.0,37.931034,17.806288,10.366847,55.93844,64.164566,49.484814,0.0,27.082233,55.451424,0.0,83.81625,27.44192,10.217797,0.0,1.8819505,0.0,0.0,0.0,18.474503,35.671497,0.0,0.0,0.0,40.98361,0.0,,0.0,15.228807,88.2353,39.089184,33.05785,13.6117935,93.51081,0.0,0.0,48.746704,0.0,0.0,0.0,28.700907,0.0,0.0,0.06680027,0.0,0.0,0.0,0.0,62.7954,0.0,0.0,0.0,72.869316,0.0,59.6554,0.3116368,0.0,0.0,24.337406,97.81932,0.0,21.694149,31.910547,0.0,31.174837,32.19336,16.715542,3.0291262,16.04301,0.0,33.524483,0.0,0.0,0.0,100.0,15.29448,47.54231,0.0,49.319294,0.0,1.6891892,80.29758,0.0,0.0,0.0,0.0,0.0,0.0,1.1135253,,0.0,1.3245033,5.609756,2.9250457,0.4136091,0.0,0.0,31.295664,0.0,0.0,0.0,71.82343,2.1671827,100.0,0.0,0.0,99.48254,94.50243,49.745426,20.905542,31.235956,0.0,10.027001,0.11402508,21.496618,84.030266,0.0,14.668901,0.0,0.0,43.77731,0.0,0.0,0.0,0.034844555,0.0,0.0
2009,0.0,0.0,0.0,0.0,99.988335,50.441467,21.139706,0.0,0.0,16.454582,18.637669,85.19894,0.0,32.5869,0.0,0.0,91.48537,4.6324744,100.0,0.0,0.3875969,81.72538,0.0,0.0,61.352657,2.8594718,0.9345794,98.89503,0.0,0.0,0.0,7.3745255,1.0649468,6.509856,1.5226241,62.564106,7.1428576,1.0243278,35.185184,0.0,19.277533,0.0,0.0,0.0,13.423577,0.0,0.0,1.200392,13.652288,0.0,0.0,18.4,16.436363,97.63637,10.462555,73.53839,0.0,0.0,37.063152,1.2528474,0.0,13.627533,0.0,0.0,3.876189,0.0,34.972675,44.19259,11.404562,0.22371365,0.0,0.0,0.0,0.0,72.72727,18.263176,0.0,0.0,0.0,0.0,0.0,28.689798,0.0,16.554306,0.0,29.016987,24.805061,11.864137,58.339294,67.35945,48.08455,0.0,32.92527,51.459705,0.0,90.966385,29.148489,16.334307,0.0,0.72859746,0.0,0.0,0.0,15.758648,28.84254,0.0,1.4637905,0.0,39.203423,0.0,,0.0,14.344261,90.15872,36.086174,30.821917,14.094601,93.537964,0.0,0.0,51.598446,0.0,0.0,0.0,17.360115,0.0,0.0,0.059559256,0.0,0.0,0.0,0.0,58.005337,0.0,0.0,0.0,77.05912,0.0,61.299515,3.2297473,0.0,0.0,20.628637,97.83197,0.0,21.972301,29.216522,0.0,31.68287,32.122093,16.913946,3.1751292,18.27257,0.0,29.789389,0.0,0.0,0.0,100.0,13.248828,47.309437,0.0,43.297592,0.0,1.6393443,80.59808,0.0,0.0,0.0,0.0,0.0,0.0,0.45080882,,0.0,1.3071896,7.597378,3.599756,1.1420205,0.0,0.0,45.639133,0.0,0.0,0.0,72.88554,1.3647642,100.0,0.0,0.0,99.4898,95.34731,49.330116,21.1128,41.458332,0.0,6.733483,0.2306805,23.376194,80.8982,0.0,15.137577,0.0,0.0,45.089287,0.0,0.0,0.0,0.004007052,0.0,0.0
2010,0.0,0.0,0.0,0.0,99.978714,50.642857,22.966509,0.0,0.0,18.643663,21.15895,81.52116,0.0,33.150597,0.0,0.0,92.46206,4.2891355,100.0,0.0,0.2953337,97.134674,4.7619047,0.0,65.41353,7.072509,0.9708738,98.944595,0.0,0.0,0.0,8.694792,1.5594245,17.742739,1.8475647,70.42017,7.167235,1.0217113,43.589745,0.0,19.873817,0.0,0.0,0.0,13.045978,0.0,0.0,1.6193382,14.219573,0.0,0.0,20.412903,22.801083,97.52897,11.277034,76.230705,0.0,,31.850235,2.31303,0.0,13.963294,0.0,0.0,4.225052,0.0,41.968914,45.974453,6.5326633,12.845849,0.0,0.0,0.0,0.0,81.818184,17.399754,0.0,0.0,0.0,0.0,0.0,37.37902,0.0,17.241379,0.0,31.049252,21.868666,12.59027,64.42547,73.76528,30.811695,0.0,37.489326,51.515354,0.0,71.17727,28.2075,8.892921,0.0,1.5012511,0.0,0.0,0.0,21.003193,34.630898,0.0,6.3017187,0.0,47.11302,0.0,,0.0,63.800003,90.12346,45.098038,64.81481,12.297592,92.96235,0.0,0.0,53.36938,0.41322312,0.0,0.0,20.417633,0.0,0.0,0.119976,0.0,0.0,0.0,0.0,52.15931,0.0,0.0,0.0,75.583626,0.0,63.78493,3.8980024,0.0,0.0,22.207176,97.77891,0.0,22.608051,27.374655,0.0,34.076344,28.820314,16.239317,3.0618103,15.526881,0.0,27.860882,0.0,0.0,0.0,100.0,12.015889,50.146435,3.5714285,44.772278,0.0,2.4767802,77.20458,0.0,0.0,0.0,0.0,0.0,0.0,0.8818814,,0.0,1.0204082,8.04807,3.3825338,1.9602561,0.0,0.0,54.931095,0.0,0.0,0.0,75.16659,0.24330899,100.0,0.0,0.0,99.76416,98.804276,46.472206,24.966606,44.090054,0.0,8.314796,0.74487895,24.008615,78.69925,0.0,16.666666,0.0,0.0,48.724377,0.0,0.0,26.54639,0.31587055,0.0,0.0
2011,0.0,0.0,0.0,0.0,99.97983,52.40559,33.148407,0.0,0.0,19.033869,20.0,85.19981,0.0,28.497818,0.0,0.0,86.43148,4.1633306,100.0,0.0,0.33178502,98.2914,0.0,0.0,65.303246,4.7201743,0.9615385,98.92761,0.0,0.0,0.0,9.796794,1.5267175,20.898705,2.307862,69.57237,6.292517,1.0230179,38.28125,0.0,12.382496,0.0,0.0,0.0,11.549295,0.0,0.0,1.6274238,14.16033,0.0,0.0,16.633438,21.954315,96.93479,9.495839,78.53704,0.0,,29.330452,1.9394879,0.0,12.857142,0.0,0.0,5.195102,0.0,47.29064,39.813026,21.956087,25.552608,0.0,0.0,0.0,0.0,86.66666,24.071856,0.0,0.0,0.0,0.0,0.0,28.303822,0.0,23.330364,0.0,29.816767,20.408588,11.369439,56.874313,60.41428,33.395176,0.0,33.137585,48.46332,0.0,27.04918,34.39866,9.170709,0.0,0.9993338,0.0,0.0,0.0,22.284624,39.157677,0.0,0.0,0.0,59.7847,0.0,,0.0,62.823532,88.63636,49.425285,40.44944,16.050903,93.59861,0.0,0.0,52.54835,1.3313609,0.0,0.0,20.325981,0.0,0.0,0.66305,0.0,0.0,0.0,0.0,43.857716,0.0,0.0,0.0,78.21745,0.0,61.674362,2.9460812,0.0,0.0,19.037848,97.66804,0.0,22.145039,29.157438,0.0,35.661484,29.775848,16.253443,3.5734024,15.2740345,0.0,28.814215,0.0,0.0,0.0,100.0,13.527508,49.41888,2.857143,44.607372,0.0,1.8237082,78.0,0.0,0.0,0.0,0.0,0.0,0.0,1.3150973,,0.0,1.3071896,11.138614,3.0778894,1.0513709,0.0,0.0,53.680687,0.0,0.0,14.285714,70.6197,0.24630542,100.0,0.0,0.0,99.77168,98.957054,45.359432,26.040058,50.483555,0.0,9.463965,0.8704062,24.791445,84.09091,0.0,14.309935,0.0,0.0,39.060192,0.0,0.0,21.5781,0.33899593,0.0,0.0
2012,0.0,0.0,0.0,0.0,99.98117,56.04323,43.47826,0.0,0.0,19.87154,14.14421,89.89987,0.0,28.916697,0.0,0.0,83.87495,5.0796385,100.0,0.0,0.36205646,96.68939,2.631579,0.0,66.531715,8.463348,1.7699115,98.98219,0.0,0.0,0.0,9.934961,1.3356819,18.470606,2.2105086,67.57143,5.3406997,0.0,42.011833,0.0,14.256263,0.0,0.0,0.0,11.340205,0.0,0.0,1.7209517,12.253755,0.0,0.0,13.706248,21.065088,97.07317,10.2947645,77.72046,0.0,,24.939613,1.0869565,0.0,9.558301,0.0,0.0,4.0082455,0.0,43.98148,27.529062,25.675676,16.790123,0.0,0.0,0.0,0.0,83.33333,22.500416,0.0,0.0,0.0,0.0,0.0,33.16896,0.0,23.746452,0.0,27.151936,23.411177,8.815394,52.196384,62.8568,22.338114,0.0,16.775116,43.739204,0.0,18.565401,39.34392,16.144339,0.0,0.5322688,0.0,0.0,0.0,24.182983,51.227093,0.0,0.0,0.0,60.45494,0.0,,0.0,64.0,86.59421,33.387356,0.0,22.444359,95.008606,0.0,0.0,52.161003,4.792332,0.0,0.0,21.326166,0.0,0.0,0.7348029,0.0,0.0,0.0,0.0,45.48777,0.0,0.0,0.0,80.201805,0.0,55.30459,1.5323575,0.0,0.0,20.137144,97.56195,0.0,22.917727,27.645262,0.0,39.164165,26.94471,13.404825,3.8766413,24.215248,0.0,23.481516,0.0,0.0,0.0,99.97127,14.895798,49.202724,2.5641026,46.68892,0.0,3.8674035,84.29911,0.0,0.0,0.0,0.0,0.0,0.0,1.3263333,0.0,0.0,1.1976048,10.070671,3.40836,0.5527517,0.0,0.0,57.04989,0.0,0.0,25.0,70.64986,0.41249266,100.0,0.0,0.0,99.78071,98.26234,43.634388,27.08791,52.55732,0.0,8.0651655,0.09433962,30.338781,82.64151,0.0,20.754423,0.0,0.0,35.06426,0.0,0.0,31.400282,0.6901097,0.0,0.0
2013,0.0,0.0,0.0,0.0,99.918175,53.567585,42.3231,0.0,0.0,21.125181,10.302091,93.11828,0.0,25.38133,30.769232,0.0,83.14585,5.43933,100.0,0.0,0.23188405,98.4132,0.0,0.0,65.42894,12.087662,1.980198,99.09091,0.0,0.0,0.0,9.194894,1.091862,15.307524,2.142819,75.62254,14.511041,0.0,43.52941,0.0,20.895115,0.0,0.0,0.0,10.337663,0.0,0.0,2.374578,10.640156,0.0,0.0,9.881537,25.112867,97.946236,12.219343,74.612305,0.0,,20.443403,0.6777109,0.0,9.528487,0.0,0.0,3.1885564,0.0,40.191387,26.750027,17.935873,11.39338,0.0,0.0,0.0,0.0,69.41176,19.301046,0.0,0.0,0.0,0.0,0.0,24.378366,0.0,14.490675,0.0,18.301949,25.779377,5.785506,51.409554,53.190918,21.13752,0.0,43.02022,38.07776,0.0,25.144844,38.940575,16.564087,0.0,0.21551724,0.0,0.0,0.0,26.643335,44.712246,0.0,0.0,0.0,58.37068,0.0,,0.0,52.98329,77.17391,43.064518,0.0,21.603563,92.682915,0.0,0.0,55.79564,5.91133,0.0,0.0,22.391653,0.0,0.0,1.4122394,0.0,0.0,0.0,0.0,50.485916,0.0,0.0,0.0,81.43795,0.0,55.75776,1.5547544,0.0,0.0,20.210773,97.37042,0.0,21.83763,25.429062,0.0,41.507698,24.976738,12.718204,3.217731,31.378025,0.0,14.359484,0.0,0.0,0.0,99.769775,15.913388,50.03966,2.7027025,47.09555,0.0,3.9370081,91.78653,0.0,0.0,0.0,0.0,0.0,0.0,0.7647209,0.0,0.0,1.1363636,8.385965,3.227848,0.5554467,0.0,0.0,60.111244,0.0,0.0,21.875,70.69497,0.0,100.0,0.0,0.0,99.78947,97.133415,43.772644,27.765226,48.58097,0.0,7.1924677,0.0,27.735407,84.966125,0.0,24.406126,0.0,0.0,33.544914,0.0,0.0,32.0,1.1790426,0.0,0.0
2014,0.0,0.0,0.0,0.0,99.734,54.973297,43.6919,0.0,0.0,21.667677,8.64338,94.23467,0.0,27.162922,29.411764,0.0,81.998215,4.560955,99.96332,0.0,0.17615971,97.98503,2.7777777,0.0,70.36144,13.727881,1.9417475,99.111115,0.0,0.0,0.0,9.962173,0.7134703,14.550378,2.300132,70.13301,19.448477,0.11235955,45.66474,0.0,20.210049,0.0,0.0,0.0,14.359238,0.0,0.0,2.1416805,9.795556,0.0,0.0,6.5543065,24.768518,98.56854,12.029764,72.78673,0.0,,17.224165,0.562249,0.0,8.105727,0.0,0.0,2.3238156,0.0,47.23618,29.84205,19.825073,21.330275,0.0,0.0,0.0,0.0,64.22018,13.683999,0.0,0.0,0.0,0.0,0.0,22.924004,0.0,7.4460163,0.0,14.426675,25.486235,5.071224,49.030254,69.6586,21.94698,0.0,48.406178,33.869743,0.0,7.1154895,42.426983,21.388567,0.0,0.8316008,0.0,0.0,0.0,24.186682,51.849575,0.0,0.0,0.0,53.697323,0.0,,0.0,47.425472,75.91624,45.52529,39.0625,19.94302,93.66853,0.0,0.0,57.277557,3.717472,0.0,0.0,34.607365,0.0,0.0,1.2804878,0.0,0.0,0.0,0.0,50.071198,0.0,0.0,0.0,83.30235,0.0,50.460335,1.5758091,0.0,0.0,16.309414,97.391014,0.0,21.966187,26.271893,0.0,45.68117,24.20044,14.485981,3.3659613,32.71605,0.0,13.1853285,0.0,0.0,0.0,99.71649,12.476895,50.25841,4.878049,46.459473,0.0,3.1100478,95.39554,0.0,0.0,0.0,0.0,0.0,0.0,0.6877991,0.0,0.0,0.5494505,5.9712496,2.1574345,0.27350873,0.0,0.0,65.78823,0.0,0.0,14.285715,69.23918,0.0,100.0,0.0,0.0,99.78747,95.044815,47.858704,28.765965,42.01278,0.0,6.9521933,0.0,27.50506,84.6278,0.0,28.586304,0.0,0.0,30.711506,0.0,0.0,38.51175,1.2325326,0.0,0.0
2015,0.0,0.0,0.0,0.0,99.76449,54.401047,37.08609,0.0,0.0,19.571636,12.398834,86.48759,0.0,32.17887,34.375,0.0,80.65441,3.818518,99.9649,0.0,0.18259281,97.82927,2.7777777,0.0,69.55556,13.676405,1.923077,99.04762,0.0,0.0,0.0,10.283174,0.9535341,15.164864,2.8705428,78.16093,18.718594,0.0,51.811592,0.0,23.021675,0.0,0.0,0.0,14.467877,0.0,0.0,2.7639713,9.61716,0.0,0.0,6.323836,23.777779,98.30041,10.878823,71.390854,0.0,,18.941442,0.591133,0.0,7.5790696,0.0,0.0,3.6820285,0.0,46.226418,29.47443,22.139536,41.75258,0.0,0.0,0.0,0.0,63.076923,17.806072,0.0,0.0,0.0,0.0,0.0,33.465397,0.0,10.676157,0.0,16.848005,22.254192,4.899024,44.115547,73.7261,29.827293,0.0,51.611397,39.64247,0.0,48.321095,40.52926,20.755129,0.0,1.3157895,0.0,0.0,0.0,22.16685,55.300144,0.0,0.0,0.0,54.012268,0.0,,0.0,46.80851,62.686565,49.819496,0.0,19.324642,95.36424,0.0,0.0,59.785416,3.1858408,0.0,0.0,38.456787,0.0,0.0,6.9096847,0.0,0.0,0.0,0.0,46.60582,0.0,0.0,0.0,80.49443,0.0,42.03138,1.5384616,0.0,0.0,15.60707,97.37405,0.0,23.078062,31.03112,0.0,45.01761,22.91262,15.011037,3.889227,30.47847,0.0,20.649199,0.0,0.0,0.0,99.68772,14.300944,49.623905,3.9215686,47.15092,0.0,1.8018017,95.24662,0.0,0.0,0.0,0.0,0.0,0.0,0.58526206,0.0,0.0,0.5376344,6.010518,2.7027028,0.27777776,0.0,0.0,68.12882,0.0,0.0,40.909092,72.27127,0.0,100.0,0.0,0.0,99.68652,92.35113,37.903503,31.300844,43.79785,0.0,6.170577,0.0,32.6514,84.48006,0.0,25.61167,0.0,0.0,29.735073,0.0,0.0,39.23611,0.0,0.0,0.0
2016,0.0,0.0,0.0,0.0,99.7531,57.263218,36.338028,0.0,0.0,18.630678,13.087713,81.167,0.0,26.177204,3.7037034,0.0,80.243164,4.603638,99.964935,0.0,0.11293055,96.90199,0.0,0.0,78.17204,9.756603,1.9047619,98.82903,0.0,0.0,0.0,9.851081,1.4075288,15.032349,3.0698693,82.89345,22.36287,0.0,55.78231,0.0,20.87436,0.0,0.0,0.0,14.209247,0.0,0.0,4.5487804,12.567028,0.0,0.0,7.434211,20.340788,98.09966,7.437408,73.579895,0.0,,19.51607,0.5751849,0.0,5.44,0.0,0.0,6.257605,0.0,52.511414,42.198833,19.32115,30.372057,0.0,0.0,0.0,0.0,65.71429,27.804607,0.0,0.0,0.0,0.0,0.0,32.791187,0.0,12.619047,0.0,20.326223,23.991459,5.180704,50.76159,78.74467,25.497375,0.0,60.91628,44.123096,1.1135858,84.595825,43.09768,21.935757,0.0,1.4448669,0.0,0.0,0.0,23.11984,58.10271,0.0,0.0,0.0,72.56524,0.0,,0.0,27.272726,32.91139,45.79439,0.0,19.1448,95.55556,0.0,0.0,60.19354,10.124333,0.0,0.0,44.42605,0.0,0.0,15.005301,0.0,0.0,0.0,0.0,41.640602,0.0,0.0,0.0,77.53147,0.0,46.09512,1.4929407,0.0,0.0,13.232908,97.253876,0.0,23.69049,33.710335,0.0,45.63238,21.863642,17.40042,4.7168674,33.720932,0.0,21.30398,0.0,0.0,0.0,99.693695,15.02647,47.829914,15.625001,52.72046,0.0,1.67364,95.19287,0.0,0.0,0.0,0.0,0.0,0.0,0.98420095,0.0,0.0,0.5494505,5.671642,2.5878003,0.43620503,0.0,0.0,58.888275,0.0,0.0,3.1914892,70.15349,0.0,100.0,0.0,0.0,99.57537,96.58685,32.518223,32.27065,60.1173,0.0,5.9727793,0.0,33.719627,84.67041,0.0,30.742262,0.0,0.0,25.322319,0.0,0.0,32.848232,0.0,0.0,0.0
2017,0.0,0.0,0.37002772,0.0,99.44267,62.639927,38.11421,0.0,0.0,21.272734,16.261738,86.78778,0.0,26.974457,43.75,0.0,78.69299,4.3041925,99.96579,0.0,0.12315271,97.10229,0.0,0.0,73.931175,11.129776,2.8846154,98.79808,0.0,0.0,0.0,9.178477,1.1970075,16.913721,3.076718,77.964424,21.987577,0.0,55.9322,0.0,14.03084,0.0,0.0,0.0,13.612057,0.0,0.0,4.3143654,13.350712,0.0,0.0,6.5372167,28.645832,98.67227,6.2163134,78.634636,0.0,,23.51127,0.45592704,0.0,4.887441,0.0,0.0,7.278151,0.0,49.553574,40.432262,19.318182,30.0,0.0,0.0,0.0,0.0,66.41791,31.259123,0.0,0.0,0.0,0.0,0.0,33.67623,0.0,26.253183,0.0,23.90644,21.002146,5.0967493,51.141552,82.74076,36.0654,0.0,63.463818,48.053684,18.72146,79.69201,43.10031,23.157484,0.0,0.7807417,0.0,0.0,0.0,23.594318,52.852375,0.0,0.0,0.0,68.59976,0.0,,0.0,16.853933,24.444445,27.490038,45.57823,18.284283,93.34678,0.0,0.0,60.074753,14.821428,0.0,78.181816,39.638783,0.0,0.0,15.816327,0.0,0.0,0.0,0.0,38.676544,0.0,0.0,0.0,75.80645,0.0,49.750084,1.3893572,0.0,0.0,15.987174,97.06777,0.0,23.48796,37.74164,0.0,37.696835,21.778296,20.0,5.903125,32.234436,0.0,32.80083,0.0,0.0,0.0,99.69366,16.776833,47.313435,16.923077,56.38877,0.0,1.2711865,95.103294,0.0,0.0,0.0,0.0,0.0,0.0,1.5093305,0.0,0.0,0.5524862,6.0904446,2.9906542,0.20093772,0.0,0.0,57.26681,0.0,0.0,16.049381,68.488655,0.0,100.0,0.0,0.0,99.570816,95.77259,37.16573,34.563015,61.103252,0.0,4.729557,0.20905922,31.992615,83.25115,0.0,25.009632,0.0,0.0,20.722061,0.0,0.0,23.456789,0.0,0.0,0.0
2018,0.0,0.0,0.60882795,0.0,99.117714,64.96117,44.53228,0.0,0.0,19.594105,15.3394165,92.04138,0.0,32.47597,31.578947,0.0,75.3885,4.343152,99.96616,0.0,0.15731515,97.17876,0.0,0.0,67.62948,9.082293,2.8846154,98.837204,0.0,0.0,0.0,10.693715,0.9352844,15.998042,3.0071976,70.01992,26.932083,0.0,61.311478,0.0,14.857435,0.0,0.0,0.0,12.692308,0.0,0.0,4.3413177,12.899347,0.0,0.0,6.8520355,24.183672,98.37134,5.2343483,83.845726,0.0,,21.37067,0.48504445,0.0,5.9803495,0.0,0.0,5.30474,0.0,38.848923,39.401295,17.44186,34.33937,0.0,0.0,0.0,0.0,66.666664,26.78198,0.0,0.0,0.0,0.0,0.0,38.665573,0.0,16.642012,0.0,22.71451,20.243841,4.5124683,51.84466,85.25372,54.313583,0.0,66.70531,44.94162,11.868687,83.2106,41.14855,21.953947,0.0,0.51847047,0.0,0.0,0.0,27.689322,53.20383,0.0,0.0,0.0,65.56466,0.0,,0.0,11.30137,20.833334,47.916668,40.0,15.046295,93.86617,0.0,0.0,61.773884,13.368983,0.0,88.83249,34.334564,0.0,0.0,16.744457,0.0,0.0,0.0,0.0,37.548367,0.0,0.0,7.54717,78.83411,0.0,50.95491,1.4937646,0.0,0.0,12.94306,96.87501,0.0,23.530176,44.520226,5.5357146,37.86159,21.385603,20.183485,7.4544063,35.161106,0.0,26.752357,0.0,0.0,0.0,99.68789,16.419542,47.21644,25.609756,60.485096,0.0,0.8097166,95.28035,0.0,0.0,0.0,0.0,0.0,0.0,1.6362151,0.0,0.0,1.0526316,6.976744,2.9776673,0.23261508,0.0,0.0,47.04301,0.0,0.0,34.999996,65.402794,0.0,100.0,0.0,0.0,99.56663,95.7935,30.014992,34.283016,66.62106,0.0,6.6120353,0.06844627,34.966385,86.191605,0.0,25.022566,0.0,0.0,18.740217,0.0,0.0,9.169054,0.0,0.0,0.0
2019,0.0,0.0,10.366625,0.0,97.356445,65.441124,40.720963,0.0,0.0,20.951487,16.01358,92.90944,0.0,27.554213,59.259254,0.0,80.31959,4.917658,99.93959,0.0,0.114810556,96.8611,0.0,0.0,61.041466,10.414791,2.8301888,89.2495,0.0,0.0,0.0,11.118394,0.86439,18.897356,3.0985827,66.79175,26.207731,0.0,68.13472,0.0,16.704748,0.0,0.0,0.0,11.835749,0.0,0.0,6.777881,14.997749,0.0,0.0,7.1501527,26.080828,98.46832,4.283513,85.655876,0.0,,30.944109,0.52562416,0.0,5.611427,0.0,0.0,6.9369073,0.0,38.732395,40.68662,23.946037,41.560696,31.818182,0.0,0.0,0.0,67.14286,30.239832,0.0,0.0,0.0,0.0,0.0,42.068222,0.0,20.790516,0.0,25.37923,21.093962,4.435608,51.807228,76.67774,57.66861,0.0,64.02168,48.863754,27.155172,81.149536,39.808098,22.034374,0.0,0.6012024,0.0,0.0,0.0,26.591682,56.5032,0.0,0.0,0.0,67.13832,0.0,,0.0,15.568862,17.757008,50.46584,53.57143,11.639424,93.49737,0.0,0.0,60.48408,16.354343,0.0,88.4058,31.46998,0.0,0.0,19.905214,0.0,0.0,0.0,0.0,40.492996,0.0,0.0,7.4626865,76.659355,0.0,58.908787,1.5392662,0.0,0.0,12.388572,96.9658,0.0,23.85502,34.526222,24.140892,38.209953,21.078941,14.2523365,9.067516,39.84334,0.0,33.449615,0.0,0.0,0.0,99.74,15.23145,45.819023,24.705881,59.051643,0.0,1.0309278,95.60399,0.0,0.0,0.0,0.0,0.0,0.0,1.8176886,0.0,0.0,0.98039216,10.882666,3.3983638,0.17218858,0.0,0.0,45.116486,0.0,0.0,75.409836,65.326256,1.4790077,100.0,0.0,0.0,99.45652,95.41326,18.282364,33.991028,65.76577,0.0,7.7397175,0.74673307,38.135284,82.69352,0.0,25.014679,0.0,0.0,17.945038,0.0,0.0,9.756098,0.0,0.0,0.0
2020,0.0,0.0,9.815586,0.0,94.50878,61.338497,41.49215,0.0,0.0,20.007544,14.411935,94.67961,0.0,30.331861,75.757576,0.0,82.939384,5.7050323,99.94008,0.0,0.0,90.010376,0.0,0.0,61.63583,9.459889,1.8867925,77.874565,0.0,0.0,0.0,11.527756,0.90524167,18.29385,3.2458894,69.27176,30.454546,0.0,68.84422,0.0,19.536978,0.0,0.0,0.0,10.562269,0.0,0.0,8.576779,16.762241,0.0,0.0,4.1287613,32.067726,98.43769,3.6752954,85.22229,0.0,,26.877865,0.49342105,0.0,5.762565,0.0,0.0,6.6834784,0.0,37.542664,35.773262,25.268818,58.743034,100.0,0.0,0.0,0.0,64.53901,40.47569,0.0,0.0,0.080515295,0.0,0.0,63.66813,0.0,26.001513,0.0,26.03093,17.572475,4.72774,50.797623,79.54391,61.057037,0.0,67.567566,48.300278,57.943924,77.05314,40.497314,24.505203,0.0,0.5194805,0.0,0.0,0.0,28.139727,52.57235,0.0,0.0,0.0,73.32203,0.0,,0.0,36.170216,14.754099,36.363636,37.5,8.917526,94.17476,0.0,0.0,63.114754,21.348314,0.0,85.58139,37.220444,0.0,0.0,15.77287,0.0,0.0,0.0,0.0,30.85455,0.0,0.0,7.4626865,79.44737,0.0,59.462116,1.0432867,0.0,0.0,13.702423,95.6263,0.0,23.880497,34.237663,12.797075,35.233063,19.16462,20.0,11.002228,29.470371,0.0,34.24791,0.0,0.0,0.0,99.71659,17.134577,42.92163,23.595505,60.979263,0.0,0.82508254,95.798004,0.0,0.0,0.0,0.0,0.0,0.0,1.3717052,0.0,0.0,0.9756098,12.521922,3.4339845,0.06105752,0.0,0.0,42.08274,0.0,0.0,75.409836,64.51723,1.6417911,100.0,0.0,0.0,99.4583,95.74368,22.539736,36.44059,57.59898,0.0,9.601461,0.0,40.17061,83.93206,0.0,14.482673,0.0,0.0,14.204918,0.0,0.0,13.945578,0.0,0.0,0.0
2021,0.0,0.0,9.851631,0.0,86.70916,58.72021,43.782387,0.0,0.0,17.808935,15.895824,92.2634,0.0,22.658216,78.76106,0.0,72.98484,6.4591274,99.882034,0.0,0.0,78.03636,0.0,0.0,59.337624,13.253876,1.8867925,77.54386,0.0,0.0,0.0,12.669056,0.7925186,18.248594,3.364088,75.947136,27.229488,0.0,69.36275,0.0,16.311049,0.0,0.0,0.0,8.861469,0.0,0.0,8.737747,15.602162,0.0,0.0,4.6780076,35.9776,98.6215,3.5180573,83.84527,0.0,,26.408125,0.55632824,0.0,5.31133,0.0,0.0,6.0514126,0.0,37.5,39.8247,18.829115,62.5,100.0,0.0,0.0,0.0,66.43357,41.463863,0.0,0.0,0.06464124,0.0,0.0,61.457756,0.0,20.516214,0.0,26.731302,18.27321,3.56235,48.005066,84.78438,58.83281,0.0,69.66507,50.443096,58.390804,72.65918,37.285316,26.72923,0.0,1.1228534,0.0,0.0,0.0,29.705803,50.841583,0.0,0.0,0.0,76.487495,0.0,,0.0,28.372093,13.821138,36.41026,50.0,8.377725,92.79279,0.0,0.0,57.957573,28.02893,0.0,86.03603,39.43944,0.0,0.0,16.118769,0.0,0.0,0.0,0.0,34.792534,0.0,0.0,7.042254,79.33673,0.0,46.928806,0.19728887,0.0,0.0,10.677382,94.595894,0.0,23.154894,30.087784,13.129645,37.146866,17.664303,18.984547,8.84837,27.272728,0.0,31.63348,0.0,0.0,0.0,99.710365,16.922813,44.37156,22.0,60.04988,0.0,0.3003003,94.891556,0.0,0.0,0.0,0.0,0.0,0.0,2.8563805,0.0,0.0,0.9569378,14.713804,3.3354714,0.16882057,0.0,0.0,43.390144,0.0,0.0,67.60564,64.13586,1.496139,99.96479,0.0,0.0,99.460625,95.753426,32.737587,37.99952,61.96532,0.0,6.638363,0.062539086,38.019604,84.07055,0.0,14.204751,0.0,0.0,10.374196,0.0,0.0,21.575342,0.0,0.0,0.0
2022,0.0,0.0,9.647603,0.0,81.83419,52.637005,39.271255,0.0,0.0,18.62084,16.8501,93.33103,0.0,23.269373,73.73737,0.0,67.66748,4.077168,99.77578,0.0,0.061162077,79.07477,0.0,0.0,62.296486,6.2185273,2.7522933,77.50001,0.0,0.0,0.0,13.280219,0.615584,17.67355,3.1148043,72.48216,24.41718,0.0,73.17073,0.0,16.280472,0.0,0.0,0.0,12.460065,0.0,0.0,5.171384,13.944751,0.0,0.0,2.9151185,25.03383,98.63343,3.1457953,81.34373,0.0,,29.98433,0.67114097,0.0,1.3301926,0.0,0.0,9.763283,0.0,35.10972,38.77874,23.789474,61.283375,100.0,0.0,0.0,0.0,67.54967,37.04277,0.0,0.0,0.07418398,0.0,0.78740156,63.2687,0.0,24.893616,0.0,24.790386,17.002459,2.5408626,49.181793,85.38194,67.41371,0.0,68.97015,50.49434,53.229404,73.061584,36.40697,28.8409,0.0,0.8683068,0.0,0.0,0.0,28.226067,51.014183,0.0,0.0,0.0,76.046715,0.0,0.0,0.0,12.623762,8.333333,24.055666,51.02041,1.6662642,86.8668,0.0,0.0,56.486843,16.666666,0.0,84.34783,49.333336,0.0,0.0,15.644172,0.0,0.0,0.0,0.0,37.276043,0.0,0.0,6.329114,75.289474,0.0,39.853077,0.7908128,0.0,0.0,9.844678,93.51768,0.0,22.839998,26.888737,11.591836,43.439064,16.032999,19.825708,6.360582,27.085426,0.0,37.535072,0.0,0.0,0.0,99.741554,17.044209,45.173706,20.192308,61.301895,0.0,0.26666665,92.30499,0.0,0.0,0.0,0.0,0.0,0.0,4.161883,0.0,0.0,0.94786733,7.9125843,3.6676648,0.08668015,0.0,0.0,38.34661,0.0,0.0,72.22222,63.558243,1.3494649,99.96933,0.0,0.0,99.47368,95.84306,22.41702,39.661335,69.43867,0.0,6.3697658,0.0,39.35394,81.297455,0.0,14.703739,0.0,0.0,11.02184,0.0,0.0,17.821783,0.0,0.0,0.0
2023,,0.0,9.308806,0.0,72.06569,51.840473,43.005783,0.0,0.0,17.088352,10.596213,93.09041,0.0,22.262774,73.0,0.0,67.69028,4.836699,99.75118,,0.05927682,67.462135,0.0,0.0,63.232834,5.3113422,2.7272725,77.45975,0.0,0.0,,14.760182,0.54092526,15.387248,3.149173,68.733154,23.529413,0.0,73.69439,,17.916391,0.0,,0.0,13.211249,0.0,0.0,4.854241,15.649285,0.0,0.0,2.9664788,29.72313,98.65005,2.9868226,81.1847,0.0,,22.998857,0.34188035,0.0,0.8107112,0.0,,5.7651806,,35.10972,34.243843,23.958334,59.695347,100.0,0.0,0.0,,68.15287,32.72578,,,0.0,,0.74626863,63.230606,0.0,22.402786,,20.495497,17.69538,2.6865962,48.947704,84.52477,58.167545,0.0,71.38825,45.483032,,,34.24787,28.565105,0.0,0.94683176,0.0,,,27.32069,50.917377,0.0,0.0,0.0,76.046715,,,,11.132437,6.4748206,22.291994,,10.032973,81.980194,,0.0,57.74672,19.971056,0.0,85.53192,52.93889,0.0,0.0,15.644172,,,0.0,,36.863686,0.0,,6.25,77.11127,0.0,38.448666,0.9965479,,0.0,7.6607385,93.3126,0.0,22.517782,26.152304,21.678322,44.86252,13.780404,19.238901,10.027364,27.085426,,22.558996,0.0,,,99.7461,16.066725,44.848717,20.754719,62.678837,0.0,0.2484472,92.56804,,0.0,0.0,0.0,0.0,,5.0293593,0.0,,0.9345794,7.7209616,3.215434,0.096130736,0.0,0.0,,0.0,,71.739136,67.93007,1.388889,99.9704,0.0,0.0,99.47368,95.0681,20.788643,40.36648,73.952644,,7.8158255,0.0,42.45647,81.31148,0.0,14.62503,0.0,0.0,9.521053,0.0,0.0,17.91531,0.0,0.0,0.0
2024,,,,,68.26728,54.07664,39.819004,,,16.995356,9.052712,87.66655,,18.657413,,,61.54049,5.009426,,,0.066050194,59.50121,,,60.323883,6.4111853,,,,,,15.708408,0.4829076,11.59534,3.0072675,,,,,,16.832361,,,0.0,,,0.0,5.1081896,16.597815,,,2.538787,31.386585,,3.060606,81.70001,,,18.684689,0.32948926,,0.7894737,,,3.4245963,,,29.915049,19.845722,,,,,,,37.585182,,,,,,,,21.614584,,18.727083,17.631111,2.7761307,49.012627,80.16659,,,,44.001057,,,33.902966,27.844131,0.0,1.1862396,0.0,,,28.673857,51.08373,,,,,,,,10.382513,5.1282053,25.696594,,10.079818,82.53359,,,60.819862,22.413792,,82.80543,49.837925,0.0,0.0,,,,,,36.681465,,,,76.97483,,36.001633,1.088906,,,9.604138,93.05652,0.0,22.026627,24.868681,,39.51449,14.102971,,12.056405,23.344017,,11.768516,,,,99.76125,18.61521,44.430046,,63.34132,,,92.14897,,,,0.0,,,5.845906,,,,9.171497,3.5294118,0.092597954,,,,,,,68.33876,1.9902697,,,,,95.0072,18.54522,43.25299,,,7.1006594,0.0,42.506485,,,,,,7.0610127,,,,0.0,,
