Date,ABW,AFG,AGO,AND,ARE,ARG,ARM,ASM,ATG,AUS,AUT,AZE,BDI,BEL,BEN,BFA,BGD,BGR,BHR,BHS,BIH,BLR,BLZ,BMU,BOL,BRA,BRB,BRN,BTN,BWA,CAF,CAN,CHE,CHL,CHN,CIV,CMR,COD,COG,COL,COM,CPV,CRI,CUB,CUW,CYM,CYP,CZE,DEU,DJI,DMA,DNK,DOM,DZA,ECU,EGY,ERI,ESP,EST,ETH,FIN,FJI,FRA,FRO,FSM,GAB,GBR,GEO,GHA,GIN,GMB,GNB,GNQ,GRC,GRD,GRL,GTM,GUM,GUY,HKG,HND,HRV,HTI,HUN,IDN,IMN,IND,IRL,IRN,IRQ,ISL,ISR,ITA,JAM,JOR,JPN,KAZ,KEN,KGZ,KHM,KIR,KNA,KOR,KWT,LAO,LBN,LBR,LBY,LCA,LIE,LKA,LSO,LTU,LUX,LVA,MAC,MAF,MAR,MCO,MDA,MDG,MDV,MEX,MHL,MKD,MLI,MLT,MMR,MNE,MNG,MNP,MOZ,MRT,MUS,MWI,MYS,NAM,NCL,NER,NGA,NIC,NLD,NOR,NPL,NRU,NZL,OMN,OWID_CIS,OWID_KOS,OWID_WRL,PAK,PAN,PER,PHL,PLW,PNG,POL,PRI,PRT,PRY,PSE,PYF,QAT,ROU,RUS,RWA,SAU,SDN,SEN,SGP,SLB,SLE,SLV,SMR,SOM,SRB,SSD,STP,SUR,SVK,SVN,SWE,SWZ,SXM,SYC,SYR,TCA,TCD,TGO,THA,TJK,TKM,TLS,TON,TTO,TUN,TUR,TUV,TZA,UGA,UKR,URY,USA,UZB,VCT,VEN,VIR,VNM,VUT,WSM,YEM,ZAF,ZMB,ZWE
2000,7.62,,3.05,3.53,10.85,-0.79,5.9,,6.2,3.92,3.38,11.1,-0.86,3.72,5.86,1.89,5.29,4.59,5.3,4.15,12.77,5.8,12.24,9.32,2.51,4.39,4.45,2.85,3.36,1.99,-2.49,5.14,3.96,4.97,8.49,-0.27,3.83,-6.91,7.58,2.92,10.85,14.28,3.87,5.91,,,5.97,4.0,2.91,,2.34,3.75,4.66,3.8,1.09,6.37,-3.14,5.25,10.09,6.07,5.77,-1.7,3.92,,4.83,-1.88,4.32,1.84,3.7,2.5,5.5,5.43,18.21,3.92,4.89,7.1,3.61,,-1.36,7.66,7.29,2.96,0.87,4.48,4.92,5.3,3.84,9.4,5.85,16.92,4.99,8.67,3.79,0.88,4.25,2.76,9.8,0.6,5.44,9.99,6.25,10.04,9.06,4.69,5.8,1.34,,3.68,0.05,3.22,6.0,3.88,3.7,6.94,5.68,5.75,,2.58,3.91,2.11,4.46,3.85,5.03,1.35,4.55,-0.06,19.68,13.75,3.1,1.15,,0.77,-3.92,8.2,1.58,8.86,3.49,2.1,-1.21,5.02,4.1,4.2,3.32,6.2,,2.87,6.55,,,4.52,4.26,2.72,2.69,4.38,,-2.49,4.56,3.27,3.82,-2.31,-8.56,3.25,,2.46,10.0,8.37,5.63,6.35,3.89,9.04,-14.28,6.65,1.13,2.18,,6.13,,,2.1,1.17,3.67,4.77,1.76,,4.25,0.68,,-0.88,-0.78,4.46,8.32,5.47,,0.88,6.9,4.71,6.93,-0.97,4.52,3.14,5.9,-1.93,4.08,3.84,1.64,3.69,,6.79,5.92,5.09,6.18,4.2,3.9,-3.06
2001,4.18,,4.21,8.12,1.4,-4.41,9.6,,-4.55,2.03,1.27,9.9,2.06,1.1,5.33,6.61,5.08,3.82,2.49,2.63,2.42,4.73,4.99,7.22,1.68,1.39,-2.37,2.74,8.35,0.25,4.46,1.88,1.58,3.15,8.34,-2.15,4.32,-2.1,3.8,1.68,2.33,2.23,3.49,3.19,-0.7,,3.95,3.04,1.68,,-0.06,0.82,2.46,3.0,4.02,3.54,8.76,3.93,6.0,8.3,2.61,2.0,1.98,,2.17,2.14,2.58,4.81,4.0,3.66,5.8,2.19,63.38,4.13,-2.02,1.27,2.33,,2.28,0.56,2.72,3.12,-0.34,4.07,3.64,5.4,4.82,5.31,2.39,1.76,4.01,0.33,1.95,1.34,5.27,0.39,13.5,3.78,5.32,8.15,-1.47,5.25,4.85,0.21,5.75,3.84,2.92,-1.76,-3.41,-0.73,-1.55,3.56,6.53,3.07,6.32,2.89,,7.72,2.19,6.1,5.98,-3.94,-0.45,6.83,-3.07,15.38,-1.17,11.34,1.1,2.95,,12.85,-0.8,3.35,-4.97,0.52,1.18,,7.27,5.92,2.96,2.33,2.07,4.8,,3.41,4.48,,,2.05,3.65,0.57,0.62,3.05,6.44,-0.12,1.26,6.31,1.94,-0.83,-9.31,-0.34,3.9,5.22,5.1,8.48,-1.21,6.5,4.31,-1.07,-7.96,-6.35,0.88,5.58,,6.88,,,4.2,3.25,3.22,1.45,1.05,,-2.27,1.05,,11.66,0.82,3.44,9.58,4.34,16.35,3.75,4.17,3.8,-5.75,0.0,6.07,5.18,8.8,-3.84,0.95,4.16,1.75,3.39,,6.19,-3.4,7.39,3.8,2.7,5.32,1.44
2002,-0.94,,13.67,4.55,2.43,-10.89,13.2,,1.03,3.98,1.65,9.44,4.45,1.71,4.64,4.35,3.83,5.87,3.35,2.7,5.03,5.05,5.4,-1.48,2.49,3.05,0.79,3.87,10.99,6.07,3.62,3.0,-0.07,3.2,9.13,-2.73,4.48,2.95,4.58,2.5,2.32,5.25,3.42,1.42,0.4,,3.72,1.57,-0.2,,-2.83,0.47,4.5,5.6,4.1,2.39,3.01,2.73,6.77,1.51,1.71,3.2,1.14,,0.55,-0.25,1.79,5.47,4.5,5.16,-3.25,-0.99,19.46,3.92,3.44,-0.97,3.84,,1.13,1.66,3.75,5.82,1.05,4.74,4.5,6.2,3.8,5.9,8.08,-8.2,0.56,-0.11,0.25,2.0,5.78,0.04,9.8,0.55,-0.02,6.58,3.79,1.37,7.73,3.01,5.92,3.42,3.76,-0.96,0.42,-0.99,3.96,0.72,6.75,3.23,7.09,8.91,,3.73,1.03,7.8,-12.41,7.27,-0.24,3.74,1.49,3.11,2.57,12.03,1.9,4.73,,9.67,1.38,1.61,1.7,5.39,4.79,,4.92,15.33,0.75,0.22,1.38,0.12,,4.71,-1.1,,,2.28,2.59,2.23,5.45,3.72,3.58,-0.16,2.04,0.92,0.77,-0.02,-12.49,0.85,7.18,5.7,4.7,13.19,-2.82,6.01,0.07,3.92,-2.8,26.52,1.57,0.31,,6.38,,3.36,2.8,4.51,3.51,2.2,4.38,,1.21,3.95,,8.49,3.83,6.15,10.8,0.26,-6.7,4.85,7.94,1.32,6.45,9.52,7.09,8.73,5.34,-7.73,1.7,3.97,5.34,-8.86,,6.32,-5.2,5.65,3.94,3.7,4.51,-8.89
2003,1.11,8.83,2.99,8.69,8.8,8.84,14.0,0.97,6.08,3.09,0.94,10.21,-1.22,1.04,3.44,7.8,4.74,5.24,6.3,-1.26,3.87,7.04,9.67,3.41,2.71,1.14,2.18,2.9,7.82,4.63,-5.4,1.81,-0.03,4.72,10.04,-4.73,5.45,5.58,0.81,3.92,2.1,4.18,4.32,3.79,0.29,,2.62,3.58,-0.7,,6.35,0.39,-1.35,7.2,2.72,3.19,-2.66,2.98,7.6,-2.16,2.0,1.0,0.82,,1.57,2.25,3.15,11.06,5.2,1.25,6.87,0.57,13.96,5.79,9.46,4.43,2.56,0.88,-0.63,3.06,4.55,5.6,3.48,4.07,4.78,6.0,7.86,3.01,8.64,-36.66,2.14,1.39,0.14,3.67,4.16,1.54,9.3,2.93,7.03,8.51,2.01,-3.93,3.15,17.33,6.07,3.23,-30.15,13.02,4.26,-1.94,5.94,4.56,10.57,2.62,8.42,11.64,,6.17,1.09,6.6,9.78,13.75,1.19,-1.62,2.22,9.12,4.07,13.84,2.48,7.0,0.34,7.22,6.93,5.93,5.71,5.79,4.24,,2.17,7.35,2.52,0.16,0.94,3.95,,4.73,-2.67,,,3.1,5.4,4.21,4.17,5.09,-3.26,2.16,3.5,0.05,-0.93,4.32,14.02,2.13,3.72,2.34,7.3,2.2,11.24,6.29,5.59,4.55,6.52,9.48,1.57,3.87,,4.39,,8.29,6.3,5.5,2.96,2.31,3.88,,-5.89,7.2,,14.72,6.72,7.19,11.0,3.27,-2.18,2.31,14.44,4.7,5.76,-4.35,6.67,6.47,9.52,0.81,2.8,4.23,6.69,-7.76,-0.4,6.9,4.29,5.21,3.75,2.95,6.94,-17.0
2004,7.29,1.41,10.95,8.14,9.57,9.03,10.5,0.41,5.77,4.22,2.74,9.25,4.83,3.57,4.43,4.48,5.24,6.51,6.98,0.88,6.33,11.45,4.78,2.32,4.17,5.76,1.41,0.5,6.01,2.71,5.99,3.09,2.7,6.67,10.11,3.19,7.05,6.74,3.48,5.33,1.92,10.2,4.42,5.77,0.21,,5.03,4.81,1.18,,3.05,2.67,2.57,4.3,8.21,4.09,1.45,3.12,6.8,13.57,3.99,5.3,2.83,,-3.08,0.69,2.43,5.79,5.6,2.34,7.05,2.76,38.0,5.06,-0.65,6.91,3.14,6.49,1.56,8.7,6.23,4.18,-1.32,5.0,5.03,5.2,7.92,6.79,4.34,53.38,7.8,4.78,1.42,1.32,8.57,2.19,9.6,5.1,7.03,10.34,-1.63,4.0,5.2,10.24,6.36,6.68,2.62,4.46,7.27,3.04,5.45,1.69,6.57,4.23,8.28,26.63,,4.57,2.47,7.4,5.26,5.82,3.57,1.39,4.67,1.56,0.14,13.56,4.43,10.63,-3.08,8.2,4.73,4.33,5.42,6.78,12.27,,0.36,9.25,5.31,1.98,4.01,4.68,,4.09,1.29,,,4.46,7.83,7.52,4.96,6.57,4.86,2.72,4.98,8.75,1.79,4.06,21.93,0.97,19.22,10.43,7.2,7.45,7.96,5.14,4.64,9.94,7.68,6.48,0.89,4.55,,9.03,,3.54,8.5,5.28,4.36,4.34,3.62,,-2.85,6.9,,33.63,-0.98,6.29,10.3,5.0,0.4,-2.41,7.95,6.24,9.8,-2.27,7.5,6.81,11.8,5.0,3.85,7.45,4.11,18.29,3.29,7.54,3.99,3.09,3.97,4.55,7.03,-5.81
2005,-0.38,11.23,15.03,5.4,4.86,8.85,13.9,-0.41,6.47,3.15,2.24,27.96,0.9,2.32,1.71,8.66,6.54,7.06,6.77,3.4,3.9,9.4,2.22,1.67,4.42,3.2,3.96,0.39,7.29,4.56,0.91,3.21,2.75,5.84,11.39,1.0,2.23,6.14,7.76,4.83,2.84,6.91,3.98,11.2,0.68,,4.85,6.6,0.73,,0.66,2.34,9.43,5.9,5.29,4.47,2.57,3.65,9.53,11.82,2.78,0.7,1.66,,2.04,2.68,2.74,9.59,5.9,3.0,-2.35,4.27,16.75,0.6,13.28,4.99,3.28,3.64,-1.95,7.39,6.05,4.31,3.07,4.29,5.69,5.9,7.92,5.74,3.19,1.67,6.12,4.13,0.82,0.89,8.15,1.8,9.7,5.91,-0.18,13.25,4.95,9.73,4.31,10.61,7.11,2.69,5.28,11.87,-0.41,4.83,6.24,3.47,7.73,2.48,10.72,8.08,,3.19,1.88,7.5,4.76,-11.22,2.11,1.78,4.72,6.53,3.38,13.57,4.18,7.25,-12.7,6.31,8.57,1.78,3.27,5.33,2.53,,7.33,6.44,4.28,2.05,2.69,3.48,-7.84,3.35,2.49,,,4.0,7.28,7.19,6.29,4.94,3.96,6.34,3.51,-1.99,0.78,2.13,11.29,0.31,7.49,4.67,6.4,9.38,5.57,5.64,4.31,7.37,7.36,4.35,2.68,2.43,,5.53,,6.61,4.5,6.62,3.8,2.86,6.0,,9.01,6.22,,17.33,-4.67,4.19,6.7,13.03,2.98,0.08,6.21,3.49,8.99,-4.65,7.48,6.33,3.07,7.46,3.48,6.95,2.49,10.32,3.49,7.55,5.31,6.64,5.59,5.28,7.24,-5.71
2006,1.13,5.36,11.55,4.81,9.84,8.05,13.2,-4.1,12.71,2.76,3.45,34.5,5.41,2.55,3.94,6.25,6.67,6.8,6.47,2.52,5.41,10.0,4.51,5.54,4.8,3.96,6.05,4.4,7.0,8.36,4.77,2.64,4.07,6.05,12.72,2.82,3.81,5.32,7.99,6.72,2.65,7.98,7.33,12.07,1.64,,4.71,6.77,3.82,,4.66,3.91,9.17,1.7,4.4,6.84,-0.97,4.1,9.77,10.83,4.03,1.85,2.45,,-0.08,-2.81,2.39,9.42,6.4,1.19,-0.56,2.31,7.7,5.65,-4.0,5.56,5.35,-3.65,5.13,7.03,6.57,5.08,1.77,3.95,5.5,7.7,8.06,4.99,5.0,5.65,6.32,5.58,1.79,2.9,8.09,1.37,10.7,6.47,3.1,10.77,-0.05,3.15,5.26,7.51,8.62,1.55,8.04,6.5,6.2,8.64,7.67,4.23,7.41,6.02,11.97,13.39,,7.79,5.79,4.8,5.4,23.61,4.81,0.22,5.14,4.66,2.51,13.08,8.57,8.56,-6.87,9.91,18.33,4.87,4.7,5.58,7.07,,5.93,6.06,4.15,3.46,2.46,3.36,-8.51,2.8,5.37,,,4.43,6.05,8.65,7.53,5.32,-0.41,5.41,6.13,-1.41,1.63,4.81,-1.0,0.89,26.17,8.03,8.2,9.23,2.79,6.53,2.33,9.01,4.14,4.28,4.34,3.83,,5.11,,8.87,5.79,8.49,5.75,4.66,5.99,,9.41,5.05,,0.65,2.65,4.97,7.0,10.97,-4.12,-0.15,13.21,5.24,6.95,2.44,6.53,10.78,7.57,4.1,2.78,7.45,7.0,9.87,3.5,6.98,8.46,2.13,3.17,5.6,7.9,-3.46
2007,3.09,13.83,14.01,1.55,3.18,9.01,13.7,1.85,9.32,3.77,3.73,25.0,3.45,3.68,5.99,4.11,7.06,6.65,8.29,1.45,5.86,8.6,3.3,3.35,4.56,6.07,2.08,0.15,18.36,5.79,4.61,2.05,3.92,5.17,14.23,1.1,4.33,6.26,-6.61,6.74,0.8,15.17,8.22,7.26,2.47,3.16,5.1,5.57,2.98,,6.35,0.91,7.42,3.4,2.19,7.09,1.43,3.6,7.58,11.46,5.3,-0.85,2.42,,-1.84,6.01,2.62,12.58,4.35,6.82,3.04,3.26,15.28,3.27,6.12,2.35,6.34,0.72,7.19,6.46,6.19,5.08,4.71,0.28,6.35,7.5,7.66,5.31,8.16,1.89,8.45,6.03,1.49,1.43,8.18,1.48,8.9,6.85,8.54,10.21,2.03,0.6,5.8,5.99,7.6,9.31,9.54,6.23,1.69,3.33,6.8,4.19,11.11,8.1,9.94,14.48,,3.44,14.44,3.0,5.71,7.12,2.08,3.42,6.47,3.49,4.77,11.99,6.81,10.25,-6.68,7.65,-1.97,5.73,9.6,6.3,5.37,,3.14,6.59,5.08,3.77,2.91,3.41,-6.98,3.07,4.45,,,4.36,4.44,11.98,8.52,6.52,2.02,7.82,7.06,-1.16,2.51,5.42,3.79,1.7,17.99,7.23,8.5,7.63,1.85,5.74,2.83,9.02,3.64,7.98,1.85,7.11,,6.44,,3.64,5.11,10.83,6.98,3.44,4.44,,8.88,5.67,,3.27,-1.18,5.44,7.8,11.06,10.27,0.27,4.75,6.71,5.04,7.14,6.77,8.41,8.22,6.54,2.01,9.47,3.32,8.75,4.01,7.13,2.88,0.49,3.34,5.36,8.35,-3.65
2008,1.84,3.92,11.17,-5.56,3.19,4.06,6.9,-2.66,-0.01,3.59,1.46,10.76,4.86,0.45,4.9,5.8,6.01,6.13,6.25,-2.32,5.44,10.2,-1.54,-1.87,6.15,5.09,0.65,-1.94,4.8,3.25,2.05,1.0,2.81,3.79,9.65,4.78,2.85,6.23,6.31,3.28,3.96,7.04,4.74,4.12,2.19,-0.36,3.65,2.69,0.96,,7.12,-0.51,3.21,2.4,6.36,7.16,-9.78,0.89,-5.13,10.79,0.78,1.03,0.25,,-2.41,-3.31,-0.23,2.42,9.15,4.13,6.26,3.2,17.8,-0.34,0.95,6.17,3.29,2.03,1.76,2.13,4.23,2.01,2.66,1.0,6.01,4.9,3.09,-4.48,0.25,8.23,2.21,3.25,-0.96,-0.81,7.22,-1.22,3.3,0.23,8.4,6.69,-2.09,11.18,3.01,2.48,7.82,9.07,7.15,-0.16,4.95,1.8,5.95,5.52,2.61,-0.3,-3.25,3.39,,5.68,0.74,7.8,6.71,8.98,0.94,-7.65,5.47,4.77,3.83,10.26,7.22,8.9,-11.07,6.88,-0.33,5.39,7.64,4.83,2.65,,7.73,6.76,3.44,2.17,0.48,6.1,65.0,-1.21,8.2,,,2.07,2.12,9.86,9.13,4.34,-5.78,-0.3,4.2,-1.84,0.32,6.5,7.43,0.01,17.66,9.31,5.2,11.16,6.25,3.85,3.7,1.86,6.23,5.44,2.15,-0.5,,5.66,,6.23,4.14,5.57,3.51,-0.45,0.82,,-2.73,4.48,,3.05,4.04,1.73,7.9,14.7,11.39,4.75,3.39,4.24,0.82,6.67,5.69,8.71,2.24,7.18,0.12,9.03,0.4,5.28,1.22,5.66,5.6,3.56,3.65,3.19,7.77,-17.67
2009,-11.68,21.39,0.86,-5.3,-5.24,-5.92,-14.1,-4.17,-11.96,1.89,-3.76,9.3,3.81,-2.02,2.32,2.96,5.05,-3.35,2.54,-4.18,-3.0,0.2,-0.45,-5.63,3.36,-0.13,-5.04,-1.76,6.75,-14.14,8.59,-2.92,-2.3,-1.12,9.4,3.6,2.58,2.86,11.64,1.14,3.24,-1.5,-0.87,1.45,-0.53,-7.2,-2.02,-4.66,-5.69,,-1.17,-4.91,0.95,1.6,0.57,4.67,3.88,-3.76,-14.63,8.8,-8.07,-1.39,-2.87,-4.3,1.09,0.13,-4.61,-3.65,4.84,-1.12,6.67,3.37,1.34,-4.3,-6.61,0.87,0.48,0.44,3.61,-2.46,-2.43,-7.22,5.89,-6.6,4.63,2.1,7.86,-5.1,1.01,3.38,-7.66,0.88,-5.28,-4.35,5.02,-5.69,1.2,3.31,2.89,0.09,0.8,-3.38,0.79,-7.08,7.5,10.23,5.3,-4.4,-2.83,-1.16,3.54,-1.25,-14.84,-3.24,-14.26,1.27,,3.75,-11.33,-6.0,-3.98,-8.16,-6.3,3.7,-0.36,4.81,-1.13,10.55,-5.8,-1.27,-17.57,5.93,0.1,3.32,8.33,-1.51,0.3,,1.96,8.04,-3.29,-3.67,-1.94,4.53,-6.06,-0.11,6.11,,5.03,-1.36,3.47,1.24,1.1,1.45,-6.59,6.8,2.83,-1.95,-3.12,-0.26,8.59,-4.23,11.96,-5.52,-7.8,6.25,-2.06,-2.77,2.75,0.13,2.86,3.21,-2.11,-10.32,,-2.73,5.04,3.3,3.01,-5.46,-7.55,-4.34,1.57,,-2.48,5.91,,4.22,5.45,-0.69,3.9,6.1,10.15,-5.2,-4.39,3.04,-4.82,-6.25,5.27,6.8,-15.14,4.24,-2.6,8.05,-1.38,-3.2,-6.59,5.4,3.04,-0.54,3.87,-1.54,9.22,12.02
2010,-2.73,14.36,4.4,-1.97,1.6,10.13,2.2,0.3,-7.84,2.23,1.84,5.05,5.12,2.86,2.11,8.45,5.57,1.56,4.33,1.54,0.87,7.8,1.24,-2.5,4.13,7.53,-2.27,2.6,11.95,10.12,4.63,3.09,3.24,5.85,10.64,6.85,2.9,7.11,9.93,4.49,3.78,1.84,5.36,2.39,0.08,-2.72,2.01,2.43,4.18,,0.67,1.87,8.34,3.6,3.53,5.15,2.19,0.16,2.44,12.55,3.19,2.95,1.95,-0.58,2.26,7.09,2.24,6.23,7.9,4.81,5.91,4.61,-8.92,-5.48,-0.51,1.74,2.88,2.26,4.14,6.77,3.73,-1.24,-5.65,1.08,6.22,3.4,8.5,1.68,5.8,6.4,-2.83,5.67,1.71,-1.46,2.31,4.1,7.3,8.06,-0.47,5.96,-1.12,0.04,6.8,-2.37,8.53,7.98,6.1,5.03,0.33,,8.02,5.27,1.65,3.76,-4.46,25.12,,3.5,2.07,7.1,0.62,6.84,4.97,5.45,3.36,5.31,5.54,9.63,2.73,6.37,1.4,6.68,2.62,4.38,6.87,7.42,6.04,,8.58,8.01,4.41,1.34,0.79,4.82,-1.61,1.47,1.71,,4.94,4.49,1.5,5.83,8.33,7.33,0.22,10.13,2.93,-0.41,1.74,11.1,5.78,-2.47,19.59,-3.9,4.5,7.33,5.04,3.86,3.39,14.52,9.71,6.64,2.15,-5.47,,0.73,5.49,1.45,5.17,6.72,1.34,5.95,3.79,3.2,4.51,5.19,,13.55,5.85,7.51,6.5,9.2,9.33,0.8,3.32,2.97,8.43,-2.22,6.34,5.64,4.09,7.8,2.71,7.6,-4.47,-1.49,0.6,6.42,1.26,6.12,7.7,3.04,10.3,21.45
2011,3.37,0.43,3.47,-0.01,6.22,6.0,4.7,0.0,-1.96,2.41,2.92,0.1,4.03,1.69,2.96,6.62,6.46,2.09,1.98,0.61,0.96,5.38,-0.3,-3.74,5.2,3.97,-0.75,3.75,7.98,6.84,4.19,3.14,1.81,6.22,9.55,-5.37,3.38,6.87,2.21,6.95,4.14,3.92,4.4,2.8,0.51,1.17,0.4,1.76,3.93,,-0.22,1.34,3.13,2.9,7.87,1.76,8.68,-0.81,7.26,11.18,2.55,2.71,2.19,3.71,3.19,7.09,1.15,7.36,14.05,5.61,-8.13,8.08,6.52,-10.15,0.76,-0.5,4.16,0.08,5.2,4.81,3.84,-0.08,5.1,1.87,6.17,2.0,5.24,1.28,2.65,7.55,1.85,5.56,0.71,1.73,2.74,0.02,7.4,5.12,5.96,7.07,1.76,1.62,3.69,9.63,8.04,0.87,8.2,-50.34,4.33,,8.67,4.62,6.04,1.04,2.57,21.62,,5.52,7.02,5.82,1.58,8.57,3.44,-0.21,2.34,3.21,0.47,5.59,3.23,17.29,-7.38,7.13,4.17,4.08,4.93,5.29,5.09,,2.36,5.31,6.32,1.55,1.11,3.42,9.84,2.22,2.89,,6.32,3.31,2.68,11.31,6.33,3.86,6.68,1.11,5.04,-0.36,-1.7,4.29,9.6,-2.96,13.38,4.52,4.3,7.96,10.99,-3.21,1.33,6.21,7.43,6.01,3.77,-8.31,,2.04,-4.64,2.0,5.85,2.67,0.86,3.2,2.25,4.6,9.51,2.85,,0.08,5.82,0.84,7.4,14.7,5.96,6.82,-0.29,-2.05,11.2,6.82,7.67,9.39,5.45,5.16,1.55,7.53,-0.61,4.18,-8.2,6.41,3.14,3.85,-12.71,3.17,5.56,14.62
2012,-1.04,12.75,8.54,-4.97,1.82,-1.03,7.2,-4.33,1.44,3.92,0.68,2.17,4.45,0.74,4.81,6.45,6.52,0.75,3.73,3.09,-0.82,1.69,3.66,-5.31,5.12,1.92,-0.31,0.91,5.12,-0.17,5.05,1.76,1.18,6.16,7.86,7.62,4.63,7.09,9.95,3.91,3.17,1.08,4.88,3.01,-0.35,1.23,-3.45,-0.79,0.42,,-1.06,0.23,2.72,3.4,5.64,2.23,,-2.96,3.23,8.65,-1.4,1.41,0.31,7.02,-1.87,5.25,1.51,6.42,9.29,5.92,5.24,-1.71,8.31,-7.09,-1.15,1.39,2.97,2.13,5.28,1.7,4.13,-2.34,0.5,-1.25,6.03,7.3,5.46,-0.13,-3.75,13.94,1.06,2.59,-2.98,-0.61,2.43,1.37,4.8,4.57,-0.09,7.31,5.14,-0.53,2.4,6.63,8.03,2.56,7.99,86.83,-0.11,,8.63,6.33,3.84,1.65,7.04,9.24,,3.06,1.01,-0.59,3.01,2.36,3.55,-1.31,-0.46,-0.84,4.12,7.33,-2.72,12.32,0.81,7.99,4.47,3.5,1.9,5.47,5.06,,10.55,4.23,6.5,-1.03,2.72,4.67,31.34,2.27,8.86,,1.71,2.7,3.03,9.78,6.14,6.9,1.67,4.66,1.55,0.03,-4.06,-0.71,6.1,-0.93,4.73,1.92,4.02,8.64,5.43,-17.0,4.0,4.44,2.47,15.2,2.89,-7.04,,-0.68,-46.08,2.94,2.69,1.32,-2.64,-0.59,5.4,1.39,3.11,-26.34,-0.97,8.88,6.3,7.24,7.5,11.1,4.86,0.82,7.45,4.22,4.79,-2.13,4.5,3.84,0.15,3.54,2.28,7.1,1.17,5.63,-14.81,5.5,1.01,-3.73,2.39,2.4,7.6,15.74
2013,6.43,5.6,4.95,-3.55,5.06,2.41,3.3,-2.5,0.49,2.61,0.03,5.81,4.92,0.46,7.19,5.79,6.01,-0.54,5.42,-2.86,2.35,1.0,4.44,-0.28,6.8,3.0,-1.3,-2.13,2.12,11.1,-36.39,2.33,1.79,3.31,7.77,10.76,5.0,8.48,-0.71,5.13,4.47,0.63,2.49,2.75,-0.64,1.28,-6.55,-0.05,0.44,,-1.0,0.93,4.88,2.8,4.95,2.19,,-1.4,1.46,10.58,-0.9,4.73,0.58,5.85,-3.68,5.64,1.79,3.62,7.31,3.95,2.87,3.26,-4.13,-2.52,2.35,-1.3,3.69,1.69,3.65,3.1,2.79,-0.4,4.32,1.8,5.56,4.14,6.39,1.17,-1.52,7.63,4.55,4.42,-1.84,0.52,2.61,2.01,6.0,3.8,10.92,7.36,4.16,5.71,3.16,1.15,8.03,3.83,8.69,-18.0,-2.01,,4.05,1.79,3.55,3.17,2.01,10.75,,4.12,9.58,9.04,2.3,6.96,0.85,3.61,2.93,2.3,5.47,8.43,3.55,11.65,2.68,6.57,4.15,3.36,5.41,4.69,5.61,,5.32,6.67,4.93,-0.13,1.02,3.53,4.55,2.76,5.23,,5.34,2.8,4.37,6.9,5.85,6.75,-3.39,3.82,0.86,-0.31,-0.92,8.29,4.7,0.4,5.56,0.27,1.76,4.72,2.85,1.96,2.41,4.82,5.24,21.08,2.18,-0.78,,2.89,13.13,5.12,2.93,0.63,-1.03,1.19,3.86,1.31,1.25,-26.3,1.07,5.7,5.82,2.69,7.4,10.2,3.1,0.31,3.53,2.43,8.49,4.35,6.78,3.59,0.05,4.64,1.84,7.3,2.46,1.34,-6.29,5.55,0.46,0.11,4.82,2.49,5.06,3.2
2014,-1.59,2.72,4.82,2.5,4.17,-2.51,3.6,1.76,2.21,2.61,0.66,2.75,4.24,1.58,6.36,4.33,6.06,0.95,4.35,1.85,1.15,1.73,4.01,-3.7,5.46,0.5,0.0,-2.51,5.78,5.69,0.08,2.87,2.35,1.79,7.43,9.37,5.72,9.47,6.65,4.5,2.11,0.7,3.54,1.05,-0.64,2.65,-1.83,2.26,2.21,7.06,4.75,1.62,7.05,3.8,3.79,2.92,,1.4,3.01,10.26,-0.36,5.6,0.96,5.43,-2.31,4.31,3.2,4.44,2.86,3.7,-1.41,0.96,0.42,0.48,7.34,4.74,4.44,1.79,1.69,2.76,3.06,-0.43,2.89,4.23,5.01,5.16,7.41,8.83,4.98,0.2,1.69,3.92,0.0,0.69,3.38,0.3,4.2,5.02,4.02,7.14,-1.1,7.58,3.2,0.5,7.61,2.48,0.7,-23.04,1.33,,6.38,1.71,3.54,2.62,1.9,-2.05,,2.72,7.19,5.0,3.34,7.8,2.5,-1.16,3.63,7.08,7.63,7.99,1.78,7.89,4.18,7.7,4.27,3.83,5.63,6.01,6.09,,6.64,6.31,4.79,1.42,2.05,6.01,15.22,3.81,1.29,,3.35,3.06,4.12,5.07,2.38,6.35,6.29,13.54,3.84,-1.19,0.79,5.3,-0.16,0.59,5.33,4.12,0.74,6.17,4.03,4.66,6.22,3.94,1.19,4.56,1.73,-0.7,7.53,-1.59,3.37,4.91,0.26,2.7,2.77,2.66,0.92,1.58,4.06,-10.31,8.71,6.9,5.63,0.98,6.7,10.3,4.47,2.02,3.85,3.09,4.94,0.0,6.73,5.11,-10.08,3.24,2.29,6.87,1.15,-3.89,-1.77,6.42,3.14,0.66,-0.19,1.41,4.7,1.48
2015,-0.62,1.45,0.94,1.43,6.79,2.73,3.2,3.15,1.45,2.2,1.01,1.09,-3.9,2.04,1.78,3.92,6.55,3.4,2.49,1.0,4.31,-3.83,3.23,0.78,4.86,-3.55,2.43,-0.39,6.64,-4.85,4.34,0.65,1.64,2.15,7.04,7.19,5.67,6.92,0.42,2.96,1.15,0.94,3.65,4.44,0.46,2.83,3.38,5.39,1.49,7.53,-2.73,2.34,6.93,3.7,0.1,4.37,,3.84,1.85,10.39,0.54,4.5,1.11,0.98,4.62,3.88,2.22,3.03,2.12,3.83,4.06,6.13,-9.11,-0.2,6.45,-2.53,4.09,0.83,0.69,2.39,3.84,2.52,1.4,3.71,4.88,-0.39,8.0,24.48,-1.42,4.72,4.44,2.49,0.78,0.92,2.5,1.56,1.2,4.97,3.88,6.97,9.87,0.71,2.81,0.59,7.27,0.46,-0.02,-0.84,0.1,,4.21,3.12,2.02,2.27,3.89,-21.51,1.0,4.34,4.86,-0.34,3.13,3.97,2.7,2.1,3.86,6.17,9.61,6.99,3.39,2.38,3.38,7.39,5.38,3.69,2.8,5.09,4.26,,4.39,2.65,4.79,1.96,1.86,3.98,-5.66,3.74,5.02,,5.92,3.08,4.22,5.73,3.25,6.35,7.54,6.58,4.38,-1.05,1.79,2.96,3.72,1.67,4.75,3.16,-1.97,8.86,4.69,1.91,6.37,2.98,1.68,-20.49,2.4,2.29,9.95,1.81,-10.79,1.54,-3.41,5.17,2.21,4.49,2.23,0.11,4.19,-4.18,11.31,2.77,5.47,3.13,6.02,6.5,2.8,1.17,-0.78,0.97,6.08,10.42,6.16,5.19,-9.77,0.37,2.71,7.22,2.79,,-0.43,6.99,0.37,3.85,-27.99,1.32,2.92,2.02
2016,1.72,2.26,-2.58,3.71,5.56,-2.08,0.2,-1.68,4.1,2.78,1.99,-3.1,-0.6,1.27,3.34,5.96,7.11,3.03,3.56,-0.76,3.24,-2.53,-0.01,-0.66,4.26,-3.28,2.54,-2.48,8.13,7.2,4.75,1.04,2.07,1.75,6.85,7.17,4.54,2.4,-8.69,2.09,3.32,4.28,4.2,0.51,-1.07,3.24,6.45,2.54,2.23,7.12,2.76,3.25,6.66,3.2,-1.23,4.35,,3.04,3.16,9.43,2.81,2.45,1.1,1.47,0.9,2.09,1.92,2.91,3.37,10.82,1.94,6.26,-8.82,-0.49,3.74,4.68,2.68,0.18,3.81,2.18,3.89,3.56,1.81,2.2,5.03,6.95,8.26,1.77,8.82,13.79,6.3,4.52,1.29,1.38,1.99,0.75,1.1,4.21,4.34,6.93,-0.48,3.92,2.95,2.93,7.02,1.55,-1.55,-1.49,3.43,,5.05,3.61,2.52,4.98,2.37,-0.68,5.0,0.52,2.96,4.65,3.99,6.57,1.77,2.14,2.85,5.85,3.38,6.04,2.95,1.49,29.21,4.7,1.26,3.86,2.5,4.45,0.03,,5.74,-1.62,4.56,2.19,1.16,0.43,8.0,3.8,5.05,,5.57,2.79,6.57,4.95,3.95,7.15,-0.08,5.49,2.95,-1.26,2.02,4.27,8.86,2.37,3.06,2.86,0.19,5.97,2.36,3.47,6.36,3.6,5.55,6.35,2.54,2.34,6.42,3.34,,5.18,-4.92,1.94,3.19,2.07,1.06,0.97,5.1,-6.41,7.25,-6.26,4.21,3.44,6.9,6.2,3.37,6.57,-7.53,1.12,3.32,5.66,6.87,4.78,2.44,1.69,1.67,5.93,4.15,,1.6,6.69,4.69,7.98,-9.38,0.66,3.78,0.9
2017,7.05,2.65,-0.15,0.35,0.74,2.82,7.5,-6.99,2.46,2.32,2.26,0.2,0.5,1.62,5.67,6.2,6.59,2.75,4.29,2.52,3.24,2.53,-1.81,3.61,4.2,1.32,0.46,1.33,4.65,4.11,4.53,3.03,1.36,1.36,6.95,7.41,3.54,3.73,-5.59,1.36,3.82,4.55,4.16,1.81,-1.28,3.18,5.85,5.17,2.68,5.46,-6.62,2.82,4.67,1.3,2.37,4.18,,2.98,5.79,9.56,3.19,5.35,2.29,3.51,2.68,0.47,2.66,4.84,8.13,10.3,4.82,5.92,-5.67,1.09,4.44,0.05,3.08,0.89,3.73,3.8,4.84,3.4,2.51,4.27,5.07,2.84,6.8,9.31,2.76,-1.82,4.19,4.28,1.67,1.0,2.47,1.68,4.1,3.84,4.74,7.0,0.19,0.02,3.16,-4.71,6.89,0.9,2.46,32.49,3.39,,6.46,-3.14,4.28,1.32,3.31,9.86,-8.0,5.06,-3.04,4.18,3.93,7.05,1.87,3.73,1.08,5.31,10.87,6.14,4.72,5.64,23.17,2.64,6.27,3.94,4.0,5.81,-1.03,,5.01,0.81,4.63,2.91,2.46,8.98,-6.48,3.52,0.3,1.97,4.83,3.4,4.43,5.59,2.52,6.93,-4.08,3.53,5.14,-2.89,3.51,4.81,1.42,4.37,-1.5,8.2,1.83,3.93,-0.07,0.71,7.41,4.54,3.08,3.75,2.29,0.26,9.5,2.1,,4.11,1.57,2.94,4.82,2.57,2.03,-7.54,2.79,-0.72,-2.49,-2.99,4.01,4.18,7.1,6.5,-3.14,3.32,-4.8,2.24,7.5,2.45,6.73,3.13,2.36,1.74,2.24,4.4,1.55,,-0.74,6.94,6.32,1.41,-5.07,1.16,3.5,4.08
2018,2.38,1.19,-1.32,1.59,1.31,-2.62,5.2,2.67,6.95,2.91,2.43,1.5,1.61,1.79,6.7,6.6,7.32,2.69,2.11,2.92,3.83,3.15,1.06,-0.43,4.22,1.78,-0.87,0.05,3.5,4.19,3.79,2.74,2.86,3.99,6.75,4.84,3.96,5.82,-2.3,2.56,3.64,3.71,2.62,2.25,-2.1,4.27,5.69,3.22,0.98,4.77,3.55,1.99,6.98,1.2,1.29,5.33,,2.28,3.78,6.82,1.14,3.81,1.87,2.73,0.21,0.84,1.4,4.84,6.2,6.36,7.23,1.28,-6.24,1.67,4.36,0.62,3.41,-0.79,4.44,2.85,3.84,2.82,1.67,5.36,5.17,2.21,6.45,8.47,-1.84,2.63,4.89,4.07,0.93,1.89,1.92,0.64,4.1,5.65,3.76,7.47,5.11,2.05,2.91,2.43,6.25,-1.88,1.16,7.94,2.88,,2.31,-1.48,3.99,1.22,3.99,6.41,-8.0,3.07,5.78,4.08,3.19,8.67,1.97,5.66,2.88,4.75,7.42,6.27,5.08,7.74,-19.27,3.48,4.77,4.01,4.39,4.84,1.06,4.0,7.21,1.92,-3.36,2.36,0.83,7.62,7.92,3.53,1.29,1.05,3.41,3.28,6.15,3.69,3.97,6.34,1.41,-0.28,5.95,-4.36,2.85,3.2,1.23,1.83,1.23,6.03,2.81,8.54,2.76,-2.68,6.21,3.58,2.75,3.47,2.42,1.49,2.99,4.5,,4.38,4.95,4.03,4.45,1.95,2.38,-6.86,3.71,1.39,5.61,2.37,4.8,4.22,7.6,6.2,-0.69,0.24,-0.6,2.62,3.01,1.39,5.5,6.3,3.49,0.16,2.95,5.88,3.18,,1.9,7.47,2.9,-0.61,0.75,1.56,4.03,5.01
2019,-2.3,3.91,-0.7,2.02,1.11,-2.0,7.6,-0.49,3.1,2.18,1.45,2.5,1.81,2.24,6.87,5.49,7.88,4.04,2.17,-0.74,2.89,1.45,4.24,0.31,2.22,1.22,0.26,3.87,5.76,3.03,3.1,1.91,1.14,0.74,5.95,6.52,3.48,4.38,1.12,3.19,1.76,6.95,2.42,-0.16,-3.21,3.92,5.84,3.03,1.08,5.55,5.5,1.49,5.05,1.0,0.01,5.55,,1.98,3.74,8.36,1.22,-0.58,1.84,4.39,1.17,3.92,1.64,4.98,6.51,5.62,6.22,4.5,-5.48,1.88,0.68,2.83,4.02,2.6,5.35,-1.67,2.65,3.4,-1.72,4.86,5.02,0.25,3.87,5.3,-3.07,5.51,1.86,4.16,0.48,0.89,1.75,-0.4,4.5,5.11,4.6,7.05,-2.16,4.05,2.24,-0.55,5.46,-6.91,-2.47,-11.2,-0.65,,-0.22,-1.42,4.67,2.92,0.59,-2.56,6.5,2.89,7.08,3.55,4.41,7.3,-0.28,10.36,3.91,4.76,7.06,6.58,4.06,5.6,-11.32,2.32,3.14,2.89,5.45,4.41,-0.84,-1.4,5.94,2.21,-2.9,1.96,1.12,6.66,8.26,2.45,-1.13,1.33,4.76,2.59,2.5,3.28,2.24,6.12,0.2,4.48,4.45,1.68,2.68,-0.4,1.36,2.7,0.69,3.85,2.2,9.46,0.83,-2.18,4.61,1.33,1.75,5.25,2.36,2.07,3.63,4.33,,2.01,1.17,2.51,3.52,1.99,2.69,10.97,4.88,1.22,5.32,3.25,4.92,2.11,7.4,6.3,23.41,0.71,0.36,1.59,0.82,13.82,5.8,6.44,3.2,0.74,2.29,5.98,0.66,,2.93,7.36,3.24,4.45,1.4,0.26,1.44,-6.33
2020,-23.98,-2.35,-5.64,-11.18,-4.96,-9.9,-7.2,4.41,-18.88,-0.33,-6.63,-4.3,0.33,-5.26,3.85,1.92,3.45,-3.97,-4.64,-23.51,-3.02,-0.67,-13.73,-6.84,-8.74,-3.28,-12.74,1.13,-10.22,-8.73,0.9,-5.04,-2.14,-6.15,2.24,1.74,0.26,1.74,-6.27,-7.25,-0.2,-20.81,-4.27,-10.95,-18.04,-5.11,-3.39,-5.5,-3.83,1.32,-16.6,-2.42,-6.72,-5.1,-7.79,3.55,,-11.17,-0.55,6.06,-2.35,-17.04,-7.54,-1.93,-2.77,-1.84,-10.36,-6.76,0.51,4.92,0.59,-2.4,-4.79,-9.32,-13.76,0.19,-1.79,-11.39,43.48,-6.54,-8.96,-8.59,-3.31,-4.54,-2.07,-8.84,-5.83,6.62,3.33,-12.04,-7.22,-1.86,-8.97,-9.92,-1.1,-4.15,-2.5,-0.27,-7.15,-3.1,-1.66,-14.56,-0.71,-8.86,0.5,-21.4,-2.98,-29.79,-24.36,,-4.62,-7.46,-0.02,-0.91,-3.51,-54.34,-12.5,-7.18,-13.01,-8.28,-7.14,-32.91,-8.65,-2.85,-6.11,-1.24,-8.08,-9.05,-15.31,-4.56,-29.68,-1.22,-0.36,-14.55,0.8,-5.46,-8.1,-2.4,3.55,-1.79,-1.77,-3.89,-1.28,-2.37,4.24,-0.65,-3.38,-7.97,-5.34,-3.1,-1.27,-17.67,-10.87,-9.52,-7.55,-3.17,-2.02,-4.2,-8.3,-0.82,-11.32,-7.05,-3.56,-3.68,-2.65,-3.38,-4.34,-3.63,1.34,-3.9,-3.38,-1.97,-7.82,-6.65,-2.56,-0.9,,2.62,-15.98,-3.34,-4.24,-2.17,-1.56,-13.32,-7.73,-0.18,-26.78,-1.6,2.16,-6.07,4.4,-3.4,31.96,0.49,-9.08,-8.82,1.86,-4.27,1.99,2.95,-3.75,-6.26,-2.77,2.0,-3.74,,-1.92,2.87,-4.99,-3.11,-8.5,-5.96,-2.79,-7.82
2021,27.64,-20.74,1.2,8.29,4.35,10.72,5.8,-0.78,8.19,2.11,4.24,5.62,3.1,6.85,7.16,6.94,6.94,7.66,2.67,16.98,7.39,2.44,17.86,3.01,6.11,4.99,-0.78,-1.59,4.42,11.87,0.98,5.29,5.39,11.74,8.45,7.0,3.34,6.2,1.02,11.02,2.11,5.62,7.94,1.25,4.18,4.03,9.91,3.55,3.16,4.52,6.89,6.84,12.27,3.4,4.24,3.29,,6.4,8.01,5.64,2.84,-4.88,6.44,5.76,-2.02,1.53,8.67,10.47,5.08,3.9,4.27,3.8,0.26,8.38,4.69,1.29,8.0,1.06,20.06,6.44,12.53,13.78,-1.8,7.09,3.7,,9.05,15.13,4.72,1.58,4.51,8.61,8.31,4.6,3.66,2.56,4.3,7.59,5.51,3.03,7.87,-0.89,4.3,1.15,2.53,-7.0,4.99,31.37,12.23,,3.51,1.85,6.28,7.17,6.73,23.54,4.9,8.02,21.87,13.93,5.74,37.69,5.84,1.11,5.51,3.05,12.3,-12.02,13.04,1.64,,2.38,0.74,3.4,2.75,3.3,3.52,-2.1,1.38,3.65,10.35,6.19,3.91,4.84,3.25,5.17,3.09,8.65,10.75,6.23,6.51,15.84,13.42,5.71,-13.72,-0.78,6.93,0.43,5.74,4.02,7.01,2.09,1.63,5.71,5.61,10.88,4.33,-1.87,6.54,8.88,-0.57,4.1,11.18,8.46,3.31,7.73,,1.9,-2.44,4.79,8.23,6.15,10.68,4.58,5.43,1.3,9.0,-1.2,5.99,1.49,9.4,4.5,5.32,-2.67,-1.04,4.41,11.44,1.8,4.32,3.54,3.45,5.28,5.95,7.4,0.8,,2.85,2.56,0.65,-7.08,-1.0,4.7,6.23,8.47
2022,10.46,,3.05,8.81,7.85,4.96,12.6,1.74,9.52,4.27,4.81,4.62,1.85,3.01,6.25,1.78,7.1,3.93,4.86,14.37,4.11,-4.7,8.73,2.93,3.61,2.9,11.33,-1.63,,5.79,0.5,3.82,2.57,2.44,2.99,6.74,3.58,8.92,1.48,7.26,2.39,17.12,4.55,1.77,7.89,3.67,5.06,2.35,1.81,3.12,5.65,2.73,4.86,3.2,2.95,6.59,,5.77,-1.29,5.32,1.63,20.02,2.45,5.4,-0.83,2.91,4.35,10.39,3.08,4.7,4.33,3.5,3.78,5.56,6.36,,4.12,,63.37,-3.48,4.0,6.35,-1.68,4.55,5.31,,7.24,9.43,3.78,7.01,7.24,6.83,3.72,5.22,2.43,0.95,3.2,4.85,6.33,5.24,1.56,8.85,2.61,8.86,2.71,,4.81,-1.24,15.88,,-7.82,1.11,2.44,1.38,3.36,-21.45,,1.26,11.1,-5.02,3.8,13.91,3.9,-0.68,2.15,3.73,6.92,4.04,6.41,5.03,,4.36,6.38,8.88,0.92,8.65,7.56,3.5,11.49,3.25,3.75,4.33,3.02,5.61,1.57,2.85,4.31,,5.22,3.09,4.71,10.81,2.68,7.57,,5.17,5.26,3.36,6.83,0.08,3.93,4.47,4.21,4.6,-2.07,8.16,8.68,-0.95,4.15,3.65,-4.06,3.46,2.6,,2.43,2.55,,0.07,2.43,1.75,2.46,2.91,0.48,9.8,9.0,,6.2,2.24,5.81,2.6,8.0,1.7,-20.54,,1.48,2.44,5.53,0.68,4.56,4.59,-29.1,4.92,1.94,5.67,4.91,,,8.02,1.85,-5.31,1.5,1.91,5.25,6.52
