Date,AUS,AUT,BEL,BGR,BRA,CAN,CHE,CHL,CHN,CIV,COL,CZE,DEU,DNK,DOM,ESP,EST,FIN,FRA,GBR,GEO,GRC,GTM,HUN,IND,IRL,ISL,ISR,ITA,JPN,KOR,LTU,LUX,MEX,MLI,NLD,NOR,PAN,PER,POL,PRY,PSE,ROU,RUS,SRB,SVK,SVN,SWE,URY,USA,VNM,ZAF
1963,,,,,,,,,,,,,,,,,,,,,,,,,,,,,,,,,,,,,,,,,,,,,,,,,,0.329,,
1964,,,,,,,,,,,,,,,,,,,,,,,,,,,,,,,,,,,,,,,,,,,,,,,,,,0.334,,
1965,,,,,,,,,,,,,,,,,,,,,,,,,,,,,,,,,,,,,,,,,,,,,,,,,,0.331,,
1966,,,,,,,,,,,,,,,,,,,,,,,,,,,,,,,,,,,,,,,,,,,,,,,,,,0.328,,
1967,,,,,,,,,,,,,,,,,,,,,,,,,,,,,,,,,,,,,,,,,,,,,,,,,,0.325,,
1968,,,,,,,,,,,,,,,,,,,,0.245,,,,,,,,,,,,,,,,,,,,,,,,,,,,,,0.318,,
1969,,,,,,,,,,,,,,,,,,,,0.252,,,,,,,,,,,,,,,,,,,,,,,,,,,,,,0.316,,
1970,,,,,,,,,,,,,,,,,,,0.34,0.254,,,,,,,,,,,,,,,,,,,,,,,,,,,,,,0.324,,
1971,,,,,,0.323,,,,,,,,,,,,,,0.264,,,,,,,,,,,,,,,,,,,,,,,,,,,,,,0.329,,
1972,,,,,,,,,,,,,,,,,,,,0.258,,,,,,,,,,,,,,,,,,,,,,,,,,,,,,0.328,,
1973,,,,,,0.304,,,,,,,0.271,,,,,,,0.26,,,,,,,,,,,,,,,,,,,,,,,,,,,,,,0.322,,
1974,,,,,,,,,,,,,,,,,,,,0.261,,,,,,,,,,,,,,,,,,,,,,,,,,,,,,0.318,,
1975,,,,,,0.303,,,,,,,,,,,,,0.323,0.249,,,,,,,,,,,,,,,,,,,,,,,,,,,,0.216,,0.319,,
1976,,,,,,,,,,,,,,,,,,,,0.249,,,,,,,,,,,,,,,,,,,,,,,,,,,,,,0.318,,
1977,,,,,,0.299,,,,,,,,,,,,,,0.245,,,,,,,,,0.321,,,,,,,,,,,,,,,,,,,,,0.316,,
1978,,,,,,,,,,,,,0.263,,,,,,,0.25,,,,,,,,,0.319,,,,,,,,,,,,,,,,,,,,,0.31,,
1979,,,,,,0.3,,,,,,,,,,,,,0.301,0.252,,,,,,,,0.304,0.323,,,,,,,,0.225,,,,,,,,,,,,,0.313,,
1980,,,,,,,,,,,,,,,,0.319,,,,0.262,,,,,,,,,0.311,,,,,,,,,,,,,,,,,,,,,0.31,,
1981,0.282,,,,0.533,0.295,,,,,,,,,,,,,,0.269,,,,,,,,,0.296,,,,,,,,,,,,,,,,,,,0.198,,0.316,,
1982,,,,,0.539,0.296,0.316,,,,,,,,,,,,,0.273,,,,,,,,,0.28,,,,,,,,,,,,,,,,,,,,,0.329,,
1983,,,,,0.545,,,,,,,,0.26,,,,,,,0.272,,,,,,,,,0.289,,,,,,,0.255,,,,,,,,,,,,,,0.337,,
1984,,,,,0.527,0.307,,,,,,,0.255,,,,,,0.299,0.27,,,,,,,,,0.296,,,,,0.434,,,,,,,,,,,,,,,,0.338,,
1985,0.293,,0.228,,0.538,0.305,,,,,,,0.251,,,0.315,,,,0.285,,,,,,,,,,,,,0.231,,,,,,,,,,,,,,,,,0.341,,
1986,,,,,0.535,0.287,,,,,,,0.247,,,,,,,0.298,,,,,,,,0.31,0.295,,,,0.245,,,,0.235,,,0.271,,,,,,,,,,0.342,,
1987,,,,,0.541,0.289,,,,,,,0.25,0.257,,,,0.207,,0.314,,,,,,0.329,,,0.329,,,,0.264,,,0.236,,,,,,,,,,,,0.212,,0.339,,
1988,,,0.235,,0.571,0.286,,,,,,,0.254,,,,,,,0.323,,,,,,,,,,,,,0.26,,,,,,,,,,,,,,,,,0.344,,
1989,0.304,,,,0.588,0.283,,,,,,,0.256,,,,,,,0.315,,,,,,,,,0.299,,,,0.271,0.469,,,,,,,,,,,,,,,,0.347,,
1990,,,,,0.569,0.287,,0.507,,,,,0.258,,,0.302,,,0.289,0.333,,,,,,,,,,,,,0.247,,,0.271,,,,,,,,,,,,,,0.345,,
1991,,,,,,0.293,,,,,,,0.268,,,,,0.209,,0.329,,,,0.294,,,,,0.29,,,,0.24,,,,0.233,,,,,,,,,,,,,0.345,,
1992,,,0.228,,0.54,0.286,0.31,0.508,,,,0.205,0.264,0.241,,,,,,0.325,,,,,,,,0.305,,,,,0.243,0.499,,,,,,0.262,,,,,,0.189,,0.229,,0.351,,
1993,,,,,0.562,0.288,,,,,,,0.257,,,0.342,,,,0.327,,,,,,,,,0.339,,,,0.236,,,0.261,,,,,,,,,,,,,,0.373,,
1994,,0.278,,,,0.285,,0.506,,,,,0.262,,,0.339,,,,0.341,,,,0.327,,0.337,,,,,,,0.255,0.504,,,,,,,,,,,,,,,,0.369,,
1995,0.311,0.266,0.268,,0.568,0.287,,,,,,,0.258,0.22,,0.343,,0.217,,0.337,,0.35,,,,0.343,,,0.34,,,,0.252,,,,0.241,,,0.32,,,0.28,,,,,0.221,,0.365,,
1996,,0.258,,,0.564,0.303,,0.504,,,,0.257,0.251,,,0.356,,,0.285,0.334,,,,,,0.331,,,,,,,0.256,0.487,,,,,,,,,,,,0.25,,,,0.368,,
1997,,0.255,0.251,,0.561,0.308,,,,,,,0.251,,,0.343,,,0.285,0.337,,,,,,,,0.337,,,,,0.257,,,,,,,,0.54,,0.28,,,,0.229,,,0.372,,
1998,,0.275,,,0.557,0.312,,0.51,,,,,0.253,,,0.335,,,0.282,0.344,,,,,,,,,0.348,,,,0.266,0.505,,,,,,,,,,,,,,,,0.367,,
1999,,0.262,,,0.549,0.31,,,,,,,0.261,,,0.334,,,0.291,0.348,,,,0.29,,,,,,,,,0.26,,,0.232,,,,0.287,0.529,,,,,,0.232,,,0.367,,
2000,,0.254,0.289,,,0.318,0.281,0.526,,,,,0.26,0.226,,0.342,0.364,0.254,0.294,0.362,,0.337,,,,0.314,,,0.334,,,,0.257,0.5,,,0.256,,,,0.539,,,0.427,,,,0.251,,0.37,,
2001,0.32,,,,0.536,0.318,,,,,0.509,,0.27,,,,,,0.292,0.351,,,,,,,,0.35,,,,,0.261,,,,,,,,,,,,,,,0.249,,0.374,,
2002,,,,,0.529,0.317,0.273,,0.415,0.566,0.525,0.256,0.27,,,,,,0.289,0.333,,0.342,,,,0.307,,0.358,0.33,,,,0.269,0.475,,,,,,,0.556,,,,,,,0.245,,0.373,,
2003,0.316,0.265,0.261,,0.52,0.318,,0.503,,,0.504,,0.267,,,,,,0.288,0.328,,0.321,,,,0.324,0.252,0.364,,,,,0.265,,,,,,,,0.539,,,,,,,0.24,,0.379,,
2004,0.316,0.268,0.271,,0.513,0.32,0.267,,,,0.513,0.267,0.27,0.23,,0.331,0.349,0.262,0.289,0.327,,0.33,,,0.49,0.324,0.261,0.372,0.332,,,,0.262,0.47,,0.267,0.261,,0.539,0.316,0.51,,,0.39,,0.269,0.231,0.239,0.435,0.377,,
2005,,0.26,0.27,,0.501,0.318,,,,,0.513,,0.288,,,0.326,,,0.295,0.334,,0.341,,0.288,,0.323,0.289,0.383,,,,,0.278,0.468,,0.265,,,0.524,0.313,0.503,,,,,,,0.243,0.424,0.386,0.369,
2006,,0.268,0.272,,0.493,0.318,0.3,0.476,,,0.502,,0.285,,,0.318,,,0.297,0.339,,0.33,0.489,,,0.316,0.307,0.375,0.325,,0.306,,0.274,0.456,,0.277,,,0.51,0.309,0.505,,0.34,,0.343,,,0.253,0.431,0.392,,
2007,,0.284,0.275,0.359,0.484,0.316,0.308,,,,0.54,0.252,0.287,0.241,0.515,0.323,0.313,0.267,0.297,0.327,,0.321,,0.27,,0.303,0.298,0.369,,,,,0.273,,,0.276,0.246,0.483,0.51,0.311,0.504,,0.317,0.348,0.349,0.248,0.23,0.261,0.43,0.383,0.401,
2008,0.335,0.28,0.262,0.328,0.477,0.322,0.306,,,0.538,0.526,,0.286,,,0.326,,,0.299,0.33,,0.328,,,,0.295,0.314,0.377,0.326,0.329,0.314,,0.29,0.476,,0.273,,,0.492,0.31,0.488,,0.307,,0.331,,,0.26,0.428,0.383,,0.658
2009,,0.289,0.267,0.328,0.472,0.321,0.297,0.478,,,0.51,,0.284,,,0.332,,,0.3,0.331,0.469,0.321,,0.271,,0.311,0.276,0.386,,0.307,,0.362,0.281,,,0.258,,,0.486,0.31,0.487,,0.302,,0.328,,,0.27,0.421,0.377,0.398,
2010,0.333,0.28,0.263,0.33,,0.318,0.297,,,,0.511,0.256,0.286,0.251,,0.339,0.32,0.263,0.307,0.319,0.453,0.322,,,,0.298,0.261,0.384,0.323,0.294,0.31,0.327,0.268,0.456,,0.257,0.247,0.477,0.48,0.31,0.502,,0.305,0.342,0.327,0.264,0.253,0.269,0.408,0.371,,0.664
2011,,0.282,0.268,0.339,0.462,0.313,0.289,0.467,,,0.5,,0.288,,,0.34,,,0.313,0.313,0.455,0.323,0.518,,0.501,0.305,0.25,0.37,,0.308,,0.321,0.273,,0.459,0.258,,,0.469,0.312,0.521,,0.309,0.364,0.323,,,0.275,0.384,0.382,0.364,
2012,,0.277,0.266,0.354,0.452,0.317,0.286,,,,0.491,,0.29,,,0.334,,,0.312,0.312,0.411,0.33,,0.288,,0.308,0.261,0.371,0.333,0.304,0.307,0.346,0.294,0.467,,0.256,,,0.466,0.314,0.471,,0.307,,0.33,,0.271,0.273,0.358,0.383,,0.621
2013,,0.28,0.264,0.352,0.453,0.321,0.296,0.46,0.399,,0.491,0.259,0.294,0.251,,0.345,0.354,0.261,0.299,0.303,0.402,0.342,,,,0.31,0.249,0.359,,0.297,,0.35,0.279,,0.439,0.264,0.252,0.468,0.457,0.315,0.479,,0.31,0.351,0.344,0.271,,0.282,0.374,0.381,0.35,
2014,0.329,0.275,0.262,0.368,0.444,0.312,0.299,,,,0.489,,0.288,,,0.344,,,0.298,0.313,0.391,0.334,0.411,,,0.297,0.274,0.361,0.331,0.292,0.302,0.378,0.278,0.461,0.353,0.272,,,0.45,0.31,0.504,,0.315,0.34,0.343,0.246,,0.279,0.367,0.386,,
2015,,0.276,0.266,0.376,0.446,0.32,0.297,0.453,,0.579,0.473,,0.296,0.274,,0.345,,,0.299,0.315,0.39,0.339,,0.268,,0.298,0.261,0.358,,0.288,,0.369,0.287,,0.347,0.272,,,0.451,0.303,0.484,,0.313,0.331,0.33,0.25,0.263,0.29,0.369,0.383,,0.623
2016,0.326,0.285,0.265,0.402,0.463,0.308,0.301,,,,0.47,0.254,0.295,0.275,,0.341,0.314,0.258,0.296,0.311,0.391,0.332,,,,0.309,0.265,0.346,0.339,0.297,0.354,0.375,0.289,0.434,0.352,0.273,0.26,0.461,0.453,0.286,0.489,,0.305,0.332,0.327,0.233,,0.286,0.365,0.385,,
2017,,0.277,0.26,0.395,0.475,0.313,0.301,0.459,,,0.461,,0.292,0.277,,0.332,,,0.297,0.31,0.409,0.32,,,,0.294,0.251,0.343,,0.298,0.352,0.371,0.303,,0.336,0.276,,,0.444,0.283,0.479,0.426,0.326,0.318,0.309,0.219,,0.291,0.365,0.385,,0.616
2018,0.329,0.28,0.258,0.407,0.475,0.306,0.301,,0.413,,0.465,,0.299,0.277,,0.33,,,0.303,0.317,0.37,0.3,,,,0.289,,0.341,,0.307,0.342,0.359,0.312,0.426,0.339,0.271,,,0.443,0.287,0.46,,0.325,0.321,0.334,0.236,,0.284,0.366,0.391,,
2019,,0.274,0.262,0.401,0.477,0.3,0.31,,,,0.48,,0.299,0.28,,0.319,,,0.299,0.311,0.379,0.307,,,,0.287,,0.341,,0.309,0.337,0.354,0.3,,0.368,0.287,0.259,,0.436,0.285,0.457,,0.313,0.323,0.3,,,0.286,0.367,0.394,,
2020,0.325,0.272,0.247,0.395,0.45,0.282,,,,,0.503,,0.302,0.279,,0.328,,,0.288,0.304,0.358,0.315,,,,0.282,,0.338,0.335,0.305,0.33,0.356,0.279,0.418,0.365,0.274,0.262,,,0.289,0.443,,0.32,0.302,,,,0.279,,0.376,,
2021,,0.281,0.255,0.382,0.471,0.291,,,,,0.485,,,0.285,,0.318,,,,0.302,0.346,0.308,,,,0.29,,0.345,,,0.332,0.366,0.288,,,0.27,0.278,,0.436,0.298,,,0.295,0.313,0.317,,,0.285,,0.371,,
2022,,0.287,,0.373,0.453,,,,,,0.516,,,0.288,,0.314,,,,,0.343,,,,,,,,,,,,,0.4,,,0.26,,,0.298,,,,,0.311,,,,0.383,0.393,,
2023,,,,,,,,,,,0.508,,,,,,,,,,,,,,,,,,,,,,,,,,,,,0.289,,0.49,,,,,,,,0.392,,
