Date,ABW,AFG,AGO,AIA,ALB,AND,ARE,ARG,ARM,ATG,AUS,AUT,AZE,BDI,BEL,BEN,BFA,BGD,BGR,BHR,BHS,BIH,BLR,BLZ,BMU,BOL,BRA,BRB,BRN,BTN,BWA,CAF,CAN,CHE,CHL,CHN,CIV,CMR,COD,COG,COL,COM,CPV,CRI,CUB,CUW,CYM,CYP,CZE,DEU,DJI,DMA,DNK,DOM,DZA,ECU,EGY,ERI,ESH,ESP,EST,ETH,FIN,FJI,FRA,FSM,GAB,GBR,GEO,GHA,GIB,GIN,GLP,GMB,GNB,GNQ,GRC,GRD,GTM,GUF,GUY,HKG,HND,HRV,HTI,HUN,IDN,IND,IRL,IRN,IRQ,ISL,ISR,ITA,JAM,JOR,JPN,KAZ,KEN,KGZ,KHM,KIR,KNA,KOR,KWT,LAO,LBN,LBR,LBY,LCA,LIE,LKA,LSO,LTU,LUX,LVA,MAC,MAR,MCO,MDA,MDG,MDV,MEX,MHL,MKD,MLI,MLT,MMR,MNE,MNG,MOZ,MRT,MTQ,MUS,MWI,MYS,NAM,NCL,NER,NGA,NIC,NIU,NLD,NOR,NPL,NRU,NZL,OMN,PAK,PAN,PER,PHL,PLW,PNG,POL,PRI,PRK,PRT,PRY,PSE,QAT,ROU,RUS,RWA,SAU,SDN,SEN,SGP,SLB,SLE,SLV,SMR,SOM,SSD,STP,SUR,SVK,SVN,SWE,SWZ,SYC,SYR,TCA,TCD,TGO,THA,TJK,TKM,TLS,TON,TTO,TUN,TUR,TUV,TZA,UGA,UKR,URY,USA,UZB,VAT,VCT,VEN,VGB,VNM,VUT,WSM,YEM,ZAF,ZMB,ZWE
1960,,,2867.1565,,,,,,,,,,,,,,,,,,,,,,,,,,,,,,,,,,,,,,,,,,,,,,,,,,,,,,,,,,,,,,,,,,,,,,,,,,,,,,,,,,,,,,,,,,,,,,,,,,,,,,,,,,,,,,,,,,,,,,,,,,,,,,,,,,,,,,,,,,,,,,,,,,,,,,,,,,,,,,,,,,,,,,,,,,,,,,,,,,,,,,,,,,,,,,,,,,,,,,,,,,,,,,,,
1961,,,2829.343,,,,,,,,,,,,,,,,,,,,,,,,,,,,,,,,,,,,,,,,,,,,,,,,,,,,,,,,,,,,,,,,,,,69.80635,,,,,,,,,,,,,,,,,,,,,,,,,,,,,,,,,,,,,,,,,,,,,,,,,,,,,,,,,,,,,,,,,,,,,,,,,,,,,,,,,,,,,,,,,,,,,,4731.578,,,,,,,,,,,,,,,,,,,,,,,,,,,,,,,,,,,,,,,,,,,,,,,
1962,,,3175.0093,,,,,,,,,,,,,,,,,,,,,,,,,,,,,,,,,,,,,,,,,,,,,,,,,,,,,,,,,,,,,,,,,,,68.14423,,,,,,,,,,,,,,,,,,,,,,,,,,,,,,,,,,,,,,,,,,,,,,,,,,,,,,,,,,,,,,,,,,,,,,,,,,,,,,,,,,,,,,,,,,,,,,4613.9087,,,,,,,,,,,,,,,,,,,,,,,,,,,,,,,,,,,,,,,,,,,,,,,
1963,,,3235.7468,,,,,,,,,,,,,,,,,,,,,,,,,,,,,,,,,,,,,,,,,,,,,,,,,,,,,,,,,,,,,,,,,,,66.53607,,,,,1009.37714,,,,,,,,,,,,,,,,,,,,,,,,,,,,,,,,,,,,,,,,,,,,,,,,,,,,,,,,,,,,,,,,,,,,,,,,,,,,,,,,,,,,,,,,,4725.5195,,141.02724,,,,,,,,,,,,,,,,,,,,,,,,,,,,,,,,,,,,,,,,,,,,,
1964,,,3660.1975,,5.4305177,,,,8.018357,,,,,,,,,,,,,,,,,,,,,,,,,,,170.26149,,,346.20383,,,,,,,,,,,,,,,,,,,,,,,,,,,,,,,64.97098,,,,,5097.273,,,,,,,,,,,,,,,,,,,,,,,,,,,,,,,,,,,,,,,,,,,,,,,,,,,,,,,,137.83476,,,,,,,,,,,,,,,,,,,,,,,,,,,,,,,,0.09551847,4986.7534,,212.98679,,,,,,,,,,,,,,,,,,,,,,,,,,,,,,,,,,,,,,,27.623114,,,,,,
1965,,,3984.0767,,256.55685,,,,,,,,,95.4997,,,,,,,,,,,,,,,,,,,,,,183.85002,,,269.68396,0.0,,,,,,,,,,,,,,,,,,,,,,,,,,,,,,63.430775,,,,,8695.471,,207.59578,,,,,,,,,32.244965,,,,,,,,,,,,,,,,,,,,,,,,,,,,,,,,,,,,,,,,,,,,,229.53062,,,,,,,,,,,,,,,,,,,,,,,,,,,,,,,,,4554.197,,827.3456,,,,,,,,,,,,,,,,,,,,,,,,,,,,,,,,,,,,,,,40.398968,,,,,,
1966,,,5443.0874,,249.2245,,,,,,,,,7.7688923,,,,,,,,,,,,,,,,,,,,,,178.71849,,,417.13293,0.0,,,118.58223,,,,,,,,,,,,,,,,,,,,,,,,,,,0.0,,,,,10768.811,,,,,,,,,,,32.1521,,,,,,,,,,,,,,,,,,,,,,,,,,,,,,,,,,,,,,,,,,,,,275.02347,,,,3.5731905,,26.561874,,,,,,,,,,,,,,,,,,,,,,,,,,14.090401,4531.9976,,1127.7183,,,,,,,,,,,,,,,,,,,,,,,,,,,,,,,,,,,,,,,44.707623,,,,1.9806924,,
1967,,,6313.5767,,212.09605,,,,,,,,,,,,,,,,,,,,,,,,,,,,,,,9.723715,,,423.50052,72.730286,,,114.76269,,,,,,,,,,,,,,,,,,,111.6303,,,,,,,,,,,,,10460.163,,215.82518,,,,,,,,,32.037426,,,,,,,,,,,,,,,,,,,,,,,,,,,,,,,,,,,,,,,,,,,,,359.24396,,,,6.971851,,33.043556,,,,,,,,,,,,,,,,,,,,,,,,,,,4414.554,,1146.7594,,,,,,,,,,,,,,,,,,,,,,,,,,,,,,,,,,,,,,,51.42038,,,,2.215213,,
1968,,,6687.3516,,199.14464,,,,8.448351,,,,,,,,,,,,,,,,,,,,,,,,,,,8.962742,,,354.14114,25.065989,,,159.15787,,,,,,,,,,,,,,,,,,,117.70096,,,,,,,,,,,,,9813.553,,216.56552,,,,,,,,,31.919416,,,,,29.719265,,,,,,,,,,,,,,,,,,,,,,,,,,,,,,,,,,,,,,,,427.6152,,,,3.1738439,,185.87074,,,95.63417,,,,,,,,,,,,,,,,,,,,,,,,4276.16,,1607.4364,,,,,,,,,,,,,,,,20.071115,,,,,,,,,,,,,,,,,,,,,,,55.36735,,,,3.5309913,368.94913,
1969,,,7082.0913,,201.70343,,,,8.25071,,,,,,,,,,1.0669483,,,,,,,,,,,,,,,,,8.10332,,,278.6344,0.0,,,143.23877,,167.30824,,,,,,,,,,,,,,,,,114.50703,,,,,,,,,,,,,11656.995,,216.41534,,,,,,,,,32.679756,,,,,28.713154,,,,,,,,,,,,,,,,,,,,,,,,,,,,,,,,,,,,,,,,534.52655,,,,4.202439,,114.11105,,,5.2167306,,,,,,,,,,,,,,,,,,,,,,,,3753.4243,,1508.1062,,,,,,,,,,,,,,,,19.432653,,,,,,,,,,,,,,,,,,,,,,,54.211098,,,,1.3416808,309.73642,
1970,,,7075.5996,,197.59529,,,,8.078758,,,,,,,,,,3.7687752,,,,,,,30.501036,,,,,,,,,,8.016432,,,256.4874,0.0,,,138.93954,,189.24823,,,,0.7141944,,,,,,,,,,,2.0110774,,195.29892,,,,,,,,,,,,,11406.3955,,216.39781,,,,,,,,,33.833755,,,,,,,,,,,,,,,,,,,,,,,,,,,,,,,,,,,,,,,,,,,,,728.0767,,,,5.3949666,,118.75294,,,0.0,,,,,,,,,,,,,,,0.46093374,,,,,,,0.49970952,0.13040091,3568.492,,1478.8256,,,,,,,,,,,,,,,,,,50.967934,,,,,,,,,,,,,,,,,,,,,48.221558,,,,2.064633,208.25012,
1971,,,7005.208,,17.449703,,,,161.16591,,,,,,,,,,3.9817774,,,,,,,62.415443,2.04626,,,,,,,,,8.293152,,,210.04497,,,,,,606.9658,,,,0.712629,,,,,,,,,,,1.9615049,,193.00623,,,,,,,,,,6.8883095,,,13646.5205,,,,,,,,,,,2.1268425,,0.0,,,,,,,,,,,,,860.9127,,,,,,,,,,,,5.6804843,,,,,,,,,,,,,,,,,,714.3766,,,,5.261562,,115.2977,,,,,,,,,,,,,,,,,,0.4577176,,,,,,,0.29566136,0.12214942,3454.3489,,1415.3021,,,,,,,,,,,,,,,,,,36.771214,,,,,,,,,,,,,,,,,,,,,,,,,3.7049718,16.88228,
1972,,,6826.719,,100.468925,,,,135.81258,,,,,3566.3594,,,,,3.9627447,,,,,,,36.03427,1.9970684,,,,,,,,,8.683794,,,206.671,,,,,,187.09116,,,,0.71007806,,,,,,,,,,,1.8818836,,151.96797,,,,,,,,,,,,,13978.099,,64.072296,,,,,,,,,2.0242324,,0.0,,,,,,,,,,,,,824.10706,,,,,,,,,,,,,,,,,,,,,,,,,,,20.05042,,,740.83185,,,,5.128753,,124.31456,,,,,,,,,,,,,,,,,,0.42370325,,,,,,,0.4378374,0.11387238,3640.7063,,1025.3148,,,,,,,,,,,,,,,,,,38.52819,,,,,,,,,0.6505298,,,,,,,,,,,,,,,,3.3461168,16.413853,
1973,,,6676.8057,,89.15971,,,,,,,,,3651.5842,,,,,3.9421208,,,,,,,,,,,,,,,,,,,,198.73863,,,,,,,,,,0.6056804,,,,,,,,,,,1.11663,,153.48004,,,,,,,,,,,,,14169.682,,58.245415,,,,,,,,,1.6334467,,,,,,,,,,,,,,,519.3081,,,,,,,,,,,,,,,,,,,,,,,,,,,,,,779.5183,,,,1.9984273,,411.3727,,,,,,,,,,,,,,,,,,0.30000052,,,,,,,0.4327272,0.08303444,3765.0933,,100.005196,,,,,,,,,,,,,,,,,,37.632523,,,,,,,,,,,,8.524586,,,,,,,,,,,,,3.869226,15.948305,
1974,,,7520.9785,,15.837313,,,,,,,,,3263.848,,,,,3.4551265,,,,,,,32.852295,,,,,,,,,128.97617,,,,177.61813,,,,,,17.068151,,,,0.5017083,,,,,,,,,,,0.5938618,,158.92871,,,,,,,,,,,,,14673.61,339.03247,,,,,,,,,19.99279,1.4348687,,,,,,,,,,,,,,,,,,,,,,,,,,,9.382303,,,,,,,,,,,,,,,,,,876.56104,,,,1.556014,,400.31604,,,,,,,,,,,,0.0,,,,,,0.20807038,,,,,,,0.33280146,0.0600334,3984.1448,,86.66692,,,,,,,,,,,,,,,,,,,,,,,,,,,,,2.0563395,23.020006,,105.11758,,,,,,,,,,,5.5224056,82.597694,
1975,,,7333.531,,15.479491,,,,,,,,,3738.5916,,,,,3.4391265,,,,,,,1.7518111,,,,,,,,,143.84016,,,,171.19077,6.7607727,,,,,,,,,0.4984654,,,,,,,,,,29890.451,0.39110765,,288.14822,,,,,,,,,,6446.2383,,,7066.356,31259.55,,,,,,,,,,1.3313485,,,,,,,,,,,,,0.6660908,,286.1105,,,,,1846.9325,,,,,,,25.542784,,,,,,,,,,,,,,,,,,364.2244,,,,574.0093,,450.60333,,,,,,,,,,,,,,,,,,0.17665556,,,,,,,0.3291319,0.052185804,3813.5933,,78.20941,,,,,,,2.5836523,,,,,,,,,,,,,,,,,,,,,,,21.40681,,19.84453,,,,,,,4.5393033,,,,5.2936945,15.0297985,241.36478
1976,,,7056.02,,,,,,,,,,,3923.118,,2.8310983,,,,,,,,,,1.1414446,,,,,,,,,24.634962,,,,186.5473,,,,,,,,,,,,,,,,,,,,54255.996,1.4097638,,324.8866,,,,,,,,,,10577.464,,,5329.9224,32023.684,,,,,,,,,,0.47286823,,,,,,,,,,,,,,,280.3591,,,,,2046.4083,,,,,,,,,,,,,,,,,,,,,,,,,5.8780575,,,,1.1022543,,994.95465,,,,,,,,,,,,,,,,,,0.145787,,,,,243.08757,,,0.044417895,3717.0547,,72.75361,,,,,,,1.1452615,,,,,,,,,,,,,,,,,,,,,,0.53775597,26.999405,,40.11904,,,,,,,8.388395,,,,8.258999,14.580527,496.5718
1977,,,7240.2544,,77.92401,,,,15.105569,,,,,3854.568,,,,,,,,,,,,,,,,,,,,,27.259052,,,,1093.4803,,,,,,,,,,,,,,,,,,,,64593.64,,,1975.8933,,,,,,,,,,62.485302,,,674.03973,43355.105,,,,,,,,,,,,,,,,,,,,,,,8.316686,,1353.2535,,,,,2531.9614,,,,,,,6.976928,,,,,,,,,,,,,,,,,,1.1735971,,,,18.699934,,1388.6532,,,,,,,,,,,,,,,202.84906,,,,,,,,,,,0.036753632,3473.228,,71.918015,,,,,,,1.3380728,,,,,,,,,,,,,,,,,,,,0.1636535,,1.7288141,64.72664,,,,,,,,,29.37399,,,,8.831463,,1186.4454
1978,,,8527.544,,75.43949,,,,13.940483,,,,,3613.845,,5.3787904,,,3.2903163,,,,,,,,,,,,,,,,28.014719,,,,606.41724,,,,,,,,,,,,,,,0.917113,,,0.11972768,,55003.082,,,2631.334,,,,,,,,,,,,,631.5579,32545.727,,,,,,,,,5.5529027,1.1256835,0.7044577,,,,4.391001,,,,,,,,0.53568584,,3168.284,,,,,3757.5435,,,,,,,12.055056,,,,,,,,,,,,,,,500.42264,,,1.2243075,,,,5.335504,,3775.031,,,,4700.8057,,,,,,,,,,,201.86378,,,0.14312616,,,,,,,0.2743727,0.03650192,3477.7363,,69.13028,,,,,,,1.8691989,,,,,,,,,,,,,,,,,,,,0.13747182,,1.668839,69.49193,,,,,,,,,247.1863,,,,13.778501,,2493.439
1979,,3661.5083,8321.177,,60.04342,,,,22.73831,,,,,3608.3933,,5.2376094,,,,,,,,,,,,,,,,,,,27.601952,,,,272.1466,,,,,,36.462864,,,,,,,,,,,,,25.586376,47619.5,,,4742.7974,,,,,,,,,,,,,609.8468,14293.474,,,,,,,,,59.917313,,0.6875932,,,,235.3768,,,,,,,,0.51744205,,1004.16364,,,,,3988.9126,,,,,,,11.711565,,,,,,,,,,,,,,,0.0,,,3.35485,,,,7.630106,,4214.6763,,,,524.5655,,,,,,,,,,,192.2785,,,,,,,,,,,,3401.8364,,66.339134,,,,,,,1.6516443,,,,,,,,,5.7723985,,221.95667,,,,,,,,,0.13479987,,3.2271867,682.2709,,,,,,,,,773.2655,,,,25.424177,17.756521,2973.1223
1980,,13173.968,5520.4985,,61.452995,,,0.1356581,10.716292,,,,,3872.7444,,,,,3.7135115,,,,,,,2.95195,0.004125159,,,,,,,,13.07723,0.0024410994,,,437.08423,0.32804972,,,,,17.287455,,,,3.8246672,,,,,,,,,33.752647,42593.43,0.013319992,,7458.9277,,,,,,,,,,,,,602.90796,13164.642,,,10.869226,,,,,,67.68197,7.133927,0.67136383,,,0.120474905,228.79642,,,,,,,,,,3708.6091,,,,,3196.7686,,,5.986494,,,,4.9767866,,,,,,,,,,,,,,,,,,1.0585539,,,,6.703345,,5667.183,,,,29.516628,,,,,,,,,,,187.32928,,,1.323907,,,,,,,3.484576,7.8089013,5354.678,,63.603134,,,,,2018.1144,,2.2573535,,,,,,,,,5.5818124,,4894.2954,,,,,,,,,,,1.563333,1689.5541,,0.8130202,,,,,,,660.9399,,,,82.15088,20.851854,2.2723064
1981,,32502.25,5418.224,,60.206142,,,0.13350217,10.6208105,,,,,4006.7744,,,,,3.0828767,,,,,,,1.6983367,0.0040302067,,,,,,,,16.140476,0.0024054819,,,432.61005,0.32089612,0.18717292,,,,27.463812,,,,3.7805464,,,,,,0.026013609,,0.011074877,93.4576,130017.49,0.013223068,,3861.5046,,,,,,,,,,,,,474.8135,5935.462,,,26.993994,,,,,,87.35567,6.9667296,0.098370306,,,1.9123912,475.4191,,,,,,,,,,2556.1013,,,,,2672.9932,,,6.2405286,,,,5.5245833,,,,,,,,,,,,,,,,,,44.69178,,,,1.0742029,,7508.252,,,,74.72324,,,,,,,,,,,182.51236,,,1.4066495,,,,,,,3.8342752,8.297005,5011.7275,,30.089014,,,,,6668.925,,0.56829077,,,,,,,,,5.4534535,,5181.637,,,,,,,,,,,15.163222,1303.3716,,0.80992156,,,,,,,581.613,,,,81.529625,20.055826,2.5337925
1982,,40833.945,5323.4517,,57.781944,,,3.5229933,23.17314,,,,,3765.329,,,,,2.8835135,,,,,,,4.4864726,0.0039393916,,,,,598.2355,,,20.953209,0.010260577,,,326.2558,0.31406558,0.36578673,,,,6.607698,,,,4.7965794,,,,,,0.025160583,,0.010774095,93.48468,122680.23,0.13141607,,3637.2424,,,,,,,,2.4517906,,0.95280343,,,584.1811,5586.1416,,,503.9882,,,,,,85.67602,6.831762,1.4097852,,,5.601717,720.29297,,,,,,,,,,2269.8328,,,,,2335.8691,412.12045,,6.953446,,,,,,,,,,,,,,,,,,,,,,170.83362,,,,3.5404053,,7440.254,,,,551.6544,,,,,,,,,,,177.5298,,,2.1389067,,,,,627.8047,,5.1710777,8.248974,5741.8687,,28.93981,,,,,5243.9404,,1.9654095,,,,,,,,,5.2755218,,358.97543,,,,,,,,,0.6339532,,2.4511518,1955.3993,,17.644154,,,,,,,591.4113,,,,89.924706,19.421757,
1983,,43164.88,3282.0708,,55.419247,,,0.14289926,10.433805,,,,,3671.6003,,,,,2.5410464,,,,,,,0.0,0.0038523746,,,,,,,,14.917506,0.0023322143,,,347.23978,0.30764055,,,,,9.258307,,,,4.0862093,,,,,,0.02432129,,0.012555873,79.77361,117354.195,1.5684943,,3582.1082,,,,,,,,15.027044,,,,,574.9797,,,,563.3695,,,,,,87.8829,5.7140226,0.77042866,,,12.116133,698.9023,,,,,,,,,,1616.6017,,,,,2401.664,881.09827,,7.3945284,,,,,,,,,,,,,,,,,,,,,,415.77545,,,,6.239624,,7239.3853,,,,666.235,,,,,,,,,,,191.5906,,,2.0807302,,,,,562.7695,,5.3919964,8.18927,5448.655,,162.22064,,,,,5196.1094,,0.629191,,,,,,,,,5.310549,,336.30325,,,,,,,,0.07088381,1.1146106,,2.3719304,2217.3281,,0.83646196,,,,,,,582.90936,,,,105.439,18.805696,39.51394
1984,,39477.777,3796.1384,,53.154156,,,0.14064184,10.327025,,,,,3712.7952,,,0.6433135,,2.0440972,,,,,,,,0.003769066,,,,,,,,12.713255,0.0022991817,,,312.4871,0.30007008,,,,,13.461321,,,,4.4255447,,,,,,0.023505112,,0.0121834,78.17192,112886.125,0.15609764,,3991.4934,,,,,,,,16.46898,,1.2773495,,,567.04486,,,,627.46686,,,,,,89.63234,4.06261,6.750336,,,10.972089,664.39685,,,,,0.18834598,,,,,1239.8046,,,,,2382.5369,953.45575,,7.7113895,,,,,,,,,,,,,,,,,,,,,,415.72098,,,,6.0004272,,7274.8867,,,,967.6415,,,,,,,,,,,186.12897,,,2.6933439,,,,,,,4.269104,8.12625,5846.9507,,921.18646,,,,,5064.607,,9.940271,,,,,,,,,5.1567464,,3594.4607,,,,,,,,0.08310192,2.097871,,2.2957828,2012.5785,,5.4954295,,,,,,,568.5624,,,,113.7705,,44.807278
1985,,40721.555,3245.6074,,52.441227,,,0.1681146,10.213351,,,,,3969.1755,,,1.1250092,,2.1208067,,,,,,,,0.0036896123,,,,,,,,15.255811,0.011700234,,,276.40652,0.29135874,0.20499876,,,,18.469604,,,,9.519521,,,,,,0.022718452,,0.013797188,76.611946,108715.7,0.15543512,,4390.6006,,,,,,,,23.38734,,,,,595.9628,,,,673.7845,,,,,,98.53223,4.1242948,7.0753508,,,177.97685,2560.0457,,,,,3.7785835,,,,,1117.1482,,,,,2655.1711,1030.0316,,8.387312,,,1.029326,,,,,,,,,,,,,,,,,,,575.74536,,,,5.9051175,,7012.151,,,,1420.4852,,,,,,,,,,,163.00507,,,4.448823,,,,,1812.9083,,9.736433,8.06718,5960.207,,908.551,,,,,3689.8052,,27.340797,,46.01128,,,,,,,24.459627,,4163.0024,0.14530237,,,,,,,0.08097268,1.5980392,,,2037.1841,,17.798878,,,,,,,553.0199,,,,108.754906,,48.92472
1986,,44608.145,3505.2363,,2.9148307,,,0.16876552,16.024975,,,,,4106.1147,,1.0694224,1.3367608,,1.7850224,,,,,,,,0.0036143784,,,,,8.731098,,,19.334457,0.014295878,,,299.45267,0.28293827,0.16734098,,,,6.6964393,,,,3.9885974,,,,,,,,0.015323822,9.592617,104844.445,,,3739.3655,,,,,,,,19.326582,,0.86946404,,,587.088,,,,654.2088,,,,2.247744,,81.062386,3.62474,6.663726,,,170.89943,2493.1028,,,,,0.17182745,,,,,872.5839,,,,,2371.2148,19.08875,,7.5670776,,,2.0023835,0.0,,,,,,,,,,,,,,,,,,1515.5928,,,,5.565052,,6804.629,,,,1780.3673,,,,,,,,,,,158.88405,,,2.942385,,,,,2945.5405,,4.516039,7.0617733,5693.7603,,654.36414,,,,,3440.6738,,45.04795,,,,,,,,,4.8532915,,3238.9185,0.14092621,,,,,,,0.07894425,1.6416312,,,1542.9174,,1.5496995,,,,,,,541.3157,,,,91.81737,,35.958492
1987,,48400.3,3731.55,,4.0967426,,,0.15019926,6.2490144,,,,,3561.6897,,1.0376701,0.59121835,,1.5373979,,,,,,,,,,,,,5.9944086,,,14.902085,0.0021893466,,,208.49931,,0.16393727,,,,8.088754,,,,3.7366226,,,,,,,,0.014904674,8.842192,101294.11,0.15443218,,3503.678,,,,,,,,27.405485,,0.84742904,,,539.4488,,,,647.26184,,,,,,78.81926,3.1407807,5.5788918,,,20.613804,2486.6335,,,,,0.1640617,,,,,740.91516,,,,,1993.4688,,,6.0536456,,,1.3759239,,,,,,,,,,,,,,,,,,,4952.204,,,,5.42615,,6483.9565,,,0.005580873,1765.5083,,,,,,,,,,,154.7522,,,3.9160287,,,,,106.832825,,8.309303,5.9412627,5236.5405,,1222.7345,,,,,3291.2495,,832.311,,,,,,,,,0.17560934,,2700.434,0.13670498,,,,,,,0.07702192,2.053226,,8.3228,696.1881,,1.2787322,,,,,,,528.8932,,,,70.058044,,41.250885
1988,,48796.633,3752.461,,11.142498,,,0.1447427,8.94155,,,,,3544.105,,1.0065744,,0.004663483,9.993633,,,,,,,,,,,,,6.2638936,,,4.6771297,0.023761613,,,301.1306,,0.11242982,,,,37.133636,,,1.4355853,54.815666,,,,,,0.02073868,,0.02536798,6.86181,97969.36,,,3427.5842,,,,,,,,32.582756,,0.82554907,,,530.64276,,0.05895643,9.153504,630.0087,,,,,,71.43346,37.229897,5.2591085,0.0012086886,,105.785645,3007.1165,,0.11608136,,,0.21922654,,,,,1435.0826,,,,,3336.0933,12.707521,1.2260201,15.550679,,,21.071455,,,,,,0.021276118,,,,,,,,,,0.01813428,,,7196.8516,,,,0.05712154,,6331.4043,,,0.016300788,2179.1565,,,,,,,,0.25201255,1.9975723,0.023747662,150.65521,,,61.52119,,,,,253.5767,,88.74255,22.825037,4700.581,,1643.0217,0.06859066,0.28079605,,0.20332864,3202.4348,,4864.8984,,,,,,,,67.83979,7.4773374,,2324.9072,0.13263471,,,,,,,0.08778038,0.27824342,,0.02018596,133.42049,,1.0756344,,,,,,,700.758,,,,64.72344,,6.5636387
1989,,47531.977,3636.5151,,11.256394,,,0.31917244,,,,,,3498.7444,,1.1714954,,0.004568972,9.724289,,,,,,,0.37239835,0.00409548,,,,0.39361432,11.135149,,,9.088147,0.036420044,,0.54531825,284.00934,,0.2045551,1.1544411,,,72.91198,,,1.4149202,56.183,,,,,,0.020198358,,0.022923388,2.1640437,96121.01,,,3214.754,,,,,,,,31.425724,,0.8043996,,,522.1384,,0.058719672,5.0437293,517.4947,,,,0.10326646,,49.800945,41.899677,4.314611,0.0015365712,,93.110085,2925.4194,,0.11411586,,,0.4179556,,,,,1070.5492,,,,,3185.323,62.321148,1.9858102,15.035942,,,47.33958,0.2816208,,,,,0.020886058,,,,,,,,,,,,,8683.426,2534.656,,,0.05448865,,287.36435,,,0.015867807,2402.5183,,,,,,,,0.36408424,15.184159,0.120747216,146.90218,,,60.814877,,,,,391.1721,,200.88568,46.193108,4446.9443,,2034.0089,200.02098,0.17014581,,0.19831246,746.97437,,5064.198,,,1616.2482,,,,,66.99297,3.2596905,,2162.7476,0.1287527,,,,,,,0.085872024,5.0275826,,0.039310094,125.55624,,6.5775533,,,,,,,712.32245,,,,43.239002,,0.05068528
1990,,52625.535,3507.2024,,55.583267,,,1.0135577,,,,,,3429.6985,,,,0.42729023,21.78554,7.5757723,,,,,,10.224199,0.010057447,,,,0.38293666,3.4819973,,,108.259315,0.123614885,,0.88247025,183.7937,,1.5197257,1.1246039,,,127.16572,,,1.3953105,59.435123,,0.86274725,,,,0.070933685,0.04773874,0.08562139,2.115362,91894.875,,,2827.0002,,,,,,,,30.46513,,0.0,,0.47406712,513.6195,,0.15596831,5.0013504,531.73627,,,,0.36141,,30.520346,55.551918,3.9062436,0.022775298,,129.99121,6448.9595,,0.30803114,,,1.5461434,,,0.030577494,,737.1636,,,,2.7302408,3145.53,194.5107,33084.406,13.02516,,,1273.6371,0.2762892,0.13531741,,,,0.05743458,,,,,,,,,,0.06027538,,,9530.625,3381.0974,,,0.576166,,38.85171,,,0.015444663,1264.052,,,,,,,,0.4175434,25.615046,1.1583132,0.01750069,,,67.35435,,,,0.47079206,398.35162,,223.55296,79.028305,4899.006,,2379.4763,777.22705,,,0.19061989,555.9354,,6638.2354,,,1604.8485,,,,,78.37838,17.075792,,3088.9019,0.12503882,0.032883722,,,,,,0.48050883,9.832971,,0.038299195,334.7772,,27.15497,,,,,,,757.2436,,,0.03600266,36.27571,,0.049322862
1991,,51526.785,3174.0923,,107.90201,,,0.58982325,,,,,,3926.1482,,,0.063866265,0.5387253,31.428972,9.776587,,,,,,0.9202925,0.0072499947,,,1584.5573,0.37264293,10.799154,0.017757477,,102.51431,0.17176458,0.11826039,,173.53873,0.20414537,2.2297168,,,,164.34589,,,,43.58324,0.0062264027,1.584545,,,,0.21163665,0.2522804,0.16325442,26080.408,89039.02,,,505.3442,,,,,,,,29.783066,,,,1.4545983,503.29767,12.1896715,0.05821487,4.9600224,567.09064,,,,0.4098523,,26.545807,45.61496,3.3001704,0.04593136,,217.324,7439.826,,0.5857873,,,2.9117644,,,0.13109756,,561.5559,,,0.011251342,3.6258614,2758.166,231.70331,34419.887,18.506277,,,1270.6798,0.27138767,0.13508373,,,,0.18549123,,,,,,,,157.05629,,99.15295,,,9860.89,3974.347,,,0.50791186,0.027259136,14.409945,,,0.022061737,1098.4272,,,,,,,,0.43561405,25.515564,2.1037383,0.023298347,,,56.72694,,,,0.19303297,2924.1057,,118.43163,104.10012,5729.2554,,873.3249,316.4637,,,3358.5728,601.4106,,10751.711,,,1426.6748,,,,,89.52671,23.39605,,1165.3341,0.4130658,0.052123178,,,,,,0.71749294,11.317334,,0.04854289,216.93222,,19.24828,0.0031192559,,,,,,744.969,,,0.1663178,26.878302,,1.2301991
1992,,34280.887,2418.7126,,132.67302,,,0.3294401,5459.325,,,,4050.8894,3142.9885,,,0.63348454,46.502785,34.81678,9.675894,,10331.529,,,,0.37683353,0.0071301213,,,13057.219,0.36230886,10.624953,0.017543819,,101.13378,6.9709435,0.2802964,0.69962907,207.1661,0.27783653,2.4910717,,,0.15224124,197.23141,,,,32.26198,0.0061778044,1.5974033,,,,0.2591202,0.3476629,0.34157082,27974.982,86410.96,,3.8306365,603.87335,,2.4193065,,,1.6371561,,,29.509054,,0.23140214,,2.1822948,488.693,22.514807,,,566.46185,4.123473,,,0.77777654,3524.921,34.79259,38.50946,3.5933833,0.113072924,,210.47812,7342.96,,0.7463831,,,4.4334626,,,0.25017977,,355.58606,,,0.011197281,4.7095723,2108.89,273.7116,25134.984,14.804886,,,765.35474,,0.2704492,,0.1912168,,0.3648988,,,,,,,,745.1688,,598.5957,,,10618.091,3811.7122,,,0.49333593,0.02654693,1.1633286,,249.56812,0.07326166,1016.17365,,,,,,,,0.8806375,25.455406,3.1682606,0.06825822,,,37.9718,,,,0.23509453,4101.307,,109.62628,143.57222,5658.154,,1167.8931,189.30276,,,6086.62,552.3836,,12504.732,,,609.43195,,,,,68.75578,32.930984,,1025.1981,2.4801476,0.05837729,1062.2019,,,,,1.0135319,17.39779,,0.0691976,172.77582,0.07453605,13.727408,0.0030815927,,,,0.024060503,,757.55707,,,0.20681147,21.772469,24.337515,0.07474752
1993,,22582.717,2524.5073,,144.82138,,,0.28401837,5794.8555,,,,4370.9995,15349.647,,1.0557312,0.6179271,48.381325,37.28799,10.482925,,15838.918,,,,0.52776045,0.0057399943,,,15384.366,0.3520829,9.785164,0.017342664,,108.24494,9.313138,0.2984867,1.3761693,184.02296,0.26973632,3.0196147,,,0.14848092,206.70526,,,,48.61244,0.009817544,5.8608346,,,,0.30795127,0.43032798,0.4084832,23017.46,83976.305,,6.315045,468.8758,,11.2604065,,,1.5941426,,116.05041,26.950748,,0.37877864,,2.2720158,472.8195,40.375072,,,513.96967,3.9790542,,,8.297603,3207.136,53.04896,48.412315,4.0997353,0.1616929,,188.12593,4015.7605,,2.241429,,0.20408888,5.4967575,,,0.33045095,,113.16814,,,0.011138904,5.4420695,1590.1597,278.19858,32668.395,12.571167,,,539.3951,2.8919985,0.40758643,,0.1950215,,0.4099227,,0.11240398,,,,,94.426445,1010.5296,,678.4447,,,8344.823,3122.199,,,0.41812414,0.025876345,8.815548,,245.09962,0.090371124,742.20886,,,,,,,,1.1179332,25.88812,8.401034,0.16436988,,,34.95245,,,,0.3438233,3359.5786,,103.16844,164.24971,5644.042,0.040930383,1679.923,269.09506,,,7485.4805,461.57578,,8600.166,,,213.18352,,1428.0082,,,35.331066,39.229652,,3211.9216,6917.591,0.05748308,1224.5936,,,,,1.1966697,28.419046,,0.11294374,171.79596,0.25405863,5.1958733,0.0038075913,,,,0.63515884,,758.2301,,,0.23772933,20.987522,18.784512,0.12891006
1994,,16806.348,2132.6418,,153.57478,,,1.3491849,5998.805,,,0.7558429,3930.821,6820.228,,1.1810036,0.68156177,46.696453,55.74483,12.803655,,20832.326,0.36167452,4.018061,,2.2905743,0.025743255,1.9111323,,18623.684,1.5068183,8.10324,0.017154198,0.114390396,108.09385,9.421647,0.7139252,1.857551,171.90799,1.2345,3.8744674,1.0370259,,6.4326906,214.21967,,,0.7103374,45.04796,0.54907686,2882.4812,,0.21128704,0.3875121,74.38518,1.5300474,0.7793348,22071.572,82452.08,0.105372176,20.05806,407.16208,,19.628098,0.034482837,,2.009639,0.18274854,101.34224,84.057205,,1.3750652,,1.9556189,458.86725,61.80155,0.88856906,4.8473096,493.901,3.8423705,9.129146,4.253376,21.723362,1630.964,132.07945,43.211098,4.439147,0.34701717,0.13926949,197.15022,3723.137,,17.022264,0.25252464,0.40400368,9.646142,0.0055871783,0.14081387,33.92487,0.2796186,92.38935,,,0.037668254,45.542732,1141.4526,402.30838,37109.785,13.873799,,,662.5115,,1.7237166,,3.76799,,0.6884397,,10.260557,,,0.2778425,,17.363646,1734.7487,1.8350211,486.29477,,,1559.7799,3024.6787,,,0.5902666,0.4187595,4.1765323,,234.2879,0.5438422,628.5779,,0.48432553,,0.023022925,,,0.24017227,3.38896,18.205349,18.143753,0.6302585,,,93.71403,0.3273252,,0.25003782,1.4313117,3264.2803,9.810419,97.87642,169.63074,33236.91,1.4117606,1684.9519,297.06366,0.23406747,,6596.9487,537.8939,,8985.878,,21.093073,216.62856,0.22458325,745.8273,0.12528203,1.132595,715.589,49.878296,,3124.7788,3975.096,0.23171647,980.9332,0.17004068,,,0.93142176,2.3063838,48.09288,,0.21058096,156.37927,1.760888,11.440858,0.13711283,129.3666,,6.198365,1.7030925,,760.84906,,,0.9350339,3.4405854,0.17490122,0.34948486
1995,,15698.802,1800.4158,,178.11478,,,0.9409748,6090.212,,,0.6163272,2597.6377,5779.04,0.049322974,0.8029839,0.57766056,46.45826,49.739304,11.799808,,20716.984,0.82373405,3.9183993,,2.2858083,0.03215134,,1.7169917,19114.408,1.8013906,7.198194,0.016972663,0.38349652,98.25583,8.580288,1.3664912,15.453516,201.96825,6.255765,5.312156,2.0383453,,5.9120064,227.5165,,,1.0432388,19.7827,0.4681791,2857.7974,,0.34394702,0.38031876,5.345942,1.7514315,1.3251566,14156.659,78593.51,0.08988151,24.09184,175.51385,,27.793427,0.024058204,,2.4038205,0.12896651,6.1919603,78.13082,,5.838545,,12.338649,74.11045,59.866196,2.1009135,5.775339,415.98956,3.7134964,7.7795873,3.2701404,21.220858,5316.1455,184.15744,22.755472,4.9207544,0.52181554,,180.6269,3451.0798,,17.498535,0.20904706,0.43997324,10.753147,0.00397859,0.8188617,35.035286,0.42430046,611.10944,,,0.06392111,45.435135,1180.6078,341.17352,34327.785,12.676154,,,612.5404,,2.9500656,,6.3557243,,1.1363882,,11.870738,0.5479928,,0.39730385,,644.5234,758.1268,3.3804955,357.46924,,,786.69696,3646.5837,,1.0346397,0.36452764,0.40333286,0.74897903,,105.91344,1.7524003,515.5362,,0.55252045,,0.12137318,,,0.424422,3.9210222,5.7991123,24.239265,0.7300176,,43.063705,51.430134,0.32488683,,0.22927192,1.113585,2759.7388,5.8327856,74.9281,139.60823,32064.314,1.963994,1804.7762,198.76556,0.22639647,8.837045,9080.518,408.425,,8767.246,,23.720396,190.17204,0.44823894,646.7488,0.28324446,1.5456922,433.81448,54.69732,,842.5091,2111.8909,0.35364848,991.1596,1.0736763,,,0.9265214,3.569377,73.521286,53.769222,0.22709697,116.91369,3.2942657,8.245967,0.09060207,0.61961144,,6.1911836,2.1537526,,754.3878,,,2.1863725,1.1045865,0.25040498,0.3371419
1996,,15054.855,1761.9539,,178.2061,,,0.61384594,6198.4824,,,0.6657525,3014.769,7061.68,0.04922727,0.65708566,0.6006038,46.42078,39.148987,10.516059,,25646.578,4.9094725,2.3773184,,2.2065034,0.05115633,,0.0,19464.57,1.4323691,6.984921,0.033594012,0.45249605,86.880394,8.595511,1.7613932,15.736397,350.56863,7.570435,5.9457955,2.0035543,,3.7579317,232.27495,,,1.0223845,9.488993,0.511772,2791.0679,,0.64601064,0.36101556,7.7325683,1.8288108,1.7873116,15608.533,75124.88,0.5392996,91.24145,161.87628,,37.945328,0.07879325,,1.9096924,0.118356265,1007.42316,84.78295,,6.6923766,,23.66644,74.680115,67.060265,2.336784,9.560321,381.1678,3.5924702,7.100265,1.6184133,21.27385,6796.806,196.15805,29.91583,5.592892,0.7702527,,165.585,3324.1074,1.8589641,20.383467,0.1906858,0.713021,14.391805,,244.65712,34.339993,357.90115,576.22864,,,0.08764491,49.356888,929.66547,269.8535,35120.59,5.4336905,,,611.9848,,18.306974,,79.5799,,1.1265248,,132.7817,0.523751,,0.56244975,,647.88354,530.3214,4.6436396,331.4088,,0.21155344,210.13208,3529.4397,,0.8529585,0.3863903,0.50359505,0.7897421,,103.127495,4.1765275,482.4123,,0.6202033,,0.19347575,,,0.3708984,5.4122095,5.251368,26.98381,0.8297521,,41.675644,33.54609,0.32258454,0.043676224,2.1653504,0.9599918,2919.802,3.2134647,52.666332,117.31269,6992.82,1.7641528,1883.7618,194.441,0.4911905,8.58549,8932.622,338.29514,,8431.875,,34.31308,171.81895,1.062951,169.56984,0.41853642,1.6164114,174.90273,57.33744,,788.69305,558.9288,0.47062704,1772.1516,68.858475,,4.985343,1.3067504,4.411243,81.28181,53.401688,0.21327639,133.45703,11.919703,6.30004,0.05205628,298.66846,,11.490596,2.4622588,,708.5294,,,6.665442,0.6338228,0.43313798,0.32262793
1997,,14506.072,1825.9164,,166.61171,,,0.4367445,6274.5435,,,0.67755747,2960.4648,8552.1045,0.08839592,0.62278086,1.024307,34.886536,37.105545,13.140626,,21134.69,2.9637341,,,1.9956143,0.061801855,,,19456.307,1.018006,3.9357817,0.03992137,0.76172626,65.461525,8.599436,2.2122269,16.333683,378.00208,732.1333,6.400663,0.98468035,,2.3232486,226.5062,,,0.77988,6.7606683,0.53768903,1212.0698,,0.62440383,0.61168957,11.524952,1.7870309,2.5134537,14825.946,71047.45,0.5293908,88.990875,137.42632,,40.140614,0.10244387,,1.4389158,0.12832119,1004.37476,80.991455,,8.081831,,31.44377,74.21389,76.83617,1.6474733,10.445451,345.43054,3.4785995,4.8540506,0.7324667,20.472841,7754.4043,197.07666,25.976301,4.2607565,0.8925732,,147.6847,3189.5867,1.8436986,17.497639,0.19584092,0.8242234,14.267916,,254.13803,34.029896,336.65442,892.223,,,0.10883396,46.092953,725.3279,248.95282,20444.469,5.2520986,,,670.07684,,18.189867,,78.7431,,1.1354725,,117.941826,0.4936355,,0.7051601,,628.99725,169.20116,3.5834312,310.62622,,0.41856188,198.53702,2915.1716,,,0.35031128,0.41169158,,,26.800907,2.606317,467.71295,,0.48970908,,0.2110299,,,0.36517575,4.1976595,4.3360214,26.145292,0.7116878,,16.159147,19.01518,,,2.1067107,0.39629444,2686.1277,3.2696893,39.957146,133.9533,876.77527,2.4904437,1413.0754,184.8763,0.5267831,8.343967,7741.9946,292.9895,,7771.5327,,30.229963,147.96861,1.2849686,172.04158,0.44090092,1.6887747,40.165684,56.124393,,717.3838,151.99881,0.44133687,1235.865,73.30405,,4.9656873,1.5315835,7.461837,75.31705,53.0504,0.18683839,252.70813,12.49929,2.6990561,0.02742551,290.70294,,11.488361,2.6197824,,642.3481,,,9.628541,0.5277353,0.6712089,0.32542256
1998,,13920.243,2107.0786,,166.75316,,0.16445032,0.38490236,6020.043,,,0.7896256,4107.437,8122.608,0.13721205,0.6627889,0.88962686,3.594288,38.350037,14.701489,,15652.265,2.896659,,,2.2493806,0.07921511,,,18560.373,0.9957023,4.6295877,0.052753102,1.0688728,46.30548,8.745753,3.1865199,9.537035,335.80566,580.64496,9.356436,5.22642,,1.3217583,213.49893,,,1.0934316,18.791225,0.8401216,460.71024,,0.5278773,0.50539273,19.02234,4.1383743,3.7258754,15904.208,67380.39,0.14033382,56.12221,111.52,0.097020596,36.606472,0.10548018,,2.2281935,0.15010194,779.31635,72.907585,,11.271972,,41.685005,748.22437,65.31791,1.6205465,17.920639,293.96326,3.3694992,4.9764533,0.5980374,17.595818,7604.8174,169.19215,12.124798,4.3149877,0.9485944,,139.44078,2949.7385,1.824012,14.369247,0.13283186,1.0117755,17.36928,,130.74051,20.897905,151.79942,635.0461,,,0.13627253,44.840668,552.9057,233.94711,13684.362,8.403507,3.2323127,,618.2564,,7.779539,,42.0709,,1.2707429,,63.676376,0.42609882,,1.0578053,,94.91675,33.87494,3.8092144,301.43393,,0.7045776,0.32294407,2837.6133,,1.0040908,0.250165,0.39713854,109.65247,,3.8914795,3.3359406,437.99127,,0.36014158,,0.40117636,,,0.3599563,4.6818795,2.9717498,27.449577,60.166748,,4.180869,4.905231,,0.021448577,0.2067026,0.32652876,2616.2588,3.6173031,49.019737,116.99351,961.903,2.4259176,1473.9824,102.19983,0.5382658,8.113049,9452.759,214.10403,19.121191,6841.5044,,27.705751,107.34282,2.6605637,166.61018,0.44064778,2.8440936,47.06582,51.40196,,772.07745,72.00291,0.47137126,912.3433,35.415398,,,1.9080678,9.757203,70.63534,52.803886,0.30844718,59.04296,9.128672,2.222712,0.018108113,214.3035,,21.20235,2.406643,,578.27216,,,10.452122,0.3980626,0.79093784,0.34499714
1999,,13081.845,2256.1223,,197.13994,,0.15309195,1.5899035,6100.7515,,,0.58794874,3840.8997,8322.931,0.14667515,0.6283185,0.87257546,3.3835936,32.872784,18.942228,,14482.998,14.991203,4.719693,,2.080425,0.11302625,,,18472.543,0.6090112,5.094582,0.062092602,1.2597774,10.046144,8.883676,3.2586086,11.366496,523.25995,900.0368,11.473192,5.1341143,,1.8901619,210.63507,,,1.8255328,12.125191,1.5879375,259.44867,,0.46976462,0.5327835,23.429533,3.945216,4.874096,15687.651,64046.89,0.12006021,45.170273,108.66612,0.09679575,39.430897,0.101549976,,2.172124,0.1733554,670.4625,69.38949,,13.889694,,47.88859,263.3425,63.247314,1.5193951,32.788727,245.83784,3.2519903,6.1478896,0.2569325,16.655027,8065.0996,107.56565,7.798589,4.2360573,0.9483486,,132.69843,2719.8367,1.8021265,7.954822,0.08560328,1.2742317,18.383572,,58.612007,20.6199,80.56607,312.39874,,,0.15483744,51.999043,400.55917,180.41124,10443.567,10.789494,6.3808475,,615.99176,,7.1248016,,37.769436,,1.3308506,,56.21497,0.33123952,,1.398332,,102.09522,3.3934777,5.7949543,293.9667,,1.0270985,0.1466069,1178.0304,,0.41462705,0.30775324,0.3699489,39.518772,,4.569408,3.6083677,415.25864,,0.18193015,,0.7378177,48.98599,,0.3550963,5.320612,2.4730506,27.514177,58.53903,,0.112163514,3.233413,,0.04255755,0.15663429,0.39974904,3291.6746,0.9795759,38.61743,19.232967,1091.4937,1.5059389,1789.3031,119.18737,0.60505795,7.8975916,11348.812,209.8105,18.87861,6177.578,,20.356733,88.451035,3.309716,166.21257,0.33868873,2.6193628,36.57065,41.243366,,714.9954,73.89601,0.5056258,727.5014,23.396244,19464.74,,1.8254962,12.800377,68.13856,52.532043,0.3513478,59.890926,24.481533,1.1063238,0.013630552,186.0066,,31.750511,2.301946,,531.38226,,,10.620397,0.40658817,0.88295573,0.33945903
2000,,17820.504,2678.3538,,214.80367,,0.48660645,1.6337943,185.14667,0.0,0.0,0.41183442,3477.4985,8779.796,0.19508924,0.65082365,1.0397846,4.016521,30.04805,13.739772,0.0,12139.569,25.171875,4.9832025,,2.0566258,0.12642351,1.90788,,18252.354,0.29808322,3.5216587,0.080927625,0.9604673,5.534185,8.740441,4.3561764,13.860732,735.941,874.8634,23.735008,4.6634483,0.0,1.3967413,180.72551,,,1.2662675,7.9028535,1.4450363,255.7117,0.0,0.48692247,0.5591671,25.935244,5.272194,5.410266,16770.848,60970.93,0.18283866,32.927677,98.49358,0.09659602,47.686264,0.1244038,,2.1166875,0.18456641,504.0707,75.1639,,17.665545,,51.61175,71.26966,71.66349,1.1499969,21.402119,177.03644,,4.576144,0.14914988,13.743237,7748.3096,91.097946,5.024239,4.235512,1.0772998,0.13148937,132.89337,2154.2896,1.777506,6.7744536,0.0803182,1.4188057,16.985508,0.0039361464,16.366571,7.7244663,14.865228,295.69882,,0.0,0.147541,35.196983,296.25058,235.78624,9115.961,11.366592,7.5650597,,643.52686,,4.428053,,20.436428,1.143338,1.3861799,,62.57425,0.3087852,,1.3059496,,105.72346,3.148982,4.2510095,302.75653,,1.0182544,0.13237981,1138.0359,,2.3836296,0.30046093,0.34395954,126.85233,,4.1964846,4.537812,100.94301,,0.08717985,,0.92477506,49.082165,,0.2190927,6.543167,2.325291,26.121943,57.118706,,0.108360596,2.2452774,,0.06338231,0.23339048,0.3920896,3510.4067,0.0,33.32991,27.473833,1449.3782,0.47596285,1777.1704,111.12268,0.5204137,7.7188344,9105.63,130.44803,18.640718,5381.371,,15.969007,70.07282,4.014869,164.98752,0.19161193,1.536352,29.997961,35.26891,,645.61096,78.24833,0.33805332,953.69147,6.5245733,16400.861,4.8687863,1.8184835,12.340066,72.07231,52.26845,0.90484154,135.01994,38.965504,1.4695923,0.061459947,14.636674,,42.268032,1.9122013,,480.53622,,,10.72149,0.35623625,0.9083982,0.91657835
2001,,18781.828,2810.117,,242.2852,0.0,0.48340368,1.7541614,233.63107,6.5718565,0.0,0.33572766,3256.9353,8350.261,0.10693102,0.6983991,0.7320051,4.0524592,26.764357,6.5717664,0.0,10702.997,37.140015,0.0,,1.7937241,0.14236999,2.2863326,,18147.318,0.0,732.1856,0.01601867,0.83028996,5.317571,9.181254,4.7087507,17.825546,752.20044,740.61694,45.170822,4.568538,1.086248,2.1451995,170.04462,,,0.5186028,11.503193,1.2546701,58.471874,7.320751,0.09330404,0.51603806,26.807121,5.026824,6.265067,14412.199,58173.12,0.10910254,34.79391,84.87825,0.0,86.03988,0.06844155,,1.8326291,0.17541464,415.47485,72.13243,,23.524693,,48.962456,72.703865,70.148674,0.85768306,49.07498,140.92575,,4.709059,0.07380898,11.586282,6749.0737,85.691475,9.334402,4.094973,1.0724571,0.12943372,137.11972,2105.3708,,5.766794,0.06282091,1.4098407,14.057357,0.00392896,17.996155,8.06789,13.545059,274.5668,,,0.17643258,34.65916,228.65242,198.86763,8111.9463,16.229803,5.6163297,,624.54974,0.0,6.046632,,26.08734,1.1232901,1.2389532,,89.050255,0.21135525,,1.5904238,,590.04016,2.6107771,1.7378869,318.64838,,2.3005168,0.2427481,1114.3191,,2.4473674,0.22427216,0.32729003,123.582504,,4.009849,4.6795616,86.42197,,0.030897183,,1.2025613,,0.0,0.21642932,7.739015,1.1728122,24.10567,55.8577,,0.104740486,8.332602,,0.07138249,0.13520914,0.11565842,10768.884,0.0,27.609594,30.90257,1019.7547,0.17017376,1718.0449,83.75648,0.3644165,9.351267,3816.49,119.754196,,4784.696,,14.345634,49.11975,3.5133774,38.29754,0.056204922,1.4271226,16.544357,28.508028,,525.6856,82.54086,0.14139575,875.66266,6.5234838,8992.519,0.0,1.2070252,13.820105,71.07693,52.039967,1.048346,162.18185,54.395664,1.3743576,0.07738859,13.766282,,59.027718,1.8574909,,453.01257,,0.0,9.769533,0.27540213,0.53267807,2.1466928
2002,,11742.35,2512.8262,,343.257,13.528138,0.7329101,2.008975,433.4286,6.489377,0.04592925,0.8909083,3125.3013,8419.406,0.20323285,2.9705176,7.6492968,4.1775336,36.16152,6.5141816,0.0,9705.239,64.47594,0.0,,2.4156332,0.24537335,2.2713938,,18020.65,0.28657153,633.2376,0.16489312,0.7556249,10.751721,10.265164,127.21142,33.245293,783.90857,835.44977,75.94356,7.1565695,1.0705354,2.3799534,161.35205,,,0.50945395,68.21639,1.1258911,59.076694,8.773854,0.11160783,0.92632014,38.07144,6.203156,8.449728,13295.843,55578.49,0.13890319,76.6979,85.48134,0.15382995,124.81688,0.15250157,0.0,2.527614,0.2653644,411.1095,75.61727,0.0,39.393265,,55.87029,75.85412,68.79975,2.7180183,67.33448,113.43257,,6.547442,0.0,9.727815,6382.6255,89.710915,34.669956,4.4608345,1.3073064,0.12727696,203.43967,1624.6056,4.5200253,8.782485,0.3883621,5.5669546,22.79171,0.010981719,40.346996,9.466804,57.698486,260.21277,,0.0,0.51586586,34.223583,200.20004,589.5143,8899.2705,26.196297,7.4232163,,672.73395,0.25066602,39.63356,,133.25499,2.8507147,4.3358917,,244.29529,0.29629773,,1.6425629,,390.55533,4.2724433,1.7259617,321.1864,,11.079672,0.6804394,1100.1735,,3.1602232,0.40402535,0.4854273,68.67812,,6.7130127,18.400114,78.62267,,0.19646293,0.11018031,3.5492928,,0.0,0.81295806,14.191667,1.4060459,23.566954,54.90142,,0.20256549,43.717655,,1.0691625,0.5762003,0.49417126,12905.701,1.4060446,40.61549,62.782864,895.8255,0.5806517,1740.9686,115.31388,0.9645764,12.017235,2845.7175,110.746796,18.171906,4526.711,,27.34573,20.339693,11.082836,42.83051,0.30251947,1.8877612,50.07103,108.24157,0.0,519.2956,192.87755,0.5321596,968.5725,16.710442,3195.8552,6.7380257,2.627594,25.502628,288.88962,51.840332,1.6001638,158.28223,175.14948,1.8298998,0.13341027,27.094501,,71.45062,2.0640302,,474.4464,,0.0,7.6553535,0.5643551,0.78888386,33.290146
2003,,9396.182,1836.7041,,332.95993,10.070929,0.38163707,2.0221589,432.9748,6.4188147,0.06054659,0.83716995,3014.6677,7548.1196,0.38549528,3.462624,6.5125017,3.9462197,32.866055,6.1631308,0.0,7179.8574,79.73947,3.4117532,,2.872705,0.2087224,3.0099063,,16305.846,0.28157213,862.61774,0.19160408,0.46362892,9.666294,10.226978,175.81198,38.45835,819.359,840.16345,92.80505,10.880858,1.478715,2.1987097,143.48698,,,0.5002001,65.36307,0.87563735,63.91913,24.798693,0.18550739,0.9910222,36.21043,5.384263,7.365111,4976.571,53153.875,0.119981535,74.47939,84.88655,0.1150978,125.59203,0.18109643,0.0,2.6765938,0.24406396,305.6672,74.49977,,43.603783,,47.159676,73.47539,68.87873,2.454557,69.792,53.45748,,9.828241,0.087477505,8.5121765,5345.0186,86.18807,33.574142,7.216238,1.2269845,0.15026541,178.17532,1375.1509,3.7981327,9.626592,0.36023742,9.786839,20.011017,0.013315449,41.67678,9.387193,60.898293,240.62566,15.9254265,0.0,0.49669406,29.148495,181.81996,550.8547,11326.691,27.636377,9.8168545,,611.50726,0.25188157,44.94512,,138.62051,2.7714887,4.3657026,,272.03574,0.47587797,,1.602276,,287.35233,3.594811,1.4697381,324.36063,,12.847919,0.54660374,1089.1312,,4.347497,0.49254715,0.9522033,67.22403,,5.5950704,17.794117,76.454094,,0.23217572,0.10953704,4.7958713,49.573666,0.0,0.21152373,14.595155,0.9091442,20.224445,0.48269933,,0.1959502,39.815697,,1.2702165,0.51653653,0.6383254,10316.5,1.8799769,38.82659,66.13019,876.4303,1.2349116,2027.7938,77.85526,0.84577,13.085524,1362.9834,94.32205,,4060.172,,26.653837,13.230099,12.42514,30.514444,0.33487996,0.0,42.501377,116.36008,0.0,550.8952,191.07848,0.45476854,885.0993,17.187956,13.851382,10.52823,2.913235,25.437769,272.86047,51.466805,1.8954123,133.72736,194.84785,1.7981292,0.13590515,28.757828,,92.79799,2.3095303,,456.45142,,,7.4010625,0.58556277,0.86492556,58.48439
2004,,10247.847,1230.3052,,338.01685,0.0,1.5579264,2.0326715,443.6329,16.511292,0.05487193,0.5383253,2951.5632,6644.4517,0.39342508,3.6646209,4.25909,4.011816,28.737598,5.967094,0.0,5525.5625,84.49846,2.2083585,,3.0420575,0.21951535,3.7411568,,16179.777,0.2766783,740.6934,0.1773895,0.14896679,7.3081875,10.34544,120.68897,45.94086,810.88477,789.21576,114.05002,8.95454,1.0430204,3.2380342,139.43713,,,,44.126305,0.09014199,59.554577,34.952812,0.18502778,1.0214293,32.640392,5.2760367,6.7453103,5045.938,50962.34,0.12258711,62.303604,83.01172,0.0,146.39128,0.1830806,0.0,3.5171142,0.23433618,163.21193,67.490395,,52.710423,,42.188133,74.69051,60.005066,2.01875,89.63032,34.152107,,25.051678,0.101623595,6.644743,4999.478,103.352684,27.236345,12.249116,1.1738644,0.12296898,163.92975,1130.9392,2.7381132,10.113251,0.33002883,13.09769,19.68696,0.014865145,38.636826,11.067755,63.15529,136.72601,32.259407,,0.5639759,18.124264,278.71048,431.67578,10626.461,29.564056,19.482496,,567.763,0.2536616,43.53359,,124.63679,3.7328212,4.383531,,294.95844,0.70942545,0.0,1.6667603,,244.70653,3.6329181,0.0,342.04626,,17.421734,0.47378287,1084.2651,,1.200193,0.7599552,1.1363288,67.29874,,5.0957937,16.930738,34.55398,,0.27396324,0.108891204,5.434981,,0.0,0.66532993,15.146013,1.1688143,17.11535,0.49540186,,0.18963212,27.989733,,1.4182675,0.41025108,0.6310107,10066.448,1.2930906,28.234076,74.45649,723.5238,1.0778116,2391.071,75.8493,0.8627369,12.852442,780.4187,74.89167,,3786.4697,,22.825115,9.14525,11.495455,29.093857,0.33356294,0.55909127,53.30309,116.86831,,530.69366,189.90565,0.48890755,836.1025,16.437778,23.786947,4.7579174,2.8244681,24.699568,254.50551,50.818172,2.5767741,117.67841,186.7089,2.314845,0.1540373,28.01453,,160.38138,4.7492785,,435.3964,,,7.236879,0.5327464,1.0495492,77.28511
2005,,8875.955,1118.7041,,413.43808,12.91389,0.664552,2.1674392,464.51523,16.325916,0.20202528,0.75341433,2718.056,5781.9624,0.90658516,4.770865,4.320948,5.046443,55.23033,4.2890015,0.0,2683.5393,91.530334,1.7873293,0.0,2.8096015,0.20033775,2.9771097,13.094475,16096.544,0.0,999.6936,0.36991173,0.18837906,5.682381,9.472017,91.352264,53.272114,733.1581,660.8594,143.48082,10.798426,0.0,4.1302533,168.72728,,,0.48255283,34.911926,0.091411315,59.34407,43.636364,0.18451716,0.67208415,36.316128,5.5755525,7.753294,5413.392,26763.781,0.1114678,54.471096,83.51296,0.095309295,155.94118,0.46409714,,5.329678,0.22113632,181.04211,82.05547,,62.90394,,100.777725,75.42035,50.45547,3.0324168,137.59294,25.795336,,53.224903,0.0,7.167345,2762.0652,149.40504,34.930496,14.892691,1.4094859,0.5535122,138.42703,923.3564,3.3686821,9.274381,0.37423298,18.198261,29.487875,0.007817794,27.060171,12.956579,59.603493,132.47809,31.618135,66.7255,0.5558847,16.720337,416.40466,392.30545,7001.9653,26.55837,58.020065,,534.8692,0.0,43.343937,,108.40317,1.6148045,9.598742,0.0,302.48193,1.0490763,3.2633986,2.1821823,,411.66443,3.7817662,,347.50568,,25.551344,0.4580248,1076.8749,,1.7498996,0.76323783,1.5017761,62.087452,0.0,4.6669893,15.255425,27.386192,,0.9413504,0.25956497,7.8336835,,0.12091892,0.4065358,17.045,1.2375401,17.305326,0.5271771,,0.306002,51.520844,,1.1764015,0.70456105,0.770911,9829.156,0.72690356,54.18746,71.257614,1107.2024,0.7101207,2218.7034,77.09511,0.81998646,5.5890207,735.6444,71.31697,0.0,3716.04,,14.228271,5.0065374,14.637239,7.7118955,0.83058584,1.1121182,43.678883,87.14213,,468.5182,874.16895,0.64225477,790.6888,16.190775,26.468138,0.0,4.5117006,30.422777,246.00908,,3.9354722,122.331825,176.99278,3.2564607,0.2285972,31.574183,,248.07718,9.635704,,441.8245,,,5.800769,0.5233376,1.2458594,90.087395
2006,,8289.418,1031.6218,,461.48474,12.561394,5.190547,2.2411728,498.70065,22.327244,0.1408412,0.3627613,1447.1646,5041.3926,0.59724444,2.3811598,2.595015,5.324919,44.906662,5.630257,3.4444554,4920.865,97.50166,4.5156293,,3.8963692,0.3766345,10.369947,,16110.393,0.5334682,1637.1824,0.2869425,0.5081223,4.83367,10.666027,128.01988,59.104057,663.04047,536.7942,170.51103,12.071064,6.9284816,6.548899,297.7333,,,0.47419256,20.728622,0.13953152,55.97318,71.19713,0.18391058,1.5094441,24.798128,6.233078,9.199471,7166.1895,25693.732,5.463644,46.18063,91.70235,0.1898885,188.79791,0.12731703,,6.364621,0.2784553,158.56041,43.180103,,72.3427,,72.81589,70.65565,46.448273,0.8442184,180.66437,48.573196,,70.489716,0.11542198,13.51734,2172.6667,226.04941,31.015093,14.841528,1.5173775,0.117129624,139.63097,5070.177,10.530369,12.799479,0.18041192,24.472662,24.769047,0.12969029,45.79067,14.513328,47.194,131.7029,38.989082,0.0,2.7767062,25.795637,443.47003,257.8115,4599.0425,26.035866,97.80567,,574.6148,0.25706068,28.625525,,64.17192,1.5724754,15.270783,0.0,297.8589,1.3075926,4.7791095,3.0777502,,379.90036,4.1886635,6.017383,424.43527,21.455301,33.504066,1.0391066,1108.9509,,5.9345536,0.8485685,2.1765537,60.043476,,5.627749,8.882638,33.7156,,0.24857749,,9.979135,,0.16738631,1.4712934,14.267373,2.1333182,24.632397,0.9920791,,0.40013492,35.48092,,1.6065562,0.23754948,1.870977,9166.48,4.9340024,34.341568,110.60357,999.60736,2.8379514,2145.182,131.73805,2.450611,7.5264134,761.8326,106.45882,,4227.834,,18.110365,12.380881,13.781311,87.71334,0.17619927,1.4754132,67.4846,62.774303,,338.91797,454.49155,4.9919114,9.153297,13.38617,25.701149,4.705174,11.113515,27.400814,324.4127,49.613018,4.1320367,75.48447,134.76685,4.8031497,0.45291704,34.064888,,344.55978,14.035053,,455.5039,,,5.793632,1.0020347,1.6406201,101.088585
2007,,11801.129,895.8124,,507.2965,12.209863,5.4225693,2.9087808,518.85406,29.370012,0.27201736,0.22899987,180.35156,4603.3516,0.4988006,2.9595802,3.7593699,6.9160414,43.575134,6.1470428,3.9621558,1950.1323,51.876293,4.3901567,,4.367146,0.8607691,14.375337,,16296.197,0.83717036,2198.0037,1.6015873,0.43735337,5.7822986,11.244945,105.66529,63.706734,592.8062,495.5746,1276.1333,15.074522,5.6429315,8.241539,66.41107,,,0.93220365,13.339732,0.15498433,73.7539,84.226425,0.27464458,3.722637,31.000818,9.107542,8.055653,7609.5444,31780.393,0.0812892,19.24355,72.012856,0.094540924,203.15356,0.1585714,,7.4538536,0.31363827,297.53564,21.326197,,85.58023,,71.18675,70.15904,38.801105,0.8329005,265.0816,45.09948,,89.314735,0.12909992,15.775758,2326.922,237.6431,33.72505,8.668184,1.7179316,0.20484723,91.683075,8133.552,3.208604,22.104269,0.142111,28.22602,26.028107,0.40519118,32.18264,19.833656,42.477703,127.873795,35.266113,0.0,2.4554713,29.546751,165.31717,270.20392,2494.9783,31.764072,135.30751,,658.50775,0.2559806,14.266359,,29.989449,1.5317425,12.94151,,127.5641,1.3878915,4.622653,5.1188536,,387.70935,31.049036,2.3969262,397.52274,87.624016,42.293335,1.0005807,1069.9742,,5.277577,0.6850151,2.2630985,55.632423,,5.518926,9.067821,34.544563,,0.2661608,0.0,12.557629,,0.28414002,1.7119457,17.26188,3.0545542,27.121658,1.7018907,,0.47390962,7.656412,,2.442549,0.27496433,1.7807726,9131.8955,4.7161965,25.389645,64.79783,847.70166,3.2948394,1596.346,134.96628,2.545406,9.396843,558.5672,100.269226,,4039.2292,,18.855806,11.675511,6.4348235,2.3334801,0.18582729,1.9253461,59.02736,65.52342,,502.6049,363.2794,3.4603837,12.328898,12.719184,0.5970755,0.0,15.380322,23.827526,313.68924,,3.0167363,71.91409,55.20283,5.8570843,0.7169261,20.896725,0.0,577.35065,18.405483,,391.91293,,,6.6658196,0.93808305,1.5280428,112.19877
2008,,10698.016,794.1829,,501.4145,5.987092,4.045905,2.5702457,551.79126,30.14736,0.1731351,0.18021807,182.50769,3310.5435,0.5415646,3.413351,4.71225,6.755009,40.288822,6.424453,3.0714846,1883.6517,56.41514,5.9137964,,4.6188865,0.73594576,12.100367,,15292.289,1.4872,2743.81,0.29896182,0.41875336,5.8673363,13.132872,103.27015,74.577156,571.4975,484.30612,853.61566,59.747597,5.38533,7.972869,70.210464,,,0.9165659,13.046455,0.19972685,71.465454,81.317345,0.18202463,3.2695663,25.975843,7.29321,7.8926415,6618.2563,30598.107,0.056234386,18.547909,74.65543,,206.10956,0.15450734,,8.213133,0.28535822,319.6241,54.536205,,95.77861,,73.49305,70.76332,35.130165,0.60486376,279.5034,42.532665,,93.690285,0.12819254,13.928081,2248.5332,241.94237,16.0932,8.052619,1.6185528,0.1560413,91.44108,6570.409,3.1494179,20.980934,0.0956991,30.268198,26.924664,0.14279473,29.37322,24.69498,47.28097,122.74541,34.537342,0.0,2.2727044,31.94499,139.79568,263.24985,1968.6177,33.1653,170.59995,,667.6983,0.25425276,15.194708,,35.128643,1.4927183,11.136855,,146.87117,1.328628,4.461922,5.58101,,362.80017,11.719598,2.3868115,381.0849,202.25803,50.447327,0.90746444,1432.2352,,1.5690767,0.7369558,2.2016642,47.678158,,5.1360765,8.991402,27.489883,,0.2771542,,15.524247,,0.18771328,2.0940127,17.092957,3.0280125,25.519657,1.4541675,,0.61255723,6.276993,,3.5574946,0.3313112,1.7279536,8879.617,4.8355155,22.91162,71.66378,739.76965,3.0058548,1246.875,132.84961,2.205236,10.023545,551.6285,85.48253,,4811.289,,18.41112,9.30662,6.1905956,2.4196455,0.17353761,2.5498636,55.09761,70.279175,,479.9718,262.74884,2.6782084,7.372177,13.751084,0.6780114,4.6713257,16.616985,22.138674,299.55,,2.9644783,24.666378,60.693092,5.8749,0.69711703,22.902529,0.0,673.5887,20.678204,,385.2914,,2.6299593,7.0245466,0.8784184,1.4668244,129.82329
2009,,10511.554,629.0761,,530.3754,5.958978,6.1278687,1.4784052,611.23376,32.069176,0.10558686,0.17974678,187.3134,1053.0248,0.61038,4.3009934,6.2571344,6.911741,36.631866,6.083054,3.3075528,1804.3723,58.039406,5.118051,,5.690736,0.50655985,10.213871,,12833.54,1.6074982,3522.6365,0.2867585,0.24555278,7.6720796,13.448264,105.22806,77.17912,686.39966,479.91016,880.36914,41.747864,4.3465548,7.6448045,66.7303,,,0.9014068,10.171783,0.20633772,67.250015,74.042885,0.18105547,2.2897763,23.014647,6.940529,7.9804225,7242.804,29488.883,0.07290633,18.658281,71.44493,0.11238367,208.10187,0.1267699,,8.726702,0.23997611,383.1398,59.83268,,107.57586,,105.05347,72.06574,30.025984,0.54915047,298.38406,40.53993,,96.264175,0.14155355,14.224831,1774.2336,248.82387,15.34788,7.4858146,1.5908288,0.15439758,95.177956,5939.1934,1.5692724,18.012527,0.07011216,33.174995,29.530523,0.115451396,22.509228,23.779423,48.36965,119.22824,29.113722,0.0,1.1679478,33.482513,134.53175,325.5016,1815.8855,34.38208,183.65906,,702.0039,0.25241256,15.680051,,36.74061,1.4558902,7.1087875,,159.94768,1.2576995,4.3068547,5.7437644,,384.4024,18.962736,2.3764257,835.72375,407.6244,55.902958,0.58057094,1191.4918,,1.6419386,0.875256,1.8844593,44.189854,,5.0929294,9.632244,26.040369,,0.26372337,0.0,18.772287,,0.20909303,2.3466616,18.072655,2.8616452,21.704811,1.0457252,,0.91811967,5.399694,,3.5291746,0.283654,1.357727,2427.4177,4.161276,21.140188,76.07748,1283.3239,2.5972786,1065.049,132.16734,1.5497404,12.54463,254.27472,83.54436,,5670.8,,17.991072,8.094484,6.2394686,1.7193863,0.16131221,2.5335743,50.190083,81.51715,,462.4024,280.2712,0.73105127,7.423001,13.463944,0.6611364,4.6633525,17.330696,21.00335,201.99864,,2.7295244,23.983227,52.574085,5.5285454,0.768448,23.84452,,766.3702,21.85785,,392.43454,,,7.432199,0.7346045,1.489949,170.7476
2010,,10800.062,578.8883,,504.3481,6.1937146,6.024468,1.3393497,598.8571,32.81109,0.17162278,0.11954448,183.1887,896.4269,0.7314875,4.470534,7.0534406,6.60044,34.39284,6.676294,4.6260767,1652.7963,60.427246,6.5572543,,5.784522,0.5116108,10.535838,,10698.109,2.754401,3670.1956,0.25148478,0.25556657,6.768923,13.65835,185.64067,76.02172,695.25946,463.48254,883.436,55.738297,4.315477,7.726135,66.032814,,,0.8866616,7.750356,0.19670692,59.76875,74.050415,0.108149715,2.423581,18.417587,5.6975346,7.73913,7553.246,28412.191,0.08753115,18.175673,76.03173,0.111870445,203.09152,0.14191696,,9.709963,0.23330933,273.00272,79.19529,,115.21639,,115.90162,71.312195,25.733812,0.46742976,308.2437,39.13761,,99.56504,0.2253009,15.539308,1531.2881,264.05396,14.380014,6.8540945,1.4287305,0.15353961,88.84557,5422.954,1.5715215,17.582752,0.0747953,38.383553,30.806988,0.116238005,21.565845,20.637728,50.038574,112.4633,28.5144,21.335154,1.1851711,33.49897,132.80292,314.68137,1727.8832,35.350224,195.41191,,675.6232,0.25046888,16.399153,,33.93977,1.4214414,7.010193,,170.81544,1.1990979,4.434565,5.9925776,,384.10733,22.947344,1.1830008,847.868,513.06146,63.6627,0.52175653,1112.3962,,1.9489986,1.1331089,1.919334,48.013687,,4.797921,9.388339,24.854242,,0.31005475,,21.516384,,0.2530035,2.248454,20.065845,2.5905757,20.057745,0.9996146,,1.1397095,4.6147356,,3.6618664,0.2741368,1.4987872,2322.975,6.377111,19.214417,77.774284,1119.6349,2.6195352,1093.524,128.64632,1.4575479,14.071928,180.96602,82.03349,,6280.835,,17.600792,4.364184,2.9117982,1.711817,0.24524873,2.8786013,49.47733,82.06858,,436.24487,271.93076,0.5118152,7.4880977,12.993418,0.7375393,4.6548433,18.173204,20.053904,200.12471,,2.5358317,19.82353,54.033928,5.5746717,0.9705436,31.146173,,860.2033,23.242899,,387.29224,,,7.73705,0.7145034,1.5824606,180.28606
2011,,9078.812,531.2375,,465.4647,6.4266524,6.7227488,1.2125379,564.1287,37.058483,0.16904081,0.11914305,174.67294,1042.2125,0.7972008,4.5573316,7.574163,6.5413957,31.463316,17.650963,49.497227,1565.3433,62.452904,8.86021,0.0,5.9426427,0.5325557,15.2091255,,8173.254,4.243954,3567.5833,0.31254116,0.2527046,6.8119693,13.995141,673.64886,74.87528,693.68353,278.45462,874.84174,62.86823,4.3014703,7.201995,69.415085,,,0.8722251,7.2221375,0.20900871,62.72633,70.93944,0.10770353,2.403067,16.510685,5.950582,8.696601,8402.254,27385.537,0.08936543,16.950863,75.79282,0.111353695,172.61945,0.14435047,,10.101084,0.22831307,261.45572,77.91887,,123.52663,,129.65115,69.523735,21.017149,0.48609945,289.9378,41.15028,,102.92685,0.19599693,23.031204,1463.5724,339.40823,12.406156,6.4412546,1.286527,0.15285167,92.32288,4441.053,,17.708418,0.09442107,45.209316,29.971535,0.13739648,20.49104,20.419348,56.537296,103.24952,28.013735,14.919965,1.0340412,35.49523,125.82096,294.42596,1581.9995,68.924095,251.4347,,650.2054,0.24826032,17.268465,,34.272842,1.3897479,7.0034,14.719736,176.00536,1.2575417,5.6197367,6.482795,,376.24146,26.042784,1.1774819,838.9649,584.64746,72.199196,0.6215896,1139.627,,2.7987902,1.4149992,1.8208606,49.71274,,4.686694,10.00119,25.158741,394.14413,0.361995,0.10094955,24.923084,0.0,0.29662088,1.8850987,17.64353,2.6533034,18.727766,0.96184564,,1.6031862,4.739765,,4.167683,0.27469796,1.5650173,2287.245,5.135398,16.872095,76.21504,1010.35187,2.8078227,1383.4888,136.66281,1.2542834,13.020881,125.01452,110.42461,,8721.782,0.0,17.235344,3.95485,5.0202804,1.4642682,0.24340522,3.4888558,40.189198,87.11823,45.351475,334.13553,258.1227,0.52893025,7.719059,12.510089,0.7205831,6.5065436,21.21879,17.729126,188.32126,,2.5070949,16.963207,54.78984,5.5007334,1.2018272,43.947247,,1029.561,25.954918,,381.86328,,,8.414633,0.7962983,1.620746,184.12817
2012,,8462.464,76.469376,,431.92395,7.8066044,7.736302,1.0317416,545.31537,51.561157,0.18378614,0.17790219,165.74982,728.3662,0.81926465,4.337515,8.490426,6.5512304,29.28788,24.17153,51.934357,1411.8109,65.31703,10.46585,0.0,5.8578444,0.5450128,18.053865,,5797.114,5.9280562,3569.1265,0.34648135,0.20002683,6.535718,14.125305,429.15005,64.201355,695.2121,255.52388,862.0913,65.870834,4.29716,6.9683723,68.31711,,,0.8580723,5.9006376,0.21503678,64.75277,75.2119,0.107297845,2.7804234,15.026763,5.4456034,10.749133,9395.989,26404.146,0.11697567,34.401546,78.251526,0.09235353,143.61911,0.14674094,,10.233403,0.22201206,241.35187,90.7786,,128.75426,,149.91946,71.029564,17.78142,0.43445635,280.1617,42.34031,,107.196075,0.24996324,29.971035,1469.889,382.91837,10.941227,6.1393313,1.1140443,0.15216945,95.66769,2217.2263,,17.429523,0.10738207,50.641457,31.144835,0.13523202,20.611212,20.383562,61.265465,93.78331,30.277933,21.251276,1.1189611,35.63054,122.42711,288.40228,535.7364,84.6856,328.51474,,626.94086,0.24577717,16.296705,,32.536484,,7.177282,14.393459,176.53331,1.274377,5.687385,7.223189,,373.9972,884.1756,1.1720141,833.4355,639.5747,75.51522,0.6368681,932.48615,,4.421436,1.7377934,1.763149,49.985054,,4.6196704,10.225276,25.858753,560.53815,0.37835813,0.0996323,27.60495,,0.43067473,1.7479048,23.97009,2.8463042,17.620762,0.9772847,,2.1283453,4.282592,,4.4661736,0.30438057,1.7127321,2251.6926,6.4495087,13.899878,76.64163,898.9646,2.9967725,1540.8588,140.61832,1.2090653,10.459831,94.50353,133.6773,,9122.014,808.8975,16.362984,2.4882696,4.2739177,1.5584501,0.22060035,5.2497177,30.131071,3203.0693,43.54317,300.3102,220.86421,0.5443855,8.3478,12.188932,0.7049135,10.234843,23.86356,17.421082,179.9974,0.0,2.3409336,16.273783,54.637463,5.036868,1.4045362,39.618057,,1209.162,27.759516,,376.42126,,0.0,9.080789,0.7679068,1.609266,159.80736
2013,,8084.326,39.26527,,347.50656,6.647168,1.0725434,0.89473474,410.43262,56.770443,0.116197646,0.058952454,113.715546,695.7907,0.6809867,2.7453978,8.917566,6.2095876,25.810076,21.79436,54.887493,741.84607,46.352383,10.830272,,5.5604377,0.49476445,22.688885,,4350.8594,7.707806,5446.595,0.2663386,0.13595018,3.3244746,14.149374,357.7728,53.31183,659.13043,241.79018,859.58264,73.11086,4.294937,9.817324,65.96648,21.456333,10.225297,0.84466666,9.361475,0.20236525,75.850426,58.795692,0.106850296,2.9233346,9.483479,4.4979696,13.430738,10025.153,25468.043,0.1195039,26.481121,78.331955,0.0919277,121.02244,0.14288436,,9.409005,0.21742713,178.17726,76.85625,,130.08545,,160.75482,72.052734,14.559284,0.80236816,290.75146,43.022385,,106.663826,0.33038145,37.112133,1172.8022,378.03384,12.316287,5.7748127,0.85134655,0.15136163,93.3424,1137.8639,0.0,13.239788,0.10551678,53.921253,20.295773,0.12057282,12.041123,19.072264,39.656433,90.55906,18.445808,25.482035,0.98859286,27.681522,117.01028,66.31913,392.55112,52.31071,410.0819,,576.2207,0.48626095,7.335148,,11.326356,0.0,3.8179717,14.094035,64.83332,1.2360381,7.4985566,7.9395947,9.862711,80.56505,875.231,1.1669782,954.17554,85.5971,72.02249,0.20357971,916.8728,,5.5771236,1.9985378,1.5841311,50.52153,,3.6393287,17.217949,25.568813,783.8746,0.34773248,0.29526827,29.351217,,0.33678675,0.52166,23.06111,2.58801,15.970268,0.7033952,0.0,2.6376963,3.732429,,4.591492,0.2581685,1.5211167,2225.4727,0.73795295,11.618452,51.388584,756.69727,2.051606,1717.4047,144.52051,1.1326524,10.084847,79.01333,156.93506,,8716.355,1025.1221,16.049038,2.9875717,5.932994,1.312941,0.18748789,9.115045,23.504524,11392.126,44.54343,355.1071,141.39145,0.31498268,7.9958787,8.452106,0.6904307,14.940286,23.78495,12.197787,87.11434,,2.115757,23.10889,11.173557,4.3045015,1.4854234,16.663265,,1419.2462,28.068819,,346.80164,,0.0,8.231855,0.77543783,1.4936035,140.71118
2014,,7917.2275,34.859104,,349.75488,6.7792015,1.0198036,0.72285116,405.10767,59.695442,0.11442812,0.0584945,109.10447,671.09644,0.67795926,2.9918382,10.164862,6.880008,22.759209,26.202396,56.498356,613.858,45.35136,12.03666,,5.475215,0.48829216,29.458784,,3223.4834,10.773218,8912.207,0.2497596,0.19535452,3.1963382,15.187341,293.36993,48.681103,659.1117,291.36514,773.7307,81.51655,5.2699995,8.684478,66.42873,21.206852,9.970256,0.8320811,12.560349,0.2089066,86.764,49.72509,0.19490431,3.3735566,8.950381,5.032701,16.301876,11730.575,24646.682,0.12842414,25.866194,85.898705,0.091546826,101.02562,0.12984505,,9.047715,0.21120492,176.30212,78.86856,,132.89554,0.0,236.63281,75.008934,12.001466,0.99144703,283.84204,47.743473,,92.80976,0.3415533,45.867172,950.85065,358.1041,12.815778,5.559775,0.7948778,0.15027148,100.85882,1012.20087,0.0,12.244888,0.10385043,60.20569,19.461504,0.20158981,12.454897,18.557508,41.520283,84.861946,4.3350472,42.45203,0.9458032,26.57014,111.52932,67.14991,297.11026,65.1444,528.8696,,566.1504,0.7691971,6.204889,,10.3302,0.81925845,4.4525933,13.829346,66.71224,1.1266192,7.7365136,8.90935,10.037137,87.694626,772.7355,,945.1274,95.18877,74.21797,0.21327358,886.13495,,7.043311,2.1418,1.4920446,54.0624,,3.788526,48.917435,26.044703,1004.4643,0.36993358,0.29197666,30.868332,,0.3095307,0.62461835,156.79068,2.132525,14.387785,0.63603956,,3.3437204,3.4130306,,5.0095744,0.28828958,1.4333211,2201.3018,1.0367936,9.600274,48.68152,698.61584,2.1242752,1715.3503,163.29729,1.0077138,11.346782,72.53812,177.96666,,8294.391,5484.665,12.196362,2.954569,5.8353853,1.2145385,0.18563518,13.288686,21.975292,19175.076,42.763065,339.96115,124.06896,0.3175898,8.569164,7.7362614,1.0999118,17.819126,26.105894,13.091727,81.86205,,1.67423,19.719448,516.8691,3.5455256,1.5412451,15.84886,,1614.058,26.472462,,341.86456,,0.0,8.67787,0.75906324,1.9439684,158.2137
2015,,7881.0366,42.10201,,358.92767,6.9256873,1.0490358,0.4278123,383.7834,62.62511,0.08769,0.0,99.52979,2649.9014,0.5853486,3.5209157,11.433905,7.625648,17.610552,30.810656,56.05221,533.2608,43.394905,13.470243,,5.138584,0.44279045,34.0503,0.0,2391.095,13.88841,10176.285,0.20299071,0.19314481,3.0696552,15.250038,281.65262,46.412186,668.20935,289.7844,724.1142,75.686165,5.2692695,7.7624846,60.54952,21.005756,9.729993,0.0,12.162192,0.18640909,103.791374,49.69544,0.19353597,3.660818,8.670767,6.1845927,18.001486,13119.334,23968.395,0.12852456,23.962027,82.643074,0.18249111,96.56156,0.13863999,0.0,8.525274,0.19577222,171.56482,80.01792,,144.42839,0.0,380.88943,82.397545,9.766666,1.0257925,235.41516,64.38871,,66.94931,0.44797936,74.123344,799.5732,330.33524,14.706464,5.3273644,0.7441128,0.10632649,102.82093,703.09436,0.0,9.772858,0.113907784,66.26141,19.235746,0.10999729,12.513703,16.781157,41.62032,81.94196,0.0,53.069542,0.6786455,28.061281,108.19438,67.254074,214.01732,93.03679,577.9818,,558.79956,0.7602344,4.9212413,,9.4545965,0.8036195,5.0855894,13.592497,69.63441,1.1208689,9.108638,9.366303,10.241075,89.32692,829.3541,0.0,884.3459,102.8425,73.84443,0.20717523,873.83655,,7.8156257,2.5108883,1.3927667,53.57357,,6.9359827,88.095314,23.888443,998.3361,0.37410647,0.19268651,32.529903,,0.34676808,0.86023605,137.09088,1.5656431,11.790161,0.5526384,,3.8315284,3.3920174,,4.2775555,0.27000278,1.4287788,2167.6792,0.86514455,8.71118,46.114582,2460.1062,2.288578,1566.743,145.73091,0.9049212,11.103761,69.62541,238.9841,,8134.6167,7010.733,11.981548,3.266659,5.996002,1.0194442,0.18368316,18.638073,17.716114,25087.941,38.217953,101.86633,114.49526,0.2962825,9.139458,7.1752944,1.5765895,20.733202,25.81882,13.628865,74.41802,,1.5570648,16.815233,701.9759,2.4940455,1.4791807,13.64907,,1704.1365,24.383488,,337.36374,,0.0,51.031185,0.78803265,2.036698,148.1491
2016,,7208.654,28.742691,,381.65988,0.0,1.140532,0.27334657,366.82935,91.13136,0.061652374,0.0,102.52893,3630.6553,0.38825676,4.0947714,12.16456,8.60757,11.210202,32.24658,76.79225,523.8703,40.33028,15.902741,,4.7405996,0.39514196,51.501408,0.0,1572.0479,11.857969,10413.96,0.20905916,0.059702184,2.7097712,14.797736,180.1157,44.103043,640.1822,254.49278,655.7237,77.11545,1.9510063,4.1503983,52.726814,20.859781,9.505553,0.0,12.020571,0.080956884,138.48466,28.72449,0.0,3.4023824,9.069608,6.3071256,19.471771,14633.309,23345.568,0.07275409,23.026941,78.672646,0.09098406,86.05618,0.07682043,,7.951207,0.11837308,168.90552,52.89076,,145.24936,,507.44928,90.07052,8.685897,0.937311,86.84551,77.13556,,35.230038,0.20248364,111.650826,634.14465,278.04062,29.651815,4.9337287,0.54228437,0.0,112.27717,821.5728,0.0,5.931786,0.08102106,71.105255,19.177786,0.04167979,12.884184,15.633672,42.08917,78.39623,,104.03618,0.4737042,25.299852,104.63467,74.63158,137.90038,133.15482,565.32556,,536.1383,0.23469506,2.579198,,8.418956,0.78824943,6.3957133,13.404467,71.5301,1.1187761,13.083219,8.49643,10.475592,88.208244,815.0309,,952.0892,114.21779,75.04567,0.17558551,887.3516,,8.20556,2.4319758,1.4249902,55.87854,,5.9461203,117.31767,22.606705,1052.0487,0.18599576,0.19098644,29.91901,,0.53024876,0.79710674,47.8875,0.81904453,8.420133,0.3991166,,4.474589,3.0290153,,5.5217605,0.19330437,1.0881517,2110.931,0.9617671,6.0423574,43.05088,2400.022,3.0503483,1576.3274,153.34047,0.6812556,10.718809,64.92408,316.362,,7055.114,13265.86,15.218309,2.7221763,14.592994,0.9702243,0.13100506,19.486462,9.104483,28782.736,36.513485,93.78979,105.56995,0.20745179,10.512516,5.833296,1.5468358,23.688599,20.528437,14.633077,70.928986,,1.075728,16.054474,524.06537,0.6806186,0.09174328,12.22328,,1255.112,24.517548,,350.36234,,0.0,57.38885,0.78938794,1.5135008,124.2509
2017,,7353.16,27.425318,,419.84027,0.0,1.4835944,0.27320617,370.02145,109.41282,0.04043501,0.11365213,109.2741,3817.9282,0.45707926,4.7509184,13.541491,10.346136,10.119223,33.535694,96.799965,515.9414,38.438076,17.148293,,4.583682,0.41572335,61.389763,0.0,1054.4275,12.308376,11380.236,0.2037573,0.05914619,2.6564121,14.70707,149.65936,45.721657,712.88556,248.45763,398.15234,79.29459,0.9748508,3.9689188,47.395836,20.768433,9.293536,0.0,12.066773,0.07941855,166.94412,37.94845,0.0,4.0030575,9.645161,7.4644165,21.318073,15433.491,22767.236,0.08321137,21.860744,79.73995,0.09077049,79.890114,0.082714535,,10.014363,0.12809987,172.29742,56.514244,,164.16554,0.0,621.811,99.62314,8.128515,0.98572266,89.21766,98.289635,0.0,33.83289,0.14775237,150.43579,609.6542,262.7531,34.09088,4.6699667,0.582941,0.0,139.53137,921.6074,1.4554473,5.608843,0.08610652,78.983864,20.705032,0.034628034,12.899468,15.380782,44.54878,76.138336,,108.33776,0.46420145,26.403921,100.539314,86.05339,124.543015,166.27661,564.21246,,523.5172,0.27814904,2.580128,,8.339343,0.0,8.714567,13.2626,73.24252,1.090025,13.964744,9.464339,15.039533,85.16769,758.6175,0.0,2229.0073,113.52788,71.73756,0.17041583,867.45294,,10.0724125,2.4058032,1.6689516,54.57039,,6.358626,119.33659,23.225863,1053.7992,0.22523335,0.2842628,30.041492,,0.70645696,0.85952365,57.738033,0.8783264,8.261867,0.4115809,0.0,4.423276,2.9355667,,4.5550127,0.15487611,1.2147682,2100.6814,1.1452993,6.1454372,42.126923,2122.4773,3.960055,1626.0499,171.78674,0.85651773,8.312952,60.92719,416.4455,,6612.6597,23782.555,14.976858,2.8633025,16.796358,0.8242784,0.13919456,19.944777,8.893394,32825.0,35.06048,104.49501,100.71815,0.23046596,15.067232,5.6092877,1.0385784,32.26633,21.449354,15.6731415,73.88094,,1.176938,15.95176,307.20328,0.35414484,0.093315974,10.701096,,1240.6079,30.335022,,350.99243,0.0,0.0,71.18266,0.799859,1.4907122,117.6035
2018,,7297.3467,26.337852,,466.86008,,1.8080919,0.25081247,379.38522,117.65741,0.03980939,0.27144244,112.01438,3270.3894,0.4374986,5.321662,56.007626,12.855676,8.825943,36.056873,107.20161,500.62018,37.19397,17.883818,,4.3620424,0.5036213,75.16413,,934.4982,12.569868,12111.064,0.21718732,0.05871066,2.5353057,14.942753,139.51265,181.88065,799.91205,243.54712,282.68134,80.87123,1.9477307,4.175228,48.881653,19.274189,9.096147,0.55085886,11.716824,0.07316912,198.1554,52.789795,0.0,4.377647,9.836482,8.352131,23.513918,15887.807,22212.291,0.09767944,21.256123,81.86455,0.090649836,73.59475,0.090049475,,15.458885,0.12583804,184.01105,58.983093,,184.91472,0.0,718.3182,106.28629,8.661089,0.9971255,82.971054,113.54835,0.0,35.75205,0.14723223,193.10391,598.9016,251.01317,40.1764,4.500062,0.69733655,0.0,150.88716,924.6894,1.4169925,5.7813883,0.11447058,86.80534,23.226229,0.033093423,13.3102865,14.898289,46.264957,74.58898,,123.32029,0.53058726,28.935633,97.404015,93.91523,111.391365,202.4804,578.9914,,512.0856,0.27477422,2.3550527,0.0,7.885511,0.0,10.806434,13.096205,76.00406,1.0838362,15.641315,10.331233,15.450151,89.648026,774.22345,1.0318639,2190.7397,116.109505,70.997574,0.19642542,854.1423,,12.103945,2.547484,2.4824555,51.64265,,12.236303,135.08133,26.109074,1052.6316,0.23534429,0.09413092,30.591509,,0.6937586,0.91346484,58.277287,1.0556977,8.08525,0.4768635,,4.5132704,2.8372638,,3.0735233,0.19369794,1.1357657,2076.612,1.0865061,5.8934965,41.970184,1981.6544,4.9135327,1638.6553,114.41142,0.8164184,4.6537275,64.14662,523.5214,,6145.528,22575.371,14.747999,3.6696084,22.376425,0.9181033,0.15724197,20.2749,13.03747,33989.3,33.670033,67.43401,97.21773,0.25638843,18.211424,6.8664775,0.9404669,30.3059,21.964989,16.87134,81.61963,,1.2587675,16.92255,206.26025,0.20621362,0.09908777,10.119391,,1198.7916,70.60953,,347.54086,0.0,0.0,91.37402,0.8223432,1.4799505,103.88137
2019,,7205.0586,25.253561,,520.86456,,1.65283,0.22012979,377.48257,128.04097,0.07848457,0.2026827,114.98956,3108.0332,0.29589343,5.6652284,55.97283,13.80485,8.114153,37.491375,126.93699,494.869,36.29941,18.920103,,4.403933,0.67436165,86.410446,0.0,894.1856,9.776671,12339.495,0.18791553,0.058291875,2.5315468,14.953281,139.57713,259.70654,863.90106,226.87877,379.20584,83.65307,1.9450864,4.120372,59.136753,18.464298,8.909215,0.0,11.047031,0.0825762,215.94363,73.63662,0.08599017,5.0119133,10.426254,9.48096,25.49065,15563.883,21711.951,0.107515275,20.650848,80.75783,0.0,64.5968,0.07606939,,19.402824,0.1028148,198.03926,58.965527,,206.04788,,725.035,106.36762,9.340288,0.88631135,68.96849,133.12828,0.0,35.162964,0.06679298,265.00363,596.8636,240.73483,41.011852,4.418154,0.8485776,0.0,148.1856,816.3541,1.386159,5.2209272,0.12639253,89.57682,21.626904,0.030781513,14.352232,15.0479965,45.62648,72.72482,,121.338554,0.3477062,29.264772,93.35922,97.45278,106.36993,230.65613,474.4618,0.0,492.36182,0.27156523,2.182424,0.8062345,7.5224614,0.0,12.819342,13.112691,77.97437,1.0560051,15.37714,11.625838,15.898252,94.01136,780.6286,0.99203,2045.6141,107.737656,73.14089,0.2576597,837.63196,,13.838474,2.701602,2.7092824,17.317493,,13.347705,141.09703,67.492744,1047.409,0.3136136,0.09349756,28.274729,0.0,0.6814433,0.91478395,59.31606,1.0626496,8.520985,0.49997887,,4.943275,2.5140033,,2.911171,0.24170427,1.2893206,1941.4564,1.2866669,6.932785,42.55217,1928.6555,5.647658,1613.1929,105.228874,0.68788385,4.669329,68.39115,672.0327,,5624.0894,21440.307,13.120592,2.806304,24.639368,0.91195416,0.12646997,18.984901,12.748381,32501.719,32.41416,66.90351,94.93009,0.24188273,20.850014,7.025338,1.3067414,30.2778,20.67482,17.414614,97.51789,,1.1744847,16.979214,133.11253,0.44153932,0.087924436,9.758924,0.0,939.6926,322.20157,,325.64444,0.0,0.0,104.01745,0.7400834,1.3989536,65.77665
2020,,6641.656,24.501408,0.0,540.50385,0.0,1.9156421,0.21906552,357.4674,117.565094,0.07768865,0.201762,996.5688,2955.931,0.24263217,4.6365123,73.067764,11.394002,7.355427,36.006126,134.8914,472.15332,33.568806,17.399359,,4.5276437,0.74187374,81.6454,0.0,875.43976,8.073055,12775.182,0.17028232,0.057866473,3.4020593,12.296491,129.7749,299.42505,875.4995,218.85025,375.00693,93.24683,0.9714718,4.131638,79.739815,18.915955,7.277703,0.0,10.540155,0.084899075,218.8758,81.37539,0.085740805,4.996231,10.378707,9.626094,24.290327,15943.295,21283.314,0.109061584,20.832159,127.33684,,56.39523,0.074349135,,19.54758,0.09205388,193.53581,43.41472,,200.37117,0.0,420.51178,81.36062,8.447525,0.841171,60.16175,141.40424,0.0,33.06559,0.20026061,340.48648,593.1022,228.11589,47.356472,4.74101,0.8839187,0.0,153.91324,791.13696,1.3637877,4.2384534,0.103483796,89.23446,22.880322,0.03166949,14.069314,14.213673,43.261375,70.921715,,115.148415,0.28153545,32.31711,90.72305,96.36294,100.88417,248.71536,407.268,0.0,632.3252,0.26836908,2.0745656,0.7928994,7.521886,0.0,12.210186,,71.87693,0.9256202,15.533918,12.143623,16.3827,84.18709,757.9867,0.9648561,2080.9456,87.18052,69.1932,0.2631264,824.56256,0.0,13.71538,2.631325,3.121906,16.747534,,79.48944,164.93752,132.53079,987.92535,0.28916922,0.09294933,25.83322,42.863266,0.6903496,1.0392478,56.714474,1.6304634,8.630094,0.41844636,,5.195735,2.3840084,,2.6361792,0.26035342,1.8020089,1975.5243,1.1771525,6.9253697,36.03302,1881.0963,6.463124,1683.7697,83.30347,0.6583453,4.969745,72.467094,732.0345,,4878.6636,20458.857,12.876523,2.7763262,25.077782,0.8085916,0.0772672,16.600515,8.312621,31843.664,31.52798,60.308792,88.86099,0.24287604,22.76058,7.1655555,0.8295307,29.322462,19.918625,13.66287,108.87229,,1.1218116,16.739716,78.68396,0.44131067,0.102817565,9.265662,0.0,716.6312,601.5733,,322.93088,0.0,0.0,89.75542,0.7826642,1.3221827,55.22678
2021,0.0,6782.028,33.021137,0.0,696.4737,0.0,1.6344784,0.2736565,426.95306,113.68804,0.06164179,0.25649452,385.73935,2496.127,0.25062996,5.4423094,91.87893,13.522697,6.6160436,27.700794,185.67993,560.53906,50.06827,20.487915,,4.5990033,0.93247306,93.91934,0.0,864.27234,5.0802684,14429.639,0.15603034,0.0,5.072901,11.933368,134.75153,466.1023,916.1884,241.8966,226.2085,204.11206,1.9355276,4.644277,103.7028,18.885843,7.130023,0.3795611,7.198014,0.070492305,232.50815,80.33084,0.13659397,5.7086453,13.411199,10.320966,24.782572,15279.902,20951.623,0.11521782,20.349165,122.09901,0.09023529,45.161106,0.057502966,,26.086273,0.11970068,257.46677,43.824066,,250.9242,0.0,428.64658,99.0363,9.551989,0.82234037,44.560226,153.00604,0.0,34.94857,1.282633,502.30902,460.75952,258.94556,47.930294,5.0448394,1.0062199,0.09943465,161.65079,798.40576,1.3417524,5.065457,0.10212734,85.2457,26.937504,0.031031353,16.197649,14.147159,44.498314,71.11924,0.0,100.457405,0.22565788,39.030003,90.9409,105.99621,102.370514,267.5476,255.96506,12.800164,665.6806,0.2653049,1.9323741,,6.4701133,0.0,14.571996,,72.4259,1.431406,15.49898,12.850166,16.913523,99.50792,819.1298,1.3349022,2205.265,103.17063,75.09711,0.28384185,829.568,,15.473247,2.5589526,3.4478328,15.690867,,89.38401,175.56458,166.16138,599.12854,0.32711872,0.09245422,23.847315,42.63665,0.64608413,1.1776655,55.448143,2.715509,10.619534,0.46065044,,5.063469,2.3317375,,2.012768,0.25021756,1.8700862,1997.3422,1.6696341,7.361743,47.002743,1858.586,6.9170523,1716.9601,87.85272,0.61302227,4.982992,81.721115,831.88666,,4496.2505,21744.943,2.703007,3.560418,26.199913,0.80435485,0.08640442,13.674811,11.382113,31665.234,30.931025,66.02434,89.93756,0.25234452,24.200073,7.938475,0.8147291,26.539278,19.156895,18.267645,121.14839,,1.1873231,17.168024,62.218613,1.324818,0.12523465,8.8016205,0.0,454.06815,705.4437,52.863903,14.787472,0.0,2.3387218,101.19484,1.0454842,1.3007808,51.331818
2022,0.0,13952.309,33.73366,35.20631,737.9013,6.2717943,1.9429637,0.4272384,516.0923,62.466343,0.1373994,0.45230508,409.0796,2407.4734,0.24051234,5.8941064,132.89772,14.13054,11.573629,20.346146,196.45723,607.401,126.432976,16.139404,,4.785895,1.3028609,81.820885,0.0,856.4247,3.319815,14679.059,0.4791189,0.09098995,7.671444,11.322503,82.73728,533.1822,910.8287,220.89098,210.70029,227.76558,3.8480039,5.4115067,132.69653,18.883194,6.982265,0.0,5.659025,0.19265938,150.03065,85.26935,0.0,6.402075,17.006252,17.981474,21.657236,15036.678,16004.684,0.12963013,3.3331037,119.31559,0.0,36.54446,0.098072626,0.0,31.759745,0.31827834,352.8266,45.096176,,250.75531,4.419005,405.76953,96.74501,20.01609,1.2004824,43.616585,169.53838,3.687328,30.427025,2.370775,619.1298,452.97824,263.45657,20.166645,4.217974,1.4611801,0.2544024,137.12375,652.2087,0.0,9.908666,0.2532745,65.44212,31.537981,0.05120099,18.298332,13.999366,47.399345,68.01645,0.0,47.07695,0.2549123,43.163612,88.01419,118.26981,95.955986,246.55984,52.57447,12.710357,648.75946,0.52490866,2.733479,0.7653276,5.954093,1.4197285,27.954086,,157.86256,1.6230106,15.645391,13.711665,,101.18267,978.3275,0.0,2328.2974,99.56902,71.26371,0.33378,757.3974,,16.299229,2.4260125,3.9169352,10.9701185,,86.702034,175.27153,239.01067,596.5293,0.31277192,0.09162886,24.66395,42.29403,0.9353569,1.2472969,46.09179,3.181258,12.011793,0.5141959,28.11516,5.97853,2.5295856,,1.014097,0.5279794,2.0560732,1965.8928,1.382903,20.655535,55.01653,1829.489,6.035676,1695.2842,74.261665,0.58408237,5.6332617,83.836655,933.40845,,4419.187,20824.295,4.860525,5.616427,10.396121,0.33093312,0.21931215,10.419051,7.16943,29203.318,41.42231,69.416306,86.59212,0.29274282,28.981869,30.981174,0.43818042,28.557014,19.787115,22.204184,107.44159,,1.2207971,15.993586,13847.375,2.4182277,0.38854107,12.441701,0.0,133.25104,816.61957,52.156677,17.563087,1.5971328,3.7162633,104.958084,1.256845,1.4687687,43.61176
2023,,15446.045,31.308922,0.0,779.5751,0.0,2.151833,0.6587846,512.0612,71.787506,0.109636165,0.2519048,1532.2233,2336.521,0.4524929,6.41342,238.29381,14.070347,5.7829795,19.367079,267.11594,606.5169,165.33052,17.513475,7.7254677,3.82223,1.7988002,105.543884,0.0,848.94696,6.0477967,14734.586,0.5674431,0.0,9.669953,11.286848,83.40592,390.15335,924.6502,223.52007,220.77687,257.99927,3.6375122,4.0544305,168.42209,4.3141336,,0.37175247,5.8928437,0.24719618,159.59047,109.72329,0.0,7.8190713,16.525785,23.6039,20.220757,16132.13,15692.369,0.11688197,4.3885474,123.04135,0.0,22.398962,0.0752572,,34.85204,0.30575266,385.9494,41.05018,,267.84967,4.5150566,300.499,86.33088,21.054842,0.99581075,59.78103,187.64302,9.2284975,30.011242,4.7025704,792.52386,451.2037,1049.5383,22.16495,4.180802,1.760624,0.0,167.48059,729.9543,0.0,9.236941,0.20840529,74.93525,34.775097,0.038594224,18.666895,14.463577,46.99214,66.71303,0.0,44.8881,0.2067683,47.03664,85.46639,128.03339,88.07517,245.80945,65.25704,,632.6025,0.5191488,2.2073476,0.75176555,7.3310704,2.1010876,23.406023,,174.20523,1.7886945,13.307757,16.85605,0.0,105.79758,1047.7708,0.0,2370.8403,99.59704,69.72736,0.34785026,747.2859,0.0,19.236944,2.5160534,2.8440232,15.085542,,94.778786,180.05208,373.45285,325.90982,0.37031865,0.3080175,24.344482,58.82353,0.7539383,1.8814613,38.162537,5.2256703,13.957495,0.5614007,28.167427,4.3504887,2.404364,0.0,0.9046795,0.43141735,2.2647078,759.1879,1.9469059,9.545737,59.22353,1791.1533,6.2830143,2991.2854,65.96018,0.63913304,4.4999213,87.996925,1087.7501,,4586.145,19963.494,4.7643385,6.678412,11.380817,0.330439,0.21797863,10.402216,7.8148813,26937.346,41.106857,52.776855,85.49768,0.3096129,35.80432,25.093569,0.0,39.19207,23.354258,22.950003,146.3702,0.0,1.4035329,17.202187,15796.222,2.744915,0.3578111,12.45361,,154.93777,1228.5669,,18.27464,1.5604422,7.3843994,121.88379,1.453829,1.5634072,45.597443
2024,,13521.446,33.11262,0.0,783.557,6.100909,2.3668885,1.0154028,535.77136,97.03355,0.11604747,0.36180976,1481.6704,2295.4646,0.7922472,7.3568454,637.3196,16.405054,7.3693867,17.98316,361.0927,847.6242,195.47968,24.935444,7.732756,4.9301887,2.392469,146.91513,0.0,939.0674,9.876465,13009.346,0.7775066,0.05604138,24.331165,10.819537,92.19575,377.23166,970.07983,222.80229,147.06061,267.9338,2.6672864,6.159953,217.35406,4.313087,,0.73622143,9.845511,0.4115799,175.83249,132.87833,0.26767415,9.450838,18.797674,27.652979,20.367561,15592.67,29563.686,0.3631769,9.260974,124.502716,0.08901056,26.70112,0.20887013,0.0,37.338226,0.60313994,434.7543,43.79649,,285.30417,4.5319676,294.92764,86.31028,22.509634,0.9653842,85.31113,197.33934,10.695603,37.661293,3.2367198,932.67834,461.66452,1259.301,20.504055,3.2354112,2.7088037,1.2940018,172.73114,663.5092,0.0,13.923489,0.4431872,89.88505,43.192673,0.044443354,20.002356,20.725481,47.31413,65.04976,3.7168918,57.609833,0.2745681,61.181377,84.37772,164.21051,90.6141,233.50403,89.012024,,636.4084,1.0695517,3.8823242,0.74289566,9.56261,2.0825524,27.858908,,205.47176,1.889569,14.399366,29.98678,0.0,110.421715,1446.4677,1.8531834,2426.6072,119.50238,71.96002,0.32917756,737.2418,0.0,20.689585,2.6321516,3.4001102,21.319239,0.0,163.20775,200.96529,434.0574,271.59152,0.7460746,0.39450166,26.440882,41.778076,0.997326,2.234196,34.329323,7.3744745,18.876112,0.6776374,,4.7652774,3.9647934,0.0,1.0679716,1.0551264,2.4534028,795.2219,2.1322458,15.350961,66.889046,1747.1731,6.866346,4151.469,69.976265,0.77155375,5.3710546,93.05685,1132.2621,,4703.255,19178.96,2.1227095,7.8809905,12.057909,0.8023819,0.9239188,12.069239,7.666595,24124.404,30.066792,72.00801,133.31248,0.4185968,38.193058,34.425274,0.35698017,40.310196,31.436989,29.265862,159.63637,0.0,1.8363434,20.747738,13523.523,3.8682058,1.1591465,14.168693,,184.83554,1303.1576,0.0,19.765776,1.5253855,3.669203,126.54752,1.834169,1.5810491,48.045113
